[0m21:30:21.330065 [debug] [MainThread]: Got an exception trying to initialize tracking


============================== 21:30:21.367215 | 7e032a7e-6a6f-4a78-b643-f3650fc68926 ==============================
[0m21:30:21.367215 [info ] [MainThread]: Running with dbt=1.9.0
[0m21:30:21.368441 [debug] [MainThread]: running dbt with arguments {'printer_width': '80', 'indirect_selection': 'eager', 'log_cache_events': 'False', 'write_json': 'True', 'partial_parse': 'True', 'cache_selected_only': 'False', 'warn_error': 'None', 'debug': 'False', 'fail_fast': 'False', 'log_path': 'c:\\Users\\ADMIN\\dbt_core\\medical_project\\logs', 'profiles_dir': 'C:\\Users\\ADMIN\\.dbt', 'version_check': 'True', 'use_colors': 'True', 'use_experimental_parser': 'False', 'no_print': 'None', 'quiet': 'False', 'empty': 'None', 'log_format': 'default', 'invocation_command': 'dbt ', 'introspect': 'True', 'warn_error_options': 'WarnErrorOptions(include=[], exclude=[])', 'target_path': 'None', 'static_parser': 'True', 'send_anonymous_usage_stats': 'True'}
[0m21:30:21.564080 [info ] [MainThread]: Warning: No packages were found in packages.yml
[0m21:30:21.566095 [info ] [MainThread]: Warning: No packages were found in packages.yml
[0m21:30:21.568089 [debug] [MainThread]: Command `cli deps` succeeded at 21:30:21.568089 after 0.33 seconds
[0m21:30:21.568089 [debug] [MainThread]: Flushing usage events
[0m21:33:36.847897 [debug] [MainThread]: Got an exception trying to initialize tracking


============================== 21:33:36.891700 | 36e9c935-ba77-41fa-8fc3-21ffef5b4b76 ==============================
[0m21:33:36.891700 [info ] [MainThread]: Running with dbt=1.9.0
[0m21:33:36.893712 [debug] [MainThread]: running dbt with arguments {'printer_width': '80', 'indirect_selection': 'eager', 'write_json': 'True', 'log_cache_events': 'False', 'partial_parse': 'True', 'cache_selected_only': 'False', 'profiles_dir': 'C:\\Users\\ADMIN\\.dbt', 'version_check': 'True', 'debug': 'False', 'log_path': 'C:\\Users\\ADMIN\\dbt_core\\medical_project\\logs', 'fail_fast': 'False', 'warn_error': 'None', 'use_colors': 'True', 'use_experimental_parser': 'False', 'no_print': 'None', 'quiet': 'False', 'empty': 'False', 'warn_error_options': 'WarnErrorOptions(include=[], exclude=[])', 'static_parser': 'True', 'invocation_command': 'dbt run', 'introspect': 'True', 'target_path': 'None', 'log_format': 'default', 'send_anonymous_usage_stats': 'True'}
[0m21:33:37.771991 [info ] [MainThread]: Registered adapter: snowflake=1.9.4
[0m21:33:38.463911 [debug] [MainThread]: checksum: c99e828bba267739642b5a3ce85f17518764ea526e0e6c4fdc649171c1a66bff, vars: {}, profile: , target: , version: 1.9.0
[0m21:33:38.465929 [info ] [MainThread]: Unable to do partial parsing because saved manifest not found. Starting full parse.
[0m21:33:43.487618 [debug] [MainThread]: Wrote artifact WritableManifest to C:\Users\ADMIN\dbt_core\medical_project\target\manifest.json
[0m21:33:43.539103 [debug] [MainThread]: Wrote artifact SemanticManifest to C:\Users\ADMIN\dbt_core\medical_project\target\semantic_manifest.json
[0m21:33:43.587528 [info ] [MainThread]: Found 17 models, 2 snapshots, 24 data tests, 3 seeds, 5 sources, 483 macros
[0m21:33:43.593884 [info ] [MainThread]: 
[0m21:33:43.594891 [info ] [MainThread]: Concurrency: 3 threads (target='dev')
[0m21:33:43.596470 [info ] [MainThread]: 
[0m21:33:43.598672 [debug] [MainThread]: Acquiring new snowflake connection 'master'
[0m21:33:43.612819 [debug] [ThreadPool]: Acquiring new snowflake connection 'list_MEDICAL_DB'
[0m21:33:43.614607 [debug] [ThreadPool]: Acquiring new snowflake connection 'list_MEDICAL_DB'
[0m21:33:43.637892 [debug] [ThreadPool]: Acquiring new snowflake connection 'list_MEDICAL_DB'
[0m21:33:46.782878 [debug] [MainThread]: Got an exception trying to initialize tracking


============================== 21:33:46.830315 | 77c6030b-5994-4f83-be56-011b29d0163b ==============================
[0m21:33:46.830315 [info ] [MainThread]: Running with dbt=1.9.0
[0m21:33:46.832838 [debug] [MainThread]: running dbt with arguments {'printer_width': '80', 'indirect_selection': 'eager', 'log_cache_events': 'False', 'write_json': 'True', 'partial_parse': 'True', 'cache_selected_only': 'False', 'profiles_dir': 'C:\\Users\\ADMIN\\.dbt', 'fail_fast': 'False', 'warn_error': 'None', 'log_path': 'c:\\Users\\ADMIN\\dbt_core\\medical_project\\logs', 'debug': 'False', 'version_check': 'True', 'use_colors': 'True', 'use_experimental_parser': 'False', 'no_print': 'None', 'quiet': 'False', 'empty': 'None', 'log_format': 'default', 'static_parser': 'True', 'invocation_command': 'dbt ', 'introspect': 'True', 'target_path': 'None', 'warn_error_options': 'WarnErrorOptions(include=[], exclude=[])', 'send_anonymous_usage_stats': 'True'}
[0m21:33:47.097168 [info ] [MainThread]: Warning: No packages were found in packages.yml
[0m21:33:47.099165 [info ] [MainThread]: Warning: No packages were found in packages.yml
[0m21:33:47.101810 [debug] [MainThread]: Command `cli deps` succeeded at 21:33:47.100300 after 0.42 seconds
[0m21:33:47.102819 [debug] [MainThread]: Flushing usage events
[0m21:33:48.041918 [debug] [ThreadPool]: Using snowflake connection "list_MEDICAL_DB"
[0m21:33:48.042437 [debug] [ThreadPool]: Using snowflake connection "list_MEDICAL_DB"
[0m21:33:48.042437 [debug] [ThreadPool]: Using snowflake connection "list_MEDICAL_DB"
[0m21:33:48.043951 [debug] [ThreadPool]: On list_MEDICAL_DB: /* {"app": "dbt", "dbt_version": "1.9.0", "profile_name": "medical_project", "target_name": "dev", "connection_name": "list_MEDICAL_DB"} */
show terse schemas in database MEDICAL_DB
    limit 10000
[0m21:33:48.044967 [debug] [ThreadPool]: On list_MEDICAL_DB: /* {"app": "dbt", "dbt_version": "1.9.0", "profile_name": "medical_project", "target_name": "dev", "connection_name": "list_MEDICAL_DB"} */
show terse schemas in database MEDICAL_DB
    limit 10000
[0m21:33:48.045984 [debug] [ThreadPool]: On list_MEDICAL_DB: /* {"app": "dbt", "dbt_version": "1.9.0", "profile_name": "medical_project", "target_name": "dev", "connection_name": "list_MEDICAL_DB"} */
show terse schemas in database MEDICAL_DB
    limit 10000
[0m21:33:48.046976 [debug] [ThreadPool]: Opening a new connection, currently in state init
[0m21:33:48.047486 [debug] [ThreadPool]: Opening a new connection, currently in state init
[0m21:33:48.048495 [debug] [ThreadPool]: Opening a new connection, currently in state init
[0m21:33:49.003932 [debug] [ThreadPool]: SQL status: SUCCESS 4 in 0.956 seconds
[0m21:33:49.003932 [debug] [ThreadPool]: SQL status: SUCCESS 4 in 0.956 seconds
[0m21:33:49.065935 [debug] [ThreadPool]: SQL status: SUCCESS 4 in 1.018 seconds
[0m21:33:49.068935 [debug] [ThreadPool]: Re-using an available connection from the pool (formerly list_MEDICAL_DB, now create_MEDICAL_DB_gold)
[0m21:33:49.068935 [debug] [ThreadPool]: Re-using an available connection from the pool (formerly list_MEDICAL_DB, now create_MEDICAL_DB_bronze)
[0m21:33:49.069934 [debug] [ThreadPool]: Re-using an available connection from the pool (formerly list_MEDICAL_DB, now create_MEDICAL_DB_silver)
[0m21:33:49.070938 [debug] [ThreadPool]: Creating schema "database: "MEDICAL_DB"
schema: "gold"
"
[0m21:33:49.071934 [debug] [ThreadPool]: Creating schema "database: "MEDICAL_DB"
schema: "bronze"
"
[0m21:33:49.073297 [debug] [ThreadPool]: Creating schema "database: "MEDICAL_DB"
schema: "silver"
"
[0m21:33:49.080093 [debug] [ThreadPool]: Using snowflake connection "create_MEDICAL_DB_gold"
[0m21:33:49.082609 [debug] [ThreadPool]: Using snowflake connection "create_MEDICAL_DB_bronze"
[0m21:33:49.086591 [debug] [ThreadPool]: Using snowflake connection "create_MEDICAL_DB_silver"
[0m21:33:49.086591 [debug] [ThreadPool]: On create_MEDICAL_DB_gold: /* {"app": "dbt", "dbt_version": "1.9.0", "profile_name": "medical_project", "target_name": "dev", "connection_name": "create_MEDICAL_DB_gold"} */
create schema if not exists MEDICAL_DB.gold
[0m21:33:49.087657 [debug] [ThreadPool]: On create_MEDICAL_DB_bronze: /* {"app": "dbt", "dbt_version": "1.9.0", "profile_name": "medical_project", "target_name": "dev", "connection_name": "create_MEDICAL_DB_bronze"} */
create schema if not exists MEDICAL_DB.bronze
[0m21:33:49.088651 [debug] [ThreadPool]: On create_MEDICAL_DB_silver: /* {"app": "dbt", "dbt_version": "1.9.0", "profile_name": "medical_project", "target_name": "dev", "connection_name": "create_MEDICAL_DB_silver"} */
create schema if not exists MEDICAL_DB.silver
[0m21:33:49.219057 [debug] [ThreadPool]: SQL status: SUCCESS 1 in 0.127 seconds
[0m21:33:49.230206 [debug] [ThreadPool]: SQL status: SUCCESS 1 in 0.141 seconds
[0m21:33:49.237169 [debug] [ThreadPool]: SQL status: SUCCESS 1 in 0.148 seconds
[0m21:33:49.243868 [debug] [ThreadPool]: Acquiring new snowflake connection 'list_MEDICAL_DB_gold'
[0m21:33:49.244880 [debug] [ThreadPool]: Acquiring new snowflake connection 'list_MEDICAL_DB_silver'
[0m21:33:49.263304 [debug] [ThreadPool]: Using snowflake connection "list_MEDICAL_DB_gold"
[0m21:33:49.267377 [debug] [ThreadPool]: Using snowflake connection "list_MEDICAL_DB_silver"
[0m21:33:49.267377 [debug] [ThreadPool]: Acquiring new snowflake connection 'list_MEDICAL_DB_bronze'
[0m21:33:49.268654 [debug] [ThreadPool]: On list_MEDICAL_DB_gold: /* {"app": "dbt", "dbt_version": "1.9.0", "profile_name": "medical_project", "target_name": "dev", "connection_name": "list_MEDICAL_DB_gold"} */
alter session set quoted_identifiers_ignore_case = false;
[0m21:33:49.269651 [debug] [ThreadPool]: On list_MEDICAL_DB_silver: /* {"app": "dbt", "dbt_version": "1.9.0", "profile_name": "medical_project", "target_name": "dev", "connection_name": "list_MEDICAL_DB_silver"} */
alter session set quoted_identifiers_ignore_case = false;
[0m21:33:49.272288 [debug] [ThreadPool]: Using snowflake connection "list_MEDICAL_DB_bronze"
[0m21:33:49.273794 [debug] [ThreadPool]: Opening a new connection, currently in state init
[0m21:33:49.274805 [debug] [ThreadPool]: Opening a new connection, currently in state init
[0m21:33:49.274805 [debug] [ThreadPool]: On list_MEDICAL_DB_bronze: /* {"app": "dbt", "dbt_version": "1.9.0", "profile_name": "medical_project", "target_name": "dev", "connection_name": "list_MEDICAL_DB_bronze"} */
alter session set quoted_identifiers_ignore_case = false;
[0m21:33:49.281725 [debug] [ThreadPool]: Opening a new connection, currently in state init
[0m21:33:49.542286 [debug] [ThreadPool]: SQL status: SUCCESS 1 in 0.269 seconds
[0m21:33:49.548814 [debug] [ThreadPool]: Using snowflake connection "list_MEDICAL_DB_gold"
[0m21:33:49.549823 [debug] [ThreadPool]: On list_MEDICAL_DB_gold: /* {"app": "dbt", "dbt_version": "1.9.0", "profile_name": "medical_project", "target_name": "dev", "connection_name": "list_MEDICAL_DB_gold"} */
show objects in MEDICAL_DB.gold
    limit 10000
    
;
[0m21:33:49.553184 [debug] [ThreadPool]: SQL status: SUCCESS 1 in 0.279 seconds
[0m21:33:49.556703 [debug] [ThreadPool]: Using snowflake connection "list_MEDICAL_DB_silver"
[0m21:33:49.556703 [debug] [ThreadPool]: On list_MEDICAL_DB_silver: /* {"app": "dbt", "dbt_version": "1.9.0", "profile_name": "medical_project", "target_name": "dev", "connection_name": "list_MEDICAL_DB_silver"} */
show objects in MEDICAL_DB.silver
    limit 10000
    
;
[0m21:33:49.613747 [debug] [ThreadPool]: SQL status: SUCCESS 0 in 0.063 seconds
[0m21:33:49.615765 [debug] [ThreadPool]: Using snowflake connection "list_MEDICAL_DB_gold"
[0m21:33:49.617766 [debug] [ThreadPool]: SQL status: SUCCESS 0 in 0.060 seconds
[0m21:33:49.617766 [debug] [ThreadPool]: On list_MEDICAL_DB_gold: /* {"app": "dbt", "dbt_version": "1.9.0", "profile_name": "medical_project", "target_name": "dev", "connection_name": "list_MEDICAL_DB_gold"} */
alter session unset quoted_identifiers_ignore_case;
[0m21:33:49.620765 [debug] [ThreadPool]: Using snowflake connection "list_MEDICAL_DB_silver"
[0m21:33:49.623409 [debug] [ThreadPool]: On list_MEDICAL_DB_silver: /* {"app": "dbt", "dbt_version": "1.9.0", "profile_name": "medical_project", "target_name": "dev", "connection_name": "list_MEDICAL_DB_silver"} */
alter session unset quoted_identifiers_ignore_case;
[0m21:33:49.681847 [debug] [ThreadPool]: SQL status: SUCCESS 1 in 0.061 seconds
[0m21:33:49.684873 [debug] [ThreadPool]: Re-using an available connection from the pool (formerly list_MEDICAL_DB_gold, now list_MEDICAL_DB_reference)
[0m21:33:49.689416 [debug] [ThreadPool]: Using snowflake connection "list_MEDICAL_DB_reference"
[0m21:33:49.690415 [debug] [ThreadPool]: On list_MEDICAL_DB_reference: /* {"app": "dbt", "dbt_version": "1.9.0", "profile_name": "medical_project", "target_name": "dev", "connection_name": "list_MEDICAL_DB_reference"} */
alter session set quoted_identifiers_ignore_case = false;
[0m21:33:49.695941 [debug] [ThreadPool]: SQL status: SUCCESS 1 in 0.414 seconds
[0m21:33:49.697940 [debug] [ThreadPool]: Using snowflake connection "list_MEDICAL_DB_bronze"
[0m21:33:49.698940 [debug] [ThreadPool]: On list_MEDICAL_DB_bronze: /* {"app": "dbt", "dbt_version": "1.9.0", "profile_name": "medical_project", "target_name": "dev", "connection_name": "list_MEDICAL_DB_bronze"} */
show objects in MEDICAL_DB.bronze
    limit 10000
    
;
[0m21:33:49.701940 [debug] [ThreadPool]: SQL status: SUCCESS 1 in 0.074 seconds
[0m21:33:49.704935 [debug] [ThreadPool]: Re-using an available connection from the pool (formerly list_MEDICAL_DB_silver, now list_MEDICAL_DB_snapshots)
[0m21:33:49.709256 [debug] [ThreadPool]: Using snowflake connection "list_MEDICAL_DB_snapshots"
[0m21:33:49.709256 [debug] [ThreadPool]: On list_MEDICAL_DB_snapshots: /* {"app": "dbt", "dbt_version": "1.9.0", "profile_name": "medical_project", "target_name": "dev", "connection_name": "list_MEDICAL_DB_snapshots"} */
alter session set quoted_identifiers_ignore_case = false;
[0m21:33:49.747720 [debug] [ThreadPool]: SQL status: SUCCESS 1 in 0.056 seconds
[0m21:33:49.749719 [debug] [ThreadPool]: Using snowflake connection "list_MEDICAL_DB_reference"
[0m21:33:49.750720 [debug] [ThreadPool]: On list_MEDICAL_DB_reference: /* {"app": "dbt", "dbt_version": "1.9.0", "profile_name": "medical_project", "target_name": "dev", "connection_name": "list_MEDICAL_DB_reference"} */
show objects in MEDICAL_DB.reference
    limit 10000
    
;
[0m21:33:49.753442 [debug] [ThreadPool]: SQL status: SUCCESS 1 in 0.043 seconds
[0m21:33:49.756972 [debug] [ThreadPool]: Using snowflake connection "list_MEDICAL_DB_snapshots"
[0m21:33:49.757968 [debug] [ThreadPool]: On list_MEDICAL_DB_snapshots: /* {"app": "dbt", "dbt_version": "1.9.0", "profile_name": "medical_project", "target_name": "dev", "connection_name": "list_MEDICAL_DB_snapshots"} */
show objects in MEDICAL_DB.snapshots
    limit 10000
    
;
[0m21:33:49.806563 [debug] [ThreadPool]: SQL status: SUCCESS 0 in 0.107 seconds
[0m21:33:49.809436 [debug] [ThreadPool]: Using snowflake connection "list_MEDICAL_DB_bronze"
[0m21:33:49.810432 [debug] [ThreadPool]: On list_MEDICAL_DB_bronze: /* {"app": "dbt", "dbt_version": "1.9.0", "profile_name": "medical_project", "target_name": "dev", "connection_name": "list_MEDICAL_DB_bronze"} */
alter session unset quoted_identifiers_ignore_case;
[0m21:33:49.856000 [debug] [ThreadPool]: SQL status: SUCCESS 1 in 0.045 seconds
[0m21:33:49.997753 [debug] [ThreadPool]: Snowflake adapter: Snowflake query id: 01bf5a8d-3201-f7f6-0000-00104c8e9355
[0m21:33:49.997753 [debug] [ThreadPool]: Snowflake adapter: Snowflake query id: 01bf5a8d-3201-f7f5-0000-00104c8e8379
[0m21:33:49.998754 [debug] [ThreadPool]: Snowflake adapter: Snowflake error: 002043 (02000): SQL compilation error:
Object does not exist, or operation cannot be performed.
[0m21:33:49.999758 [debug] [ThreadPool]: Snowflake adapter: Snowflake error: 002043 (02000): SQL compilation error:
Object does not exist, or operation cannot be performed.
[0m21:33:50.000751 [debug] [ThreadPool]: Snowflake adapter: Error running SQL: macro list_relations_without_caching
[0m21:33:50.001770 [debug] [ThreadPool]: Snowflake adapter: Error running SQL: macro list_relations_without_caching
[0m21:33:50.002287 [debug] [ThreadPool]: Snowflake adapter: Rolling back transaction.
[0m21:33:50.002287 [debug] [ThreadPool]: Snowflake adapter: Rolling back transaction.
[0m21:33:50.009348 [debug] [Thread-1 (]: Began running node model.medical_project.bronze_appointments
[0m21:33:50.009348 [debug] [Thread-2 (]: Began running node model.medical_project.bronze_billing
[0m21:33:50.010587 [debug] [Thread-3 (]: Began running node model.medical_project.bronze_doctors
[0m21:33:50.011590 [info ] [Thread-1 (]: 1 of 17 START sql table model bronze.bronze_appointments ....................... [RUN]
[0m21:33:50.012651 [info ] [Thread-2 (]: 2 of 17 START sql table model bronze.bronze_billing ............................ [RUN]
[0m21:33:50.013657 [info ] [Thread-3 (]: 3 of 17 START sql table model bronze.bronze_doctors ............................ [RUN]
[0m21:33:50.014657 [debug] [Thread-1 (]: Acquiring new snowflake connection 'model.medical_project.bronze_appointments'
[0m21:33:50.015756 [debug] [Thread-2 (]: Acquiring new snowflake connection 'model.medical_project.bronze_billing'
[0m21:33:50.016776 [debug] [Thread-3 (]: Acquiring new snowflake connection 'model.medical_project.bronze_doctors'
[0m21:33:50.017787 [debug] [Thread-1 (]: Began compiling node model.medical_project.bronze_appointments
[0m21:33:50.018793 [debug] [Thread-2 (]: Began compiling node model.medical_project.bronze_billing
[0m21:33:50.019792 [debug] [Thread-3 (]: Began compiling node model.medical_project.bronze_doctors
[0m21:33:50.034934 [debug] [Thread-1 (]: Writing injected SQL for node "model.medical_project.bronze_appointments"
[0m21:33:50.040415 [debug] [Thread-2 (]: Writing injected SQL for node "model.medical_project.bronze_billing"
[0m21:33:50.045629 [debug] [Thread-3 (]: Writing injected SQL for node "model.medical_project.bronze_doctors"
[0m21:33:50.050567 [debug] [Thread-1 (]: Began executing node model.medical_project.bronze_appointments
[0m21:33:50.051568 [debug] [Thread-2 (]: Began executing node model.medical_project.bronze_billing
[0m21:33:50.065936 [debug] [Thread-3 (]: Began executing node model.medical_project.bronze_doctors
[0m21:33:50.105905 [debug] [Thread-1 (]: Writing runtime sql for node "model.medical_project.bronze_appointments"
[0m21:33:50.109904 [debug] [Thread-2 (]: Writing runtime sql for node "model.medical_project.bronze_billing"
[0m21:33:50.114613 [debug] [Thread-3 (]: Writing runtime sql for node "model.medical_project.bronze_doctors"
[0m21:33:50.119978 [debug] [Thread-1 (]: Using snowflake connection "model.medical_project.bronze_appointments"
[0m21:33:50.121987 [debug] [Thread-3 (]: Using snowflake connection "model.medical_project.bronze_doctors"
[0m21:33:50.122505 [debug] [Thread-1 (]: On model.medical_project.bronze_appointments: /* {"app": "dbt", "dbt_version": "1.9.0", "profile_name": "medical_project", "target_name": "dev", "node_id": "model.medical_project.bronze_appointments"} */
create or replace transient table MEDICAL_DB.bronze.bronze_appointments
    

    
    as (

SELECT
  appointment_id,
  patient_id,
  doctor_id,
  appointment_date,
  appointment_type,
  status,
  duration_minutes,
  notes,
  created_at,
  created_at AS updated_at,
  CURRENT_TIMESTAMP() AS dbt_loaded_at,
  '36e9c935-ba77-41fa-8fc3-21ffef5b4b76' AS dbt_batch_id
FROM MEDICAL_DB.RAW.appointments
WHERE appointment_id IS NOT NULL
    )
;
[0m21:33:50.124013 [debug] [Thread-2 (]: Using snowflake connection "model.medical_project.bronze_billing"
[0m21:33:50.125030 [debug] [Thread-3 (]: On model.medical_project.bronze_doctors: /* {"app": "dbt", "dbt_version": "1.9.0", "profile_name": "medical_project", "target_name": "dev", "node_id": "model.medical_project.bronze_doctors"} */
create or replace transient table MEDICAL_DB.bronze.bronze_doctors
    

    
    as (

SELECT
  doctor_id,
  doctor_name,
  specialty,
  department_id,
  phone,
  email,
  license_number,
  years_experience,
  is_active,
  hired_date,
  CURRENT_TIMESTAMP() AS dbt_loaded_at,
  '36e9c935-ba77-41fa-8fc3-21ffef5b4b76' AS dbt_batch_id
FROM MEDICAL_DB.RAW.doctors
WHERE doctor_id IS NOT NULL
    )
;
[0m21:33:50.126045 [debug] [Thread-1 (]: Opening a new connection, currently in state init
[0m21:33:50.127047 [debug] [Thread-2 (]: On model.medical_project.bronze_billing: /* {"app": "dbt", "dbt_version": "1.9.0", "profile_name": "medical_project", "target_name": "dev", "node_id": "model.medical_project.bronze_billing"} */
create or replace transient table MEDICAL_DB.bronze.bronze_billing
    

    
    as (

SELECT
  billing_id,
  appointment_id,
  patient_id,
  total_amount,
  insurance_paid,
  patient_paid,
  billing_date,
  payment_status,
  insurance_claim_number,
  created_at,
  created_at AS updated_at,
  CURRENT_TIMESTAMP() AS dbt_loaded_at,
  '36e9c935-ba77-41fa-8fc3-21ffef5b4b76' AS dbt_batch_id
FROM MEDICAL_DB.RAW.billing
WHERE billing_id IS NOT NULL
    )
;
[0m21:33:50.127556 [debug] [Thread-3 (]: Opening a new connection, currently in state init
[0m21:33:50.131565 [debug] [Thread-2 (]: Opening a new connection, currently in state init
[0m21:33:51.453411 [debug] [Thread-1 (]: SQL status: SUCCESS 1 in 1.327 seconds
[0m21:33:51.456948 [debug] [Thread-3 (]: SQL status: SUCCESS 1 in 1.329 seconds
[0m21:33:51.488778 [debug] [Thread-2 (]: SQL status: SUCCESS 1 in 1.358 seconds
[0m21:33:51.493390 [info ] [Thread-1 (]: 1 of 17 OK created sql table model bronze.bronze_appointments .................. [[32mSUCCESS 1[0m in 1.47s]
[0m21:33:51.495905 [debug] [Thread-1 (]: Finished running node model.medical_project.bronze_appointments
[0m21:33:51.494898 [info ] [Thread-3 (]: 3 of 17 OK created sql table model bronze.bronze_doctors ....................... [[32mSUCCESS 1[0m in 1.47s]
[0m21:33:51.494898 [info ] [Thread-2 (]: 2 of 17 OK created sql table model bronze.bronze_billing ....................... [[32mSUCCESS 1[0m in 1.48s]
[0m21:33:51.497336 [debug] [Thread-1 (]: Began running node model.medical_project.bronze_medical_records
[0m21:33:51.498224 [debug] [Thread-3 (]: Finished running node model.medical_project.bronze_doctors
[0m21:33:51.499178 [debug] [Thread-2 (]: Finished running node model.medical_project.bronze_billing
[0m21:33:51.499178 [info ] [Thread-1 (]: 4 of 17 START sql table model bronze.bronze_medical_records .................... [RUN]
[0m21:33:51.500168 [debug] [Thread-3 (]: Began running node model.medical_project.bronze_patients
[0m21:33:51.501503 [debug] [Thread-2 (]: Began running node model.medical_project.silver_appointments
[0m21:33:51.502008 [debug] [Thread-1 (]: Re-using an available connection from the pool (formerly model.medical_project.bronze_appointments, now model.medical_project.bronze_medical_records)
[0m21:33:51.503550 [info ] [Thread-3 (]: 5 of 17 START sql table model bronze.bronze_patients ........................... [RUN]
[0m21:33:51.503550 [info ] [Thread-2 (]: 6 of 17 START sql table model silver.silver_appointments ....................... [RUN]
[0m21:33:51.505055 [debug] [Thread-1 (]: Began compiling node model.medical_project.bronze_medical_records
[0m21:33:51.506080 [debug] [Thread-3 (]: Re-using an available connection from the pool (formerly model.medical_project.bronze_doctors, now model.medical_project.bronze_patients)
[0m21:33:51.506080 [debug] [Thread-2 (]: Re-using an available connection from the pool (formerly model.medical_project.bronze_billing, now model.medical_project.silver_appointments)
[0m21:33:51.510065 [debug] [Thread-1 (]: Writing injected SQL for node "model.medical_project.bronze_medical_records"
[0m21:33:51.511066 [debug] [Thread-3 (]: Began compiling node model.medical_project.bronze_patients
[0m21:33:51.512073 [debug] [Thread-2 (]: Began compiling node model.medical_project.silver_appointments
[0m21:33:51.516951 [debug] [Thread-3 (]: Writing injected SQL for node "model.medical_project.bronze_patients"
[0m21:33:51.523496 [debug] [Thread-2 (]: Writing injected SQL for node "model.medical_project.silver_appointments"
[0m21:33:51.525007 [debug] [Thread-1 (]: Began executing node model.medical_project.bronze_medical_records
[0m21:33:51.529028 [debug] [Thread-1 (]: Writing runtime sql for node "model.medical_project.bronze_medical_records"
[0m21:33:51.530027 [debug] [Thread-3 (]: Began executing node model.medical_project.bronze_patients
[0m21:33:51.531239 [debug] [Thread-2 (]: Began executing node model.medical_project.silver_appointments
[0m21:33:51.536641 [debug] [Thread-3 (]: Writing runtime sql for node "model.medical_project.bronze_patients"
[0m21:33:51.537650 [debug] [Thread-1 (]: Using snowflake connection "model.medical_project.bronze_medical_records"
[0m21:33:51.542162 [debug] [Thread-2 (]: Writing runtime sql for node "model.medical_project.silver_appointments"
[0m21:33:51.543270 [debug] [Thread-1 (]: On model.medical_project.bronze_medical_records: /* {"app": "dbt", "dbt_version": "1.9.0", "profile_name": "medical_project", "target_name": "dev", "node_id": "model.medical_project.bronze_medical_records"} */
create or replace transient table MEDICAL_DB.bronze.bronze_medical_records
    

    
    as (

SELECT
  record_id,
  appointment_id,
  patient_id,
  diagnosis,
  treatment_plan,
  prescription,
  follow_up_required,
  severity,
  created_at,
  created_at AS updated_at,
  CURRENT_TIMESTAMP() AS dbt_loaded_at,
  '36e9c935-ba77-41fa-8fc3-21ffef5b4b76' AS dbt_batch_id
FROM MEDICAL_DB.RAW.medical_records
WHERE record_id IS NOT NULL
    )
;
[0m21:33:51.543807 [debug] [Thread-3 (]: Using snowflake connection "model.medical_project.bronze_patients"
[0m21:33:51.545980 [debug] [Thread-3 (]: On model.medical_project.bronze_patients: /* {"app": "dbt", "dbt_version": "1.9.0", "profile_name": "medical_project", "target_name": "dev", "node_id": "model.medical_project.bronze_patients"} */
create or replace transient table MEDICAL_DB.bronze.bronze_patients
    

    
    as (

SELECT
  patient_id,
  first_name,
  last_name,
  date_of_birth,
  gender,
  blood_type,
  phone,
  email,
  address,
  city,
  state,
  zip_code,
  insurance_type,
  emergency_contact,
  created_at,
  created_at AS updated_at,
  CURRENT_TIMESTAMP() AS dbt_loaded_at,
  '36e9c935-ba77-41fa-8fc3-21ffef5b4b76' AS dbt_batch_id
FROM MEDICAL_DB.RAW.patients
WHERE patient_id IS NOT NULL
    )
;
[0m21:33:51.549091 [debug] [Thread-2 (]: Using snowflake connection "model.medical_project.silver_appointments"
[0m21:33:51.552090 [debug] [Thread-2 (]: On model.medical_project.silver_appointments: /* {"app": "dbt", "dbt_version": "1.9.0", "profile_name": "medical_project", "target_name": "dev", "node_id": "model.medical_project.silver_appointments"} */
create or replace transient table MEDICAL_DB.silver.silver_appointments
    

    
    as (

SELECT
  appointment_id,
  patient_id,
  doctor_id,
  appointment_date,
  DATE(appointment_date) AS appointment_date_only,
  TIME(appointment_date) AS appointment_time,
  EXTRACT(HOUR FROM appointment_date) AS appointment_hour,
  DAYNAME(appointment_date) AS day_of_week,
  CASE WHEN DAYNAME(appointment_date) IN ('Saturday','Sunday') THEN 'Weekend' ELSE 'Weekday' END AS day_type,
  CASE 
    WHEN EXTRACT(HOUR FROM appointment_date) BETWEEN 6 AND 11 THEN 'Morning'
    WHEN EXTRACT(HOUR FROM appointment_date) BETWEEN 12 AND 17 THEN 'Afternoon'
    WHEN EXTRACT(HOUR FROM appointment_date) BETWEEN 18 AND 21 THEN 'Evening'
    ELSE 'After Hours' END AS time_slot,
  appointment_type,
  status,
  CASE WHEN status = 'Completed' THEN 1 ELSE 0 END AS is_completed,
  CASE WHEN status = 'No-Show' THEN 1 ELSE 0 END AS is_no_show,
  CASE WHEN status = 'Cancelled' THEN 1 ELSE 0 END AS is_cancelled,
  duration_minutes,
  CASE 
    WHEN duration_minutes <= 15 THEN 'Short'
    WHEN duration_minutes <= 45 THEN 'Standard'
    ELSE 'Extended' END AS duration_category,
  notes,
  created_at,
  updated_at,
  dbt_loaded_at,
  dbt_batch_id
FROM MEDICAL_DB.bronze.bronze_appointments
WHERE appointment_id IS NOT NULL
    )
;
[0m21:33:52.150261 [debug] [Thread-2 (]: SQL status: SUCCESS 1 in 0.595 seconds
[0m21:33:52.153702 [info ] [Thread-2 (]: 6 of 17 OK created sql table model silver.silver_appointments .................. [[32mSUCCESS 1[0m in 0.65s]
[0m21:33:52.155218 [debug] [Thread-2 (]: Finished running node model.medical_project.silver_appointments
[0m21:33:52.156369 [debug] [Thread-2 (]: Began running node model.medical_project.silver_doctors
[0m21:33:52.157559 [info ] [Thread-2 (]: 7 of 17 START sql table model silver.silver_doctors ............................ [RUN]
[0m21:33:52.158561 [debug] [Thread-2 (]: Re-using an available connection from the pool (formerly model.medical_project.silver_appointments, now model.medical_project.silver_doctors)
[0m21:33:52.158561 [debug] [Thread-2 (]: Began compiling node model.medical_project.silver_doctors
[0m21:33:52.164215 [debug] [Thread-2 (]: Writing injected SQL for node "model.medical_project.silver_doctors"
[0m21:33:52.166726 [debug] [Thread-2 (]: Began executing node model.medical_project.silver_doctors
[0m21:33:52.170762 [debug] [Thread-2 (]: Writing runtime sql for node "model.medical_project.silver_doctors"
[0m21:33:52.174827 [debug] [Thread-2 (]: Using snowflake connection "model.medical_project.silver_doctors"
[0m21:33:52.175837 [debug] [Thread-2 (]: On model.medical_project.silver_doctors: /* {"app": "dbt", "dbt_version": "1.9.0", "profile_name": "medical_project", "target_name": "dev", "node_id": "model.medical_project.silver_doctors"} */
create or replace transient table MEDICAL_DB.silver.silver_doctors
    

    
    as (

WITH specialty_mapping AS (
  SELECT * FROM MEDICAL_DB.reference.medical_specialties
)
SELECT
  d.doctor_id,
  TRIM(d.doctor_name) AS doctor_name,
  TRIM(d.specialty) AS specialty,
  COALESCE(sm.specialty_category,'Other') AS specialty_category,
  d.department_id,
  d.phone,
  LOWER(TRIM(d.email)) AS email,
  d.license_number,
  d.years_experience,
  CASE 
    WHEN d.years_experience < 5 THEN 'Junior'
    WHEN d.years_experience BETWEEN 5 AND 15 THEN 'Mid-Level'
    WHEN d.years_experience BETWEEN 16 AND 25 THEN 'Senior'
    ELSE 'Expert' END AS experience_level,
  CASE 
    WHEN d.specialty IN ('Emergency Medicine','Surgery') THEN 'Critical Care'
    WHEN d.specialty IN ('Cardiology','Neurology','Oncology') THEN 'Specialty Care'
    WHEN d.specialty IN ('Internal Medicine','Pediatrics') THEN 'Primary Care'
    ELSE 'Other Care' END AS care_category,
  d.is_active,
  CASE WHEN d.is_active = 'Y' THEN TRUE ELSE FALSE END AS is_active_flag,
  d.hired_date,
  DATEDIFF('year', d.hired_date, CURRENT_DATE()) AS tenure_years,
  d.dbt_loaded_at,
  d.dbt_batch_id
FROM MEDICAL_DB.bronze.bronze_doctors d
LEFT JOIN specialty_mapping sm ON d.specialty = sm.specialty_name
WHERE d.doctor_id IS NOT NULL
    )
;
[0m21:33:52.180811 [debug] [Thread-3 (]: SQL status: SUCCESS 1 in 0.633 seconds
[0m21:33:52.184836 [info ] [Thread-3 (]: 5 of 17 OK created sql table model bronze.bronze_patients ...................... [[32mSUCCESS 1[0m in 0.68s]
[0m21:33:52.185842 [debug] [Thread-3 (]: Finished running node model.medical_project.bronze_patients
[0m21:33:52.185842 [debug] [Thread-3 (]: Began running node model.medical_project.silver_billing
[0m21:33:52.187355 [info ] [Thread-3 (]: 8 of 17 START sql table model silver.silver_billing ............................ [RUN]
[0m21:33:52.188562 [debug] [Thread-3 (]: Re-using an available connection from the pool (formerly model.medical_project.bronze_patients, now model.medical_project.silver_billing)
[0m21:33:52.188562 [debug] [Thread-3 (]: Began compiling node model.medical_project.silver_billing
[0m21:33:52.193103 [debug] [Thread-3 (]: Writing injected SQL for node "model.medical_project.silver_billing"
[0m21:33:52.199645 [debug] [Thread-3 (]: Began executing node model.medical_project.silver_billing
[0m21:33:52.205176 [debug] [Thread-3 (]: Writing runtime sql for node "model.medical_project.silver_billing"
[0m21:33:52.207172 [debug] [Thread-1 (]: SQL status: SUCCESS 1 in 0.661 seconds
[0m21:33:52.209637 [info ] [Thread-1 (]: 4 of 17 OK created sql table model bronze.bronze_medical_records ............... [[32mSUCCESS 1[0m in 0.71s]
[0m21:33:52.212142 [debug] [Thread-3 (]: Using snowflake connection "model.medical_project.silver_billing"
[0m21:33:52.213152 [debug] [Thread-1 (]: Finished running node model.medical_project.bronze_medical_records
[0m21:33:52.214152 [debug] [Thread-3 (]: On model.medical_project.silver_billing: /* {"app": "dbt", "dbt_version": "1.9.0", "profile_name": "medical_project", "target_name": "dev", "node_id": "model.medical_project.silver_billing"} */
create or replace transient table MEDICAL_DB.silver.silver_billing
    

    
    as (

SELECT
  billing_id,
  appointment_id,
  patient_id,
  total_amount,
  insurance_paid,
  patient_paid,
  ROUND((insurance_paid / NULLIF(total_amount, 0)) * 100, 2) AS insurance_coverage_percentage,
  CASE 
    WHEN total_amount >= 1000 THEN 'High Value'
    WHEN total_amount >= 500 THEN 'Medium Value'
    ELSE 'Low Value' END AS revenue_tier,
  CASE 
    WHEN (insurance_paid / NULLIF(total_amount, 0)) >= 0.9 THEN 'Excellent Coverage'
    WHEN (insurance_paid / NULLIF(total_amount, 0)) >= 0.7 THEN 'Good Coverage'
    WHEN (insurance_paid / NULLIF(total_amount, 0)) >= 0.5 THEN 'Fair Coverage'
    ELSE 'Poor Coverage' END AS coverage_quality,
  billing_date,
  DATEDIFF('day', billing_date, CURRENT_DATE()) AS days_since_billing,
  payment_status,
  CASE 
    WHEN payment_status = 'Paid' THEN 'Collected'
    WHEN payment_status = 'Pending' THEN 'Outstanding'
    WHEN payment_status = 'Denied' THEN 'Collection'
    ELSE 'Review' END AS collection_status,
  CASE WHEN payment_status != 'Paid' AND DATEDIFF('day', billing_date, CURRENT_DATE()) > 30 THEN 1 ELSE 0 END AS is_overdue,
  insurance_claim_number,
  created_at,
  updated_at,
  dbt_loaded_at,
  dbt_batch_id
FROM MEDICAL_DB.bronze.bronze_billing
WHERE billing_id IS NOT NULL
    )
;
[0m21:33:52.214152 [debug] [Thread-1 (]: Began running node model.medical_project.silver_patients
[0m21:33:52.217723 [info ] [Thread-1 (]: 9 of 17 START sql table model silver.silver_patients ........................... [RUN]
[0m21:33:52.221019 [debug] [Thread-1 (]: Re-using an available connection from the pool (formerly model.medical_project.bronze_medical_records, now model.medical_project.silver_patients)
[0m21:33:52.222020 [debug] [Thread-1 (]: Began compiling node model.medical_project.silver_patients
[0m21:33:52.227558 [debug] [Thread-1 (]: Writing injected SQL for node "model.medical_project.silver_patients"
[0m21:33:52.229565 [debug] [Thread-1 (]: Began executing node model.medical_project.silver_patients
[0m21:33:52.235160 [debug] [Thread-1 (]: Writing runtime sql for node "model.medical_project.silver_patients"
[0m21:33:52.238879 [debug] [Thread-1 (]: Using snowflake connection "model.medical_project.silver_patients"
[0m21:33:52.239880 [debug] [Thread-1 (]: On model.medical_project.silver_patients: /* {"app": "dbt", "dbt_version": "1.9.0", "profile_name": "medical_project", "target_name": "dev", "node_id": "model.medical_project.silver_patients"} */
create or replace transient table MEDICAL_DB.silver.silver_patients
    

    
    as (

SELECT
  patient_id,
  TRIM(UPPER(first_name)) AS first_name,
  TRIM(UPPER(last_name)) AS last_name,
  TRIM(UPPER(first_name)) || ' ' || TRIM(UPPER(last_name)) AS full_name,
  date_of_birth,
  
  DATEDIFF('year', date_of_birth, CURRENT_DATE())
 AS age,
  
  CASE
    WHEN 
  DATEDIFF('year', date_of_birth, CURRENT_DATE())
 < 18 THEN 'Minor'
    WHEN 
  DATEDIFF('year', date_of_birth, CURRENT_DATE())
 BETWEEN 18 AND 39 THEN 'Young Adult'
    WHEN 
  DATEDIFF('year', date_of_birth, CURRENT_DATE())
 BETWEEN 40 AND 59 THEN 'Middle Age'
    WHEN 
  DATEDIFF('year', date_of_birth, CURRENT_DATE())
 BETWEEN 60 AND 79 THEN 'Senior'
    ELSE 'Elderly'
  END
 AS age_group,
  CASE WHEN 
  DATEDIFF('year', date_of_birth, CURRENT_DATE())
 >= 65 THEN 'Senior' ELSE 'Non-Senior' END AS senior_status,
  UPPER(gender) AS gender,
  blood_type,
  CASE 
    WHEN blood_type IN ('O+','O-') THEN 'Universal Donor'
    WHEN blood_type IN ('AB+','AB-') THEN 'Universal Recipient'
    ELSE 'Standard' END AS blood_type_category,
  phone,
  LOWER(TRIM(email)) AS email,
  address,
  TRIM(UPPER(city)) AS city,
  UPPER(state) AS state,
  zip_code,
  insurance_type,
  CASE 
    WHEN insurance_type IN ('Medicare','Medicaid') THEN 'Government'
    WHEN insurance_type = 'Private' THEN 'Commercial'
    ELSE 'Other' END AS insurance_category,
  emergency_contact,
  created_at,
  updated_at,
  dbt_loaded_at,
  dbt_batch_id
FROM MEDICAL_DB.bronze.bronze_patients
WHERE patient_id IS NOT NULL
    )
;
[0m21:33:52.305007 [debug] [Thread-2 (]: Snowflake adapter: Snowflake query id: 01bf5a8d-3201-f7f6-0000-00104c8e935d
[0m21:33:52.306020 [debug] [Thread-2 (]: Snowflake adapter: Snowflake error: 002003 (02000): SQL compilation error:
Schema 'MEDICAL_DB.REFERENCE' does not exist or not authorized.
[0m21:33:52.323534 [debug] [Thread-2 (]: Database Error in model silver_doctors (models\silver\silver_doctors.sql)
  002003 (02000): SQL compilation error:
  Schema 'MEDICAL_DB.REFERENCE' does not exist or not authorized.
  compiled code at target\run\medical_project\models\silver\silver_doctors.sql
[0m21:33:52.324945 [error] [Thread-2 (]: 7 of 17 ERROR creating sql table model silver.silver_doctors ................... [[31mERROR[0m in 0.17s]
[0m21:33:52.325953 [debug] [Thread-2 (]: Finished running node model.medical_project.silver_doctors
[0m21:33:52.325953 [debug] [Thread-2 (]: Began running node model.medical_project.silver_medical_records
[0m21:33:52.327190 [debug] [Thread-6 (]: Marking all children of 'model.medical_project.silver_doctors' to be skipped because of status 'error'.  Reason: Database Error in model silver_doctors (models\silver\silver_doctors.sql)
  002003 (02000): SQL compilation error:
  Schema 'MEDICAL_DB.REFERENCE' does not exist or not authorized.
  compiled code at target\run\medical_project\models\silver\silver_doctors.sql.
[0m21:33:52.328204 [info ] [Thread-2 (]: 10 of 17 START sql table model silver.silver_medical_records ................... [RUN]
[0m21:33:52.329203 [debug] [Thread-2 (]: Re-using an available connection from the pool (formerly model.medical_project.silver_doctors, now model.medical_project.silver_medical_records)
[0m21:33:52.330202 [debug] [Thread-2 (]: Began compiling node model.medical_project.silver_medical_records
[0m21:33:52.334717 [debug] [Thread-2 (]: Writing injected SQL for node "model.medical_project.silver_medical_records"
[0m21:33:52.335723 [debug] [Thread-2 (]: Began executing node model.medical_project.silver_medical_records
[0m21:33:52.338723 [debug] [Thread-2 (]: Writing runtime sql for node "model.medical_project.silver_medical_records"
[0m21:33:52.340723 [debug] [Thread-2 (]: Using snowflake connection "model.medical_project.silver_medical_records"
[0m21:33:52.342230 [debug] [Thread-2 (]: On model.medical_project.silver_medical_records: /* {"app": "dbt", "dbt_version": "1.9.0", "profile_name": "medical_project", "target_name": "dev", "node_id": "model.medical_project.silver_medical_records"} */
create or replace transient table MEDICAL_DB.silver.silver_medical_records
    

    
    as (

WITH diagnosis_mapping AS (
  SELECT * FROM MEDICAL_DB.reference.diagnosis_codes
)
SELECT
  mr.record_id,
  mr.appointment_id,
  mr.patient_id,
  TRIM(mr.diagnosis) AS diagnosis,
  COALESCE(dm.diagnosis_category,'Other') AS diagnosis_category,
  COALESCE(dm.icd_10_code,'Unknown') AS icd_10_code,
  TRIM(mr.treatment_plan) AS treatment_plan,
  CASE 
    WHEN mr.treatment_plan = 'Medication' THEN 'Pharmacological'
    WHEN mr.treatment_plan IN ('Surgery','Procedure') THEN 'Surgical'
    WHEN mr.treatment_plan IN ('Physical Therapy','Counseling') THEN 'Therapeutic'
    ELSE 'Conservative' END AS treatment_category,
  mr.prescription,
  mr.follow_up_required,
  CASE WHEN mr.follow_up_required = 'Y' THEN 1 ELSE 0 END AS needs_follow_up,
  mr.severity,
  CASE 
    WHEN mr.severity = 'Low' THEN 1
    WHEN mr.severity = 'Medium' THEN 2
    WHEN mr.severity = 'High' THEN 3
    ELSE 0 END AS severity_score,
  mr.created_at,
  mr.updated_at,
  mr.dbt_loaded_at,
  mr.dbt_batch_id
FROM MEDICAL_DB.bronze.bronze_medical_records mr
LEFT JOIN diagnosis_mapping dm ON mr.diagnosis = dm.diagnosis_name
WHERE mr.record_id IS NOT NULL
    )
;
[0m21:33:52.409435 [debug] [Thread-2 (]: Snowflake adapter: Snowflake query id: 01bf5a8d-3201-f7f5-0000-00104c8e8385
[0m21:33:52.409435 [debug] [Thread-2 (]: Snowflake adapter: Snowflake error: 002003 (02000): SQL compilation error:
Schema 'MEDICAL_DB.REFERENCE' does not exist or not authorized.
[0m21:33:52.413946 [debug] [Thread-2 (]: Database Error in model silver_medical_records (models\silver\silver_medical_records.sql)
  002003 (02000): SQL compilation error:
  Schema 'MEDICAL_DB.REFERENCE' does not exist or not authorized.
  compiled code at target\run\medical_project\models\silver\silver_medical_records.sql
[0m21:33:52.414951 [error] [Thread-2 (]: 10 of 17 ERROR creating sql table model silver.silver_medical_records .......... [[31mERROR[0m in 0.09s]
[0m21:33:52.416244 [debug] [Thread-2 (]: Finished running node model.medical_project.silver_medical_records
[0m21:33:52.417593 [debug] [Thread-2 (]: Began running node model.medical_project.dim_doctors
[0m21:33:52.418716 [debug] [Thread-6 (]: Marking all children of 'model.medical_project.silver_medical_records' to be skipped because of status 'error'.  Reason: Database Error in model silver_medical_records (models\silver\silver_medical_records.sql)
  002003 (02000): SQL compilation error:
  Schema 'MEDICAL_DB.REFERENCE' does not exist or not authorized.
  compiled code at target\run\medical_project\models\silver\silver_medical_records.sql.
[0m21:33:52.418716 [info ] [Thread-2 (]: 11 of 17 SKIP relation gold.dim_doctors ........................................ [[33mSKIP[0m]
[0m21:33:52.419721 [debug] [Thread-2 (]: Finished running node model.medical_project.dim_doctors
[0m21:33:52.777069 [debug] [Thread-3 (]: SQL status: SUCCESS 1 in 0.560 seconds
[0m21:33:52.779071 [info ] [Thread-3 (]: 8 of 17 OK created sql table model silver.silver_billing ....................... [[32mSUCCESS 1[0m in 0.59s]
[0m21:33:52.781068 [debug] [Thread-3 (]: Finished running node model.medical_project.silver_billing
[0m21:33:52.937987 [debug] [Thread-1 (]: SQL status: SUCCESS 1 in 0.697 seconds
[0m21:33:52.945054 [info ] [Thread-1 (]: 9 of 17 OK created sql table model silver.silver_patients ...................... [[32mSUCCESS 1[0m in 0.72s]
[0m21:33:52.949345 [debug] [Thread-1 (]: Finished running node model.medical_project.silver_patients
[0m21:33:52.953132 [debug] [Thread-2 (]: Began running node model.medical_project.dim_patients
[0m21:33:52.955611 [info ] [Thread-2 (]: 12 of 17 START sql table model gold.dim_patients ............................... [RUN]
[0m21:33:52.957858 [debug] [Thread-2 (]: Re-using an available connection from the pool (formerly model.medical_project.silver_medical_records, now model.medical_project.dim_patients)
[0m21:33:52.958866 [debug] [Thread-2 (]: Began compiling node model.medical_project.dim_patients
[0m21:33:52.965774 [debug] [Thread-2 (]: Writing injected SQL for node "model.medical_project.dim_patients"
[0m21:33:52.968305 [debug] [Thread-2 (]: Began executing node model.medical_project.dim_patients
[0m21:33:52.972001 [debug] [Thread-2 (]: Writing runtime sql for node "model.medical_project.dim_patients"
[0m21:33:52.973006 [debug] [Thread-2 (]: Using snowflake connection "model.medical_project.dim_patients"
[0m21:33:52.974630 [debug] [Thread-2 (]: On model.medical_project.dim_patients: /* {"app": "dbt", "dbt_version": "1.9.0", "profile_name": "medical_project", "target_name": "dev", "node_id": "model.medical_project.dim_patients"} */
create or replace transient table MEDICAL_DB.gold.dim_patients
    

    
    as (

SELECT
  patient_id,
  first_name,
  last_name,
  full_name,
  date_of_birth,
  age,
  age_group,
  senior_status,
  gender,
  blood_type,
  blood_type_category,
  city,
  state,
  insurance_type,
  insurance_category,
  emergency_contact,
  created_at AS patient_since,
  DATEDIFF('day', created_at, CURRENT_DATE()) AS days_as_patient,
  CURRENT_TIMESTAMP() AS last_updated
FROM MEDICAL_DB.silver.silver_patients
    )
;
[0m21:33:53.549013 [debug] [Thread-2 (]: SQL status: SUCCESS 1 in 0.574 seconds
[0m21:33:53.551095 [info ] [Thread-2 (]: 12 of 17 OK created sql table model gold.dim_patients .......................... [[32mSUCCESS 1[0m in 0.59s]
[0m21:33:53.552091 [debug] [Thread-2 (]: Finished running node model.medical_project.dim_patients
[0m21:33:53.553704 [debug] [Thread-1 (]: Began running node model.medical_project.fact_appointments
[0m21:33:53.553704 [info ] [Thread-1 (]: 13 of 17 SKIP relation gold.fact_appointments .................................. [[33mSKIP[0m]
[0m21:33:53.554709 [debug] [Thread-1 (]: Finished running node model.medical_project.fact_appointments
[0m21:33:53.555874 [debug] [Thread-2 (]: Began running node model.medical_project.fact_billing
[0m21:33:53.555874 [debug] [Thread-3 (]: Began running node model.medical_project.fact_medical_outcomes
[0m21:33:53.557087 [info ] [Thread-2 (]: 14 of 17 SKIP relation gold.fact_billing ....................................... [[33mSKIP[0m]
[0m21:33:53.558503 [info ] [Thread-3 (]: 15 of 17 SKIP relation gold.fact_medical_outcomes .............................. [[33mSKIP[0m]
[0m21:33:53.558503 [debug] [Thread-2 (]: Finished running node model.medical_project.fact_billing
[0m21:33:53.559951 [debug] [Thread-3 (]: Finished running node model.medical_project.fact_medical_outcomes
[0m21:33:53.560949 [debug] [Thread-1 (]: Began running node model.medical_project.kpi_dashboard
[0m21:33:53.561950 [debug] [Thread-2 (]: Began running node model.medical_project.patient_summary
[0m21:33:53.561950 [info ] [Thread-1 (]: 16 of 17 SKIP relation gold.kpi_dashboard ...................................... [[33mSKIP[0m]
[0m21:33:53.563017 [info ] [Thread-2 (]: 17 of 17 SKIP relation gold.patient_summary .................................... [[33mSKIP[0m]
[0m21:33:53.564647 [debug] [Thread-1 (]: Finished running node model.medical_project.kpi_dashboard
[0m21:33:53.565672 [debug] [Thread-2 (]: Finished running node model.medical_project.patient_summary
[0m21:33:53.568345 [debug] [MainThread]: Connection 'master' was properly closed.
[0m21:33:53.569356 [debug] [MainThread]: Connection 'create_MEDICAL_DB_gold' was left open.
[0m21:33:53.570372 [debug] [MainThread]: On create_MEDICAL_DB_gold: Close
[0m21:33:53.852168 [debug] [MainThread]: Connection 'create_MEDICAL_DB_silver' was left open.
[0m21:33:53.853176 [debug] [MainThread]: On create_MEDICAL_DB_silver: Close
[0m21:33:53.901969 [debug] [MainThread]: Connection 'create_MEDICAL_DB_bronze' was left open.
[0m21:33:53.902976 [debug] [MainThread]: On create_MEDICAL_DB_bronze: Close
[0m21:33:53.950625 [debug] [MainThread]: Connection 'list_MEDICAL_DB_reference' was left open.
[0m21:33:53.952134 [debug] [MainThread]: On list_MEDICAL_DB_reference: Close
[0m21:33:54.004731 [debug] [MainThread]: Connection 'list_MEDICAL_DB_snapshots' was left open.
[0m21:33:54.005758 [debug] [MainThread]: On list_MEDICAL_DB_snapshots: Close
[0m21:33:54.057587 [debug] [MainThread]: Connection 'list_MEDICAL_DB_bronze' was left open.
[0m21:33:54.058586 [debug] [MainThread]: On list_MEDICAL_DB_bronze: Close
[0m21:33:54.110767 [debug] [MainThread]: Connection 'model.medical_project.silver_patients' was left open.
[0m21:33:54.112283 [debug] [MainThread]: On model.medical_project.silver_patients: Close
[0m21:33:54.163117 [debug] [MainThread]: Connection 'model.medical_project.dim_patients' was left open.
[0m21:33:54.165252 [debug] [MainThread]: On model.medical_project.dim_patients: Close
[0m21:33:54.213186 [debug] [MainThread]: Connection 'model.medical_project.silver_billing' was left open.
[0m21:33:54.214915 [debug] [MainThread]: On model.medical_project.silver_billing: Close
[0m21:33:54.280417 [info ] [MainThread]: 
[0m21:33:54.280417 [info ] [MainThread]: Finished running 17 table models in 0 hours 0 minutes and 10.68 seconds (10.68s).
[0m21:33:54.285044 [debug] [MainThread]: Command end result
[0m21:33:54.329470 [debug] [MainThread]: Wrote artifact WritableManifest to C:\Users\ADMIN\dbt_core\medical_project\target\manifest.json
[0m21:33:54.335660 [debug] [MainThread]: Wrote artifact SemanticManifest to C:\Users\ADMIN\dbt_core\medical_project\target\semantic_manifest.json
[0m21:33:54.345699 [debug] [MainThread]: Wrote artifact RunExecutionResult to C:\Users\ADMIN\dbt_core\medical_project\target\run_results.json
[0m21:33:54.347213 [info ] [MainThread]: 
[0m21:33:54.348223 [info ] [MainThread]: [31mCompleted with 2 errors, 0 partial successes, and 0 warnings:[0m
[0m21:33:54.350275 [info ] [MainThread]: 
[0m21:33:54.350275 [error] [MainThread]:   Database Error in model silver_doctors (models\silver\silver_doctors.sql)
  002003 (02000): SQL compilation error:
  Schema 'MEDICAL_DB.REFERENCE' does not exist or not authorized.
  compiled code at target\run\medical_project\models\silver\silver_doctors.sql
[0m21:33:54.351784 [info ] [MainThread]: 
[0m21:33:54.351784 [error] [MainThread]:   Database Error in model silver_medical_records (models\silver\silver_medical_records.sql)
  002003 (02000): SQL compilation error:
  Schema 'MEDICAL_DB.REFERENCE' does not exist or not authorized.
  compiled code at target\run\medical_project\models\silver\silver_medical_records.sql
[0m21:33:54.353097 [info ] [MainThread]: 
[0m21:33:54.354098 [info ] [MainThread]: Done. PASS=9 WARN=0 ERROR=2 SKIP=6 TOTAL=17
[0m21:33:54.356617 [debug] [MainThread]: Command `dbt run` failed at 21:33:54.355614 after 17.61 seconds
[0m21:33:54.356617 [debug] [MainThread]: Flushing usage events
[0m21:36:26.448014 [debug] [MainThread]: Got an exception trying to initialize tracking


============================== 21:36:26.489725 | acdf4f4b-fd8e-49de-af02-99b6e46c4845 ==============================
[0m21:36:26.489725 [info ] [MainThread]: Running with dbt=1.9.0
[0m21:36:26.492246 [debug] [MainThread]: running dbt with arguments {'printer_width': '80', 'indirect_selection': 'eager', 'log_cache_events': 'False', 'write_json': 'True', 'partial_parse': 'True', 'cache_selected_only': 'False', 'warn_error': 'None', 'version_check': 'True', 'fail_fast': 'False', 'log_path': 'C:\\Users\\ADMIN\\dbt_core\\medical_project\\logs', 'profiles_dir': 'C:\\Users\\ADMIN\\.dbt', 'debug': 'False', 'use_colors': 'True', 'use_experimental_parser': 'False', 'no_print': 'None', 'quiet': 'False', 'empty': 'None', 'log_format': 'default', 'static_parser': 'True', 'introspect': 'True', 'warn_error_options': 'WarnErrorOptions(include=[], exclude=[])', 'target_path': 'None', 'invocation_command': 'dbt seed', 'send_anonymous_usage_stats': 'True'}
[0m21:36:27.321326 [info ] [MainThread]: Registered adapter: snowflake=1.9.4
[0m21:36:27.711911 [debug] [MainThread]: checksum: c99e828bba267739642b5a3ce85f17518764ea526e0e6c4fdc649171c1a66bff, vars: {}, profile: , target: , version: 1.9.0
[0m21:36:28.003683 [debug] [MainThread]: Partial parsing enabled: 0 files deleted, 0 files added, 0 files changed.
[0m21:36:28.004694 [debug] [MainThread]: Partial parsing enabled, no changes found, skipping parsing
[0m21:36:28.221622 [debug] [MainThread]: Wrote artifact WritableManifest to C:\Users\ADMIN\dbt_core\medical_project\target\manifest.json
[0m21:36:28.240783 [debug] [MainThread]: Wrote artifact SemanticManifest to C:\Users\ADMIN\dbt_core\medical_project\target\semantic_manifest.json
[0m21:36:28.268425 [info ] [MainThread]: Found 17 models, 2 snapshots, 24 data tests, 3 seeds, 5 sources, 483 macros
[0m21:36:28.272918 [info ] [MainThread]: 
[0m21:36:28.272918 [info ] [MainThread]: Concurrency: 3 threads (target='dev')
[0m21:36:28.274424 [info ] [MainThread]: 
[0m21:36:28.275438 [debug] [MainThread]: Acquiring new snowflake connection 'master'
[0m21:36:28.281535 [debug] [ThreadPool]: Acquiring new snowflake connection 'list_MEDICAL_DB'
[0m21:36:28.396273 [debug] [ThreadPool]: Using snowflake connection "list_MEDICAL_DB"
[0m21:36:28.397273 [debug] [ThreadPool]: On list_MEDICAL_DB: /* {"app": "dbt", "dbt_version": "1.9.0", "profile_name": "medical_project", "target_name": "dev", "connection_name": "list_MEDICAL_DB"} */
show terse schemas in database MEDICAL_DB
    limit 10000
[0m21:36:28.397273 [debug] [ThreadPool]: Opening a new connection, currently in state init
[0m21:36:29.191554 [debug] [ThreadPool]: SQL status: SUCCESS 7 in 0.794 seconds
[0m21:36:29.193561 [debug] [ThreadPool]: Re-using an available connection from the pool (formerly list_MEDICAL_DB, now create_MEDICAL_DB_reference)
[0m21:36:29.194559 [debug] [ThreadPool]: Creating schema "database: "MEDICAL_DB"
schema: "reference"
"
[0m21:36:29.200219 [debug] [ThreadPool]: Using snowflake connection "create_MEDICAL_DB_reference"
[0m21:36:29.200219 [debug] [ThreadPool]: On create_MEDICAL_DB_reference: /* {"app": "dbt", "dbt_version": "1.9.0", "profile_name": "medical_project", "target_name": "dev", "connection_name": "create_MEDICAL_DB_reference"} */
create schema if not exists MEDICAL_DB.reference
[0m21:36:29.271407 [debug] [ThreadPool]: SQL status: SUCCESS 1 in 0.070 seconds
[0m21:36:29.276566 [debug] [ThreadPool]: Acquiring new snowflake connection 'list_MEDICAL_DB_snapshots'
[0m21:36:29.278137 [debug] [ThreadPool]: Acquiring new snowflake connection 'list_MEDICAL_DB_gold'
[0m21:36:29.294503 [debug] [ThreadPool]: Using snowflake connection "list_MEDICAL_DB_snapshots"
[0m21:36:29.294503 [debug] [ThreadPool]: Acquiring new snowflake connection 'list_MEDICAL_DB_bronze'
[0m21:36:29.297925 [debug] [ThreadPool]: Using snowflake connection "list_MEDICAL_DB_gold"
[0m21:36:29.297925 [debug] [ThreadPool]: On list_MEDICAL_DB_snapshots: /* {"app": "dbt", "dbt_version": "1.9.0", "profile_name": "medical_project", "target_name": "dev", "connection_name": "list_MEDICAL_DB_snapshots"} */
alter session set quoted_identifiers_ignore_case = false;
[0m21:36:29.302475 [debug] [ThreadPool]: Using snowflake connection "list_MEDICAL_DB_bronze"
[0m21:36:29.303472 [debug] [ThreadPool]: On list_MEDICAL_DB_gold: /* {"app": "dbt", "dbt_version": "1.9.0", "profile_name": "medical_project", "target_name": "dev", "connection_name": "list_MEDICAL_DB_gold"} */
alter session set quoted_identifiers_ignore_case = false;
[0m21:36:29.303472 [debug] [ThreadPool]: Opening a new connection, currently in state init
[0m21:36:29.304474 [debug] [ThreadPool]: On list_MEDICAL_DB_bronze: /* {"app": "dbt", "dbt_version": "1.9.0", "profile_name": "medical_project", "target_name": "dev", "connection_name": "list_MEDICAL_DB_bronze"} */
alter session set quoted_identifiers_ignore_case = false;
[0m21:36:29.304474 [debug] [ThreadPool]: Opening a new connection, currently in state init
[0m21:36:29.307674 [debug] [ThreadPool]: Opening a new connection, currently in state init
[0m21:36:29.713892 [debug] [ThreadPool]: SQL status: SUCCESS 1 in 0.410 seconds
[0m21:36:29.718665 [debug] [ThreadPool]: Using snowflake connection "list_MEDICAL_DB_snapshots"
[0m21:36:29.720663 [debug] [ThreadPool]: SQL status: SUCCESS 1 in 0.416 seconds
[0m21:36:29.721667 [debug] [ThreadPool]: On list_MEDICAL_DB_snapshots: /* {"app": "dbt", "dbt_version": "1.9.0", "profile_name": "medical_project", "target_name": "dev", "connection_name": "list_MEDICAL_DB_snapshots"} */
show objects in MEDICAL_DB.snapshots
    limit 10000
    
;
[0m21:36:29.723196 [debug] [ThreadPool]: SQL status: SUCCESS 1 in 0.415 seconds
[0m21:36:29.724714 [debug] [ThreadPool]: Using snowflake connection "list_MEDICAL_DB_gold"
[0m21:36:29.728393 [debug] [ThreadPool]: Using snowflake connection "list_MEDICAL_DB_bronze"
[0m21:36:29.730322 [debug] [ThreadPool]: On list_MEDICAL_DB_gold: /* {"app": "dbt", "dbt_version": "1.9.0", "profile_name": "medical_project", "target_name": "dev", "connection_name": "list_MEDICAL_DB_gold"} */
show objects in MEDICAL_DB.gold
    limit 10000
    
;
[0m21:36:29.731833 [debug] [ThreadPool]: On list_MEDICAL_DB_bronze: /* {"app": "dbt", "dbt_version": "1.9.0", "profile_name": "medical_project", "target_name": "dev", "connection_name": "list_MEDICAL_DB_bronze"} */
show objects in MEDICAL_DB.bronze
    limit 10000
    
;
[0m21:36:29.799301 [debug] [ThreadPool]: Snowflake adapter: Snowflake query id: 01bf5a90-3201-f7f5-0000-00104c8e83e1
[0m21:36:29.800304 [debug] [ThreadPool]: Snowflake adapter: Snowflake error: 002043 (02000): SQL compilation error:
Object does not exist, or operation cannot be performed.
[0m21:36:29.801812 [debug] [ThreadPool]: Snowflake adapter: Error running SQL: macro list_relations_without_caching
[0m21:36:29.801812 [debug] [ThreadPool]: Snowflake adapter: Rolling back transaction.
[0m21:36:29.802823 [debug] [ThreadPool]: Re-using an available connection from the pool (formerly list_MEDICAL_DB_snapshots, now list_MEDICAL_DB_reference)
[0m21:36:29.807847 [debug] [ThreadPool]: Using snowflake connection "list_MEDICAL_DB_reference"
[0m21:36:29.809849 [debug] [ThreadPool]: SQL status: SUCCESS 1 in 0.078 seconds
[0m21:36:29.811849 [debug] [ThreadPool]: SQL status: SUCCESS 5 in 0.078 seconds
[0m21:36:29.811849 [debug] [ThreadPool]: On list_MEDICAL_DB_reference: /* {"app": "dbt", "dbt_version": "1.9.0", "profile_name": "medical_project", "target_name": "dev", "connection_name": "list_MEDICAL_DB_reference"} */
alter session set quoted_identifiers_ignore_case = false;
[0m21:36:29.814324 [debug] [ThreadPool]: Using snowflake connection "list_MEDICAL_DB_gold"
[0m21:36:29.816800 [debug] [ThreadPool]: Using snowflake connection "list_MEDICAL_DB_bronze"
[0m21:36:29.819039 [debug] [ThreadPool]: On list_MEDICAL_DB_gold: /* {"app": "dbt", "dbt_version": "1.9.0", "profile_name": "medical_project", "target_name": "dev", "connection_name": "list_MEDICAL_DB_gold"} */
alter session unset quoted_identifiers_ignore_case;
[0m21:36:29.820051 [debug] [ThreadPool]: On list_MEDICAL_DB_bronze: /* {"app": "dbt", "dbt_version": "1.9.0", "profile_name": "medical_project", "target_name": "dev", "connection_name": "list_MEDICAL_DB_bronze"} */
alter session unset quoted_identifiers_ignore_case;
[0m21:36:29.871746 [debug] [ThreadPool]: SQL status: SUCCESS 1 in 0.047 seconds
[0m21:36:29.872251 [debug] [ThreadPool]: SQL status: SUCCESS 1 in 0.051 seconds
[0m21:36:29.874771 [debug] [ThreadPool]: Re-using an available connection from the pool (formerly list_MEDICAL_DB_bronze, now list_MEDICAL_DB_silver)
[0m21:36:29.877779 [debug] [ThreadPool]: SQL status: SUCCESS 1 in 0.060 seconds
[0m21:36:29.882854 [debug] [ThreadPool]: Using snowflake connection "list_MEDICAL_DB_silver"
[0m21:36:29.885406 [debug] [ThreadPool]: Using snowflake connection "list_MEDICAL_DB_reference"
[0m21:36:29.885406 [debug] [ThreadPool]: On list_MEDICAL_DB_silver: /* {"app": "dbt", "dbt_version": "1.9.0", "profile_name": "medical_project", "target_name": "dev", "connection_name": "list_MEDICAL_DB_silver"} */
alter session set quoted_identifiers_ignore_case = false;
[0m21:36:29.886402 [debug] [ThreadPool]: On list_MEDICAL_DB_reference: /* {"app": "dbt", "dbt_version": "1.9.0", "profile_name": "medical_project", "target_name": "dev", "connection_name": "list_MEDICAL_DB_reference"} */
show objects in MEDICAL_DB.reference
    limit 10000
    
;
[0m21:36:29.933526 [debug] [ThreadPool]: SQL status: SUCCESS 0 in 0.045 seconds
[0m21:36:29.935539 [debug] [ThreadPool]: Using snowflake connection "list_MEDICAL_DB_reference"
[0m21:36:29.936541 [debug] [ThreadPool]: On list_MEDICAL_DB_reference: /* {"app": "dbt", "dbt_version": "1.9.0", "profile_name": "medical_project", "target_name": "dev", "connection_name": "list_MEDICAL_DB_reference"} */
alter session unset quoted_identifiers_ignore_case;
[0m21:36:29.941679 [debug] [ThreadPool]: SQL status: SUCCESS 1 in 0.054 seconds
[0m21:36:29.943691 [debug] [ThreadPool]: Using snowflake connection "list_MEDICAL_DB_silver"
[0m21:36:29.943691 [debug] [ThreadPool]: On list_MEDICAL_DB_silver: /* {"app": "dbt", "dbt_version": "1.9.0", "profile_name": "medical_project", "target_name": "dev", "connection_name": "list_MEDICAL_DB_silver"} */
show objects in MEDICAL_DB.silver
    limit 10000
    
;
[0m21:36:29.982878 [debug] [ThreadPool]: SQL status: SUCCESS 1 in 0.046 seconds
[0m21:36:30.015953 [debug] [ThreadPool]: SQL status: SUCCESS 3 in 0.071 seconds
[0m21:36:30.020048 [debug] [ThreadPool]: Using snowflake connection "list_MEDICAL_DB_silver"
[0m21:36:30.020048 [debug] [ThreadPool]: On list_MEDICAL_DB_silver: /* {"app": "dbt", "dbt_version": "1.9.0", "profile_name": "medical_project", "target_name": "dev", "connection_name": "list_MEDICAL_DB_silver"} */
alter session unset quoted_identifiers_ignore_case;
[0m21:36:30.073509 [debug] [ThreadPool]: SQL status: SUCCESS 1 in 0.052 seconds
[0m21:36:30.081428 [debug] [Thread-1 (]: Began running node seed.medical_project.diagnosis_codes
[0m21:36:30.082697 [debug] [Thread-2 (]: Began running node seed.medical_project.insurance_types
[0m21:36:30.082697 [debug] [Thread-3 (]: Began running node seed.medical_project.medical_specialties
[0m21:36:30.084280 [info ] [Thread-1 (]: 1 of 3 START seed file reference.diagnosis_codes ............................... [RUN]
[0m21:36:30.086638 [info ] [Thread-2 (]: 2 of 3 START seed file reference.insurance_types ............................... [RUN]
[0m21:36:30.087711 [info ] [Thread-3 (]: 3 of 3 START seed file reference.medical_specialties ........................... [RUN]
[0m21:36:30.089723 [debug] [Thread-1 (]: Acquiring new snowflake connection 'seed.medical_project.diagnosis_codes'
[0m21:36:30.090723 [debug] [Thread-2 (]: Acquiring new snowflake connection 'seed.medical_project.insurance_types'
[0m21:36:30.092227 [debug] [Thread-3 (]: Acquiring new snowflake connection 'seed.medical_project.medical_specialties'
[0m21:36:30.092227 [debug] [Thread-1 (]: Began compiling node seed.medical_project.diagnosis_codes
[0m21:36:30.093735 [debug] [Thread-2 (]: Began compiling node seed.medical_project.insurance_types
[0m21:36:30.093735 [debug] [Thread-3 (]: Began compiling node seed.medical_project.medical_specialties
[0m21:36:30.094749 [debug] [Thread-1 (]: Began executing node seed.medical_project.diagnosis_codes
[0m21:36:30.095757 [debug] [Thread-2 (]: Began executing node seed.medical_project.insurance_types
[0m21:36:30.096766 [debug] [Thread-3 (]: Began executing node seed.medical_project.medical_specialties
[0m21:36:30.145582 [debug] [Thread-1 (]: Using snowflake connection "seed.medical_project.diagnosis_codes"
[0m21:36:30.146593 [debug] [Thread-2 (]: Using snowflake connection "seed.medical_project.insurance_types"
[0m21:36:30.147587 [debug] [Thread-1 (]: On seed.medical_project.diagnosis_codes: /* {"app": "dbt", "dbt_version": "1.9.0", "profile_name": "medical_project", "target_name": "dev", "node_id": "seed.medical_project.diagnosis_codes"} */
create table MEDICAL_DB.reference.diagnosis_codes (diagnosis_name text,diagnosis_category text,icd_10_code text)
[0m21:36:30.148827 [debug] [Thread-3 (]: Using snowflake connection "seed.medical_project.medical_specialties"
[0m21:36:30.149840 [debug] [Thread-2 (]: On seed.medical_project.insurance_types: /* {"app": "dbt", "dbt_version": "1.9.0", "profile_name": "medical_project", "target_name": "dev", "node_id": "seed.medical_project.insurance_types"} */
create table MEDICAL_DB.reference.insurance_types (insurance_type text,category text)
[0m21:36:30.149840 [debug] [Thread-1 (]: Opening a new connection, currently in state init
[0m21:36:30.150841 [debug] [Thread-3 (]: On seed.medical_project.medical_specialties: /* {"app": "dbt", "dbt_version": "1.9.0", "profile_name": "medical_project", "target_name": "dev", "node_id": "seed.medical_project.medical_specialties"} */
create table MEDICAL_DB.reference.medical_specialties (specialty_name text,specialty_category text)
[0m21:36:30.151857 [debug] [Thread-2 (]: Opening a new connection, currently in state init
[0m21:36:30.155306 [debug] [Thread-3 (]: Opening a new connection, currently in state init
[0m21:36:30.439452 [debug] [Thread-1 (]: SQL status: SUCCESS 1 in 0.289 seconds
[0m21:36:30.453531 [debug] [Thread-1 (]: Using snowflake connection "seed.medical_project.diagnosis_codes"
[0m21:36:30.454557 [debug] [Thread-1 (]: On seed.medical_project.diagnosis_codes: /* {"app": "dbt", "dbt_version": "1.9.0", "profile_name": "medical_project", "target_name": "dev", "node_id": "seed.medical_project.diagnosis_codes"} */
BEGIN
[0m21:36:30.516308 [debug] [Thread-1 (]: SQL status: SUCCESS 1 in 0.061 seconds
[0m21:36:30.517309 [debug] [Thread-1 (]: Using snowflake connection "seed.medical_project.diagnosis_codes"
[0m21:36:30.518306 [debug] [Thread-1 (]: On seed.medical_project.diagnosis_codes: /* {"app": "dbt", "dbt_version": "1.9.0", "profile_name": "medical_project", "target_name": "dev", "node_id": "seed.medical_project.diagnosis_codes"} */
insert into MEDICAL_DB.reference.diagnosis_codes (diagnosis_name, diagnosis_category, icd_10_code) values
            (%s,%s,%s),(%s,%s,%s),(%s,%s,%s),(%s,%s,%s),(%s,%s,%s)...
[0m21:36:30.704978 [debug] [Thread-3 (]: SQL status: SUCCESS 1 in 0.550 seconds
[0m21:36:30.708554 [debug] [Thread-3 (]: Using snowflake connection "seed.medical_project.medical_specialties"
[0m21:36:30.709570 [debug] [Thread-3 (]: On seed.medical_project.medical_specialties: /* {"app": "dbt", "dbt_version": "1.9.0", "profile_name": "medical_project", "target_name": "dev", "node_id": "seed.medical_project.medical_specialties"} */
BEGIN
[0m21:36:30.791649 [debug] [Thread-3 (]: SQL status: SUCCESS 1 in 0.082 seconds
[0m21:36:30.794615 [debug] [Thread-3 (]: Using snowflake connection "seed.medical_project.medical_specialties"
[0m21:36:30.795686 [debug] [Thread-3 (]: On seed.medical_project.medical_specialties: /* {"app": "dbt", "dbt_version": "1.9.0", "profile_name": "medical_project", "target_name": "dev", "node_id": "seed.medical_project.medical_specialties"} */
insert into MEDICAL_DB.reference.medical_specialties (specialty_name, specialty_category) values
            (%s,%s),(%s,%s),(%s,%s),(%s,%s),(%s,%s),(%s,%s),(%s,%s)...
[0m21:36:30.818199 [debug] [Thread-2 (]: SQL status: SUCCESS 1 in 0.666 seconds
[0m21:36:30.820193 [debug] [Thread-2 (]: Using snowflake connection "seed.medical_project.insurance_types"
[0m21:36:30.821704 [debug] [Thread-2 (]: On seed.medical_project.insurance_types: /* {"app": "dbt", "dbt_version": "1.9.0", "profile_name": "medical_project", "target_name": "dev", "node_id": "seed.medical_project.insurance_types"} */
BEGIN
[0m21:36:30.833586 [debug] [Thread-1 (]: SQL status: SUCCESS 5 in 0.315 seconds
[0m21:36:30.834596 [debug] [Thread-1 (]: Using snowflake connection "seed.medical_project.diagnosis_codes"
[0m21:36:30.835616 [debug] [Thread-1 (]: On seed.medical_project.diagnosis_codes: /* {"app": "dbt", "dbt_version": "1.9.0", "profile_name": "medical_project", "target_name": "dev", "node_id": "seed.medical_project.diagnosis_codes"} */
COMMIT
[0m21:36:30.886682 [debug] [Thread-2 (]: SQL status: SUCCESS 1 in 0.065 seconds
[0m21:36:30.888144 [debug] [Thread-2 (]: Using snowflake connection "seed.medical_project.insurance_types"
[0m21:36:30.889138 [debug] [Thread-2 (]: On seed.medical_project.insurance_types: /* {"app": "dbt", "dbt_version": "1.9.0", "profile_name": "medical_project", "target_name": "dev", "node_id": "seed.medical_project.insurance_types"} */
insert into MEDICAL_DB.reference.insurance_types (insurance_type, category) values
            (%s,%s),(%s,%s),(%s,%s),(%s,%s)...
[0m21:36:30.978055 [debug] [Thread-1 (]: SQL status: SUCCESS 1 in 0.142 seconds
[0m21:36:30.990018 [debug] [Thread-1 (]: Writing runtime SQL for node "seed.medical_project.diagnosis_codes"
[0m21:36:31.023417 [info ] [Thread-1 (]: 1 of 3 OK loaded seed file reference.diagnosis_codes ........................... [[32mINSERT 5[0m in 0.93s]
[0m21:36:31.024416 [debug] [Thread-1 (]: Finished running node seed.medical_project.diagnosis_codes
[0m21:36:31.075296 [debug] [Thread-3 (]: SQL status: SUCCESS 7 in 0.278 seconds
[0m21:36:31.075296 [debug] [Thread-3 (]: Using snowflake connection "seed.medical_project.medical_specialties"
[0m21:36:31.076805 [debug] [Thread-3 (]: On seed.medical_project.medical_specialties: /* {"app": "dbt", "dbt_version": "1.9.0", "profile_name": "medical_project", "target_name": "dev", "node_id": "seed.medical_project.medical_specialties"} */
COMMIT
[0m21:36:31.162318 [debug] [Thread-2 (]: SQL status: SUCCESS 4 in 0.273 seconds
[0m21:36:31.165357 [debug] [Thread-2 (]: Using snowflake connection "seed.medical_project.insurance_types"
[0m21:36:31.167380 [debug] [Thread-2 (]: On seed.medical_project.insurance_types: /* {"app": "dbt", "dbt_version": "1.9.0", "profile_name": "medical_project", "target_name": "dev", "node_id": "seed.medical_project.insurance_types"} */
COMMIT
[0m21:36:31.255583 [debug] [Thread-3 (]: SQL status: SUCCESS 1 in 0.178 seconds
[0m21:36:31.258117 [debug] [Thread-3 (]: Writing runtime SQL for node "seed.medical_project.medical_specialties"
[0m21:36:31.263656 [info ] [Thread-3 (]: 3 of 3 OK loaded seed file reference.medical_specialties ....................... [[32mINSERT 7[0m in 1.17s]
[0m21:36:31.266191 [debug] [Thread-3 (]: Finished running node seed.medical_project.medical_specialties
[0m21:36:31.364513 [debug] [Thread-2 (]: SQL status: SUCCESS 1 in 0.196 seconds
[0m21:36:31.365525 [debug] [Thread-2 (]: Writing runtime SQL for node "seed.medical_project.insurance_types"
[0m21:36:31.371555 [info ] [Thread-2 (]: 2 of 3 OK loaded seed file reference.insurance_types ........................... [[32mINSERT 4[0m in 1.28s]
[0m21:36:31.373885 [debug] [Thread-2 (]: Finished running node seed.medical_project.insurance_types
[0m21:36:31.376881 [debug] [MainThread]: Connection 'master' was properly closed.
[0m21:36:31.378338 [debug] [MainThread]: Connection 'create_MEDICAL_DB_reference' was left open.
[0m21:36:31.378338 [debug] [MainThread]: On create_MEDICAL_DB_reference: Close
[0m21:36:31.434459 [debug] [MainThread]: Connection 'list_MEDICAL_DB_reference' was left open.
[0m21:36:31.435469 [debug] [MainThread]: On list_MEDICAL_DB_reference: Close
[0m21:36:31.481976 [debug] [MainThread]: Connection 'list_MEDICAL_DB_gold' was left open.
[0m21:36:31.482990 [debug] [MainThread]: On list_MEDICAL_DB_gold: Close
[0m21:36:31.534327 [debug] [MainThread]: Connection 'list_MEDICAL_DB_silver' was left open.
[0m21:36:31.535591 [debug] [MainThread]: On list_MEDICAL_DB_silver: Close
[0m21:36:31.587036 [debug] [MainThread]: Connection 'seed.medical_project.diagnosis_codes' was left open.
[0m21:36:31.588102 [debug] [MainThread]: On seed.medical_project.diagnosis_codes: Close
[0m21:36:31.636694 [debug] [MainThread]: Connection 'seed.medical_project.insurance_types' was left open.
[0m21:36:31.637720 [debug] [MainThread]: On seed.medical_project.insurance_types: Close
[0m21:36:31.685992 [debug] [MainThread]: Connection 'seed.medical_project.medical_specialties' was left open.
[0m21:36:31.686992 [debug] [MainThread]: On seed.medical_project.medical_specialties: Close
[0m21:36:31.736967 [info ] [MainThread]: 
[0m21:36:31.738140 [info ] [MainThread]: Finished running 3 seeds in 0 hours 0 minutes and 3.46 seconds (3.46s).
[0m21:36:31.740162 [debug] [MainThread]: Command end result
[0m21:36:31.787317 [debug] [MainThread]: Wrote artifact WritableManifest to C:\Users\ADMIN\dbt_core\medical_project\target\manifest.json
[0m21:36:31.791513 [debug] [MainThread]: Wrote artifact SemanticManifest to C:\Users\ADMIN\dbt_core\medical_project\target\semantic_manifest.json
[0m21:36:31.798539 [debug] [MainThread]: Wrote artifact RunExecutionResult to C:\Users\ADMIN\dbt_core\medical_project\target\run_results.json
[0m21:36:31.799540 [info ] [MainThread]: 
[0m21:36:31.800539 [info ] [MainThread]: [32mCompleted successfully[0m
[0m21:36:31.802047 [info ] [MainThread]: 
[0m21:36:31.802047 [info ] [MainThread]: Done. PASS=3 WARN=0 ERROR=0 SKIP=0 TOTAL=3
[0m21:36:31.804570 [debug] [MainThread]: Command `dbt seed` succeeded at 21:36:31.804570 after 5.43 seconds
[0m21:36:31.804570 [debug] [MainThread]: Flushing usage events
[0m21:36:36.871226 [debug] [MainThread]: Got an exception trying to initialize tracking


============================== 21:36:36.901560 | 8ddbe747-2519-4551-8319-62c228b382f1 ==============================
[0m21:36:36.901560 [info ] [MainThread]: Running with dbt=1.9.0
[0m21:36:36.902568 [debug] [MainThread]: running dbt with arguments {'printer_width': '80', 'indirect_selection': 'eager', 'write_json': 'True', 'log_cache_events': 'False', 'partial_parse': 'True', 'cache_selected_only': 'False', 'warn_error': 'None', 'version_check': 'True', 'profiles_dir': 'C:\\Users\\ADMIN\\.dbt', 'log_path': 'C:\\Users\\ADMIN\\dbt_core\\medical_project\\logs', 'fail_fast': 'False', 'debug': 'False', 'use_colors': 'True', 'use_experimental_parser': 'False', 'empty': 'False', 'quiet': 'False', 'no_print': 'None', 'log_format': 'default', 'introspect': 'True', 'static_parser': 'True', 'warn_error_options': 'WarnErrorOptions(include=[], exclude=[])', 'target_path': 'None', 'invocation_command': 'dbt run', 'send_anonymous_usage_stats': 'True'}
[0m21:36:37.460277 [info ] [MainThread]: Registered adapter: snowflake=1.9.4
[0m21:36:37.906482 [debug] [MainThread]: checksum: c99e828bba267739642b5a3ce85f17518764ea526e0e6c4fdc649171c1a66bff, vars: {}, profile: , target: , version: 1.9.0
[0m21:36:38.207491 [debug] [MainThread]: Partial parsing enabled: 0 files deleted, 0 files added, 0 files changed.
[0m21:36:38.208488 [debug] [MainThread]: Partial parsing enabled, no changes found, skipping parsing
[0m21:36:38.457537 [debug] [MainThread]: Wrote artifact WritableManifest to C:\Users\ADMIN\dbt_core\medical_project\target\manifest.json
[0m21:36:38.476701 [debug] [MainThread]: Wrote artifact SemanticManifest to C:\Users\ADMIN\dbt_core\medical_project\target\semantic_manifest.json
[0m21:36:38.506317 [info ] [MainThread]: Found 17 models, 2 snapshots, 24 data tests, 3 seeds, 5 sources, 483 macros
[0m21:36:38.511318 [info ] [MainThread]: 
[0m21:36:38.511318 [info ] [MainThread]: Concurrency: 3 threads (target='dev')
[0m21:36:38.512827 [info ] [MainThread]: 
[0m21:36:38.514342 [debug] [MainThread]: Acquiring new snowflake connection 'master'
[0m21:36:38.523891 [debug] [ThreadPool]: Acquiring new snowflake connection 'list_MEDICAL_DB'
[0m21:36:38.541621 [debug] [ThreadPool]: Acquiring new snowflake connection 'list_MEDICAL_DB'
[0m21:36:38.549503 [debug] [ThreadPool]: Acquiring new snowflake connection 'list_MEDICAL_DB'
[0m21:36:38.645575 [debug] [ThreadPool]: Using snowflake connection "list_MEDICAL_DB"
[0m21:36:38.646562 [debug] [ThreadPool]: Using snowflake connection "list_MEDICAL_DB"
[0m21:36:38.646562 [debug] [ThreadPool]: Using snowflake connection "list_MEDICAL_DB"
[0m21:36:38.647932 [debug] [ThreadPool]: On list_MEDICAL_DB: /* {"app": "dbt", "dbt_version": "1.9.0", "profile_name": "medical_project", "target_name": "dev", "connection_name": "list_MEDICAL_DB"} */
show terse schemas in database MEDICAL_DB
    limit 10000
[0m21:36:38.647932 [debug] [ThreadPool]: On list_MEDICAL_DB: /* {"app": "dbt", "dbt_version": "1.9.0", "profile_name": "medical_project", "target_name": "dev", "connection_name": "list_MEDICAL_DB"} */
show terse schemas in database MEDICAL_DB
    limit 10000
[0m21:36:38.648931 [debug] [ThreadPool]: On list_MEDICAL_DB: /* {"app": "dbt", "dbt_version": "1.9.0", "profile_name": "medical_project", "target_name": "dev", "connection_name": "list_MEDICAL_DB"} */
show terse schemas in database MEDICAL_DB
    limit 10000
[0m21:36:38.649933 [debug] [ThreadPool]: Opening a new connection, currently in state init
[0m21:36:38.649933 [debug] [ThreadPool]: Opening a new connection, currently in state init
[0m21:36:38.651444 [debug] [ThreadPool]: Opening a new connection, currently in state init
[0m21:36:38.939221 [debug] [ThreadPool]: SQL status: SUCCESS 8 in 0.289 seconds
[0m21:36:38.960423 [debug] [ThreadPool]: SQL status: SUCCESS 8 in 0.309 seconds
[0m21:36:39.096104 [debug] [ThreadPool]: SQL status: SUCCESS 8 in 0.446 seconds
[0m21:36:39.102121 [debug] [ThreadPool]: Acquiring new snowflake connection 'list_MEDICAL_DB_silver'
[0m21:36:39.103633 [debug] [ThreadPool]: Acquiring new snowflake connection 'list_MEDICAL_DB_bronze'
[0m21:36:39.118364 [debug] [ThreadPool]: Using snowflake connection "list_MEDICAL_DB_silver"
[0m21:36:39.119364 [debug] [ThreadPool]: Acquiring new snowflake connection 'list_MEDICAL_DB_reference'
[0m21:36:39.122776 [debug] [ThreadPool]: Using snowflake connection "list_MEDICAL_DB_bronze"
[0m21:36:39.122776 [debug] [ThreadPool]: On list_MEDICAL_DB_silver: /* {"app": "dbt", "dbt_version": "1.9.0", "profile_name": "medical_project", "target_name": "dev", "connection_name": "list_MEDICAL_DB_silver"} */
alter session set quoted_identifiers_ignore_case = false;
[0m21:36:39.126317 [debug] [ThreadPool]: Using snowflake connection "list_MEDICAL_DB_reference"
[0m21:36:39.126317 [debug] [ThreadPool]: On list_MEDICAL_DB_bronze: /* {"app": "dbt", "dbt_version": "1.9.0", "profile_name": "medical_project", "target_name": "dev", "connection_name": "list_MEDICAL_DB_bronze"} */
alter session set quoted_identifiers_ignore_case = false;
[0m21:36:39.127433 [debug] [ThreadPool]: Opening a new connection, currently in state init
[0m21:36:39.128430 [debug] [ThreadPool]: On list_MEDICAL_DB_reference: /* {"app": "dbt", "dbt_version": "1.9.0", "profile_name": "medical_project", "target_name": "dev", "connection_name": "list_MEDICAL_DB_reference"} */
alter session set quoted_identifiers_ignore_case = false;
[0m21:36:39.128430 [debug] [ThreadPool]: Opening a new connection, currently in state init
[0m21:36:39.131412 [debug] [ThreadPool]: Opening a new connection, currently in state init
[0m21:36:39.314736 [debug] [ThreadPool]: SQL status: SUCCESS 1 in 0.183 seconds
[0m21:36:39.322727 [debug] [ThreadPool]: Using snowflake connection "list_MEDICAL_DB_reference"
[0m21:36:39.324243 [debug] [ThreadPool]: On list_MEDICAL_DB_reference: /* {"app": "dbt", "dbt_version": "1.9.0", "profile_name": "medical_project", "target_name": "dev", "connection_name": "list_MEDICAL_DB_reference"} */
show objects in MEDICAL_DB.reference
    limit 10000
    
;
[0m21:36:39.387716 [debug] [ThreadPool]: SQL status: SUCCESS 3 in 0.063 seconds
[0m21:36:39.390717 [debug] [ThreadPool]: Using snowflake connection "list_MEDICAL_DB_reference"
[0m21:36:39.390717 [debug] [ThreadPool]: On list_MEDICAL_DB_reference: /* {"app": "dbt", "dbt_version": "1.9.0", "profile_name": "medical_project", "target_name": "dev", "connection_name": "list_MEDICAL_DB_reference"} */
alter session unset quoted_identifiers_ignore_case;
[0m21:36:39.449917 [debug] [ThreadPool]: SQL status: SUCCESS 1 in 0.058 seconds
[0m21:36:39.452448 [debug] [ThreadPool]: Re-using an available connection from the pool (formerly list_MEDICAL_DB_reference, now list_MEDICAL_DB_snapshots)
[0m21:36:39.456452 [debug] [ThreadPool]: Using snowflake connection "list_MEDICAL_DB_snapshots"
[0m21:36:39.456452 [debug] [ThreadPool]: On list_MEDICAL_DB_snapshots: /* {"app": "dbt", "dbt_version": "1.9.0", "profile_name": "medical_project", "target_name": "dev", "connection_name": "list_MEDICAL_DB_snapshots"} */
alter session set quoted_identifiers_ignore_case = false;
[0m21:36:39.498665 [debug] [ThreadPool]: SQL status: SUCCESS 1 in 0.042 seconds
[0m21:36:39.501524 [debug] [ThreadPool]: Using snowflake connection "list_MEDICAL_DB_snapshots"
[0m21:36:39.502560 [debug] [ThreadPool]: On list_MEDICAL_DB_snapshots: /* {"app": "dbt", "dbt_version": "1.9.0", "profile_name": "medical_project", "target_name": "dev", "connection_name": "list_MEDICAL_DB_snapshots"} */
show objects in MEDICAL_DB.snapshots
    limit 10000
    
;
[0m21:36:39.560047 [debug] [ThreadPool]: Snowflake adapter: Snowflake query id: 01bf5a90-3201-f7f5-0000-00104c8e840d
[0m21:36:39.561556 [debug] [ThreadPool]: Snowflake adapter: Snowflake error: 002043 (02000): SQL compilation error:
Object does not exist, or operation cannot be performed.
[0m21:36:39.562565 [debug] [ThreadPool]: Snowflake adapter: Error running SQL: macro list_relations_without_caching
[0m21:36:39.562565 [debug] [ThreadPool]: Snowflake adapter: Rolling back transaction.
[0m21:36:39.564571 [debug] [ThreadPool]: Re-using an available connection from the pool (formerly list_MEDICAL_DB_snapshots, now list_MEDICAL_DB_gold)
[0m21:36:39.568091 [debug] [ThreadPool]: Using snowflake connection "list_MEDICAL_DB_gold"
[0m21:36:39.570091 [debug] [ThreadPool]: SQL status: SUCCESS 1 in 0.441 seconds
[0m21:36:39.570091 [debug] [ThreadPool]: SQL status: SUCCESS 1 in 0.443 seconds
[0m21:36:39.570091 [debug] [ThreadPool]: On list_MEDICAL_DB_gold: /* {"app": "dbt", "dbt_version": "1.9.0", "profile_name": "medical_project", "target_name": "dev", "connection_name": "list_MEDICAL_DB_gold"} */
alter session set quoted_identifiers_ignore_case = false;
[0m21:36:39.572611 [debug] [ThreadPool]: Using snowflake connection "list_MEDICAL_DB_bronze"
[0m21:36:39.574611 [debug] [ThreadPool]: Using snowflake connection "list_MEDICAL_DB_silver"
[0m21:36:39.576608 [debug] [ThreadPool]: On list_MEDICAL_DB_bronze: /* {"app": "dbt", "dbt_version": "1.9.0", "profile_name": "medical_project", "target_name": "dev", "connection_name": "list_MEDICAL_DB_bronze"} */
show objects in MEDICAL_DB.bronze
    limit 10000
    
;
[0m21:36:39.577609 [debug] [ThreadPool]: On list_MEDICAL_DB_silver: /* {"app": "dbt", "dbt_version": "1.9.0", "profile_name": "medical_project", "target_name": "dev", "connection_name": "list_MEDICAL_DB_silver"} */
show objects in MEDICAL_DB.silver
    limit 10000
    
;
[0m21:36:39.618879 [debug] [ThreadPool]: SQL status: SUCCESS 1 in 0.043 seconds
[0m21:36:39.621388 [debug] [ThreadPool]: Using snowflake connection "list_MEDICAL_DB_gold"
[0m21:36:39.622397 [debug] [ThreadPool]: On list_MEDICAL_DB_gold: /* {"app": "dbt", "dbt_version": "1.9.0", "profile_name": "medical_project", "target_name": "dev", "connection_name": "list_MEDICAL_DB_gold"} */
show objects in MEDICAL_DB.gold
    limit 10000
    
;
[0m21:36:39.632757 [debug] [ThreadPool]: SQL status: SUCCESS 3 in 0.053 seconds
[0m21:36:39.635296 [debug] [ThreadPool]: Using snowflake connection "list_MEDICAL_DB_silver"
[0m21:36:39.636278 [debug] [ThreadPool]: On list_MEDICAL_DB_silver: /* {"app": "dbt", "dbt_version": "1.9.0", "profile_name": "medical_project", "target_name": "dev", "connection_name": "list_MEDICAL_DB_silver"} */
alter session unset quoted_identifiers_ignore_case;
[0m21:36:39.638282 [debug] [ThreadPool]: SQL status: SUCCESS 5 in 0.059 seconds
[0m21:36:39.641786 [debug] [ThreadPool]: Using snowflake connection "list_MEDICAL_DB_bronze"
[0m21:36:39.642800 [debug] [ThreadPool]: On list_MEDICAL_DB_bronze: /* {"app": "dbt", "dbt_version": "1.9.0", "profile_name": "medical_project", "target_name": "dev", "connection_name": "list_MEDICAL_DB_bronze"} */
alter session unset quoted_identifiers_ignore_case;
[0m21:36:39.676361 [debug] [ThreadPool]: SQL status: SUCCESS 1 in 0.053 seconds
[0m21:36:39.678591 [debug] [ThreadPool]: Using snowflake connection "list_MEDICAL_DB_gold"
[0m21:36:39.679588 [debug] [ThreadPool]: On list_MEDICAL_DB_gold: /* {"app": "dbt", "dbt_version": "1.9.0", "profile_name": "medical_project", "target_name": "dev", "connection_name": "list_MEDICAL_DB_gold"} */
alter session unset quoted_identifiers_ignore_case;
[0m21:36:39.685451 [debug] [ThreadPool]: SQL status: SUCCESS 1 in 0.042 seconds
[0m21:36:39.690562 [debug] [ThreadPool]: SQL status: SUCCESS 1 in 0.053 seconds
[0m21:36:39.723613 [debug] [ThreadPool]: SQL status: SUCCESS 1 in 0.045 seconds
[0m21:36:39.731375 [debug] [Thread-1 (]: Began running node model.medical_project.bronze_appointments
[0m21:36:39.732616 [debug] [Thread-2 (]: Began running node model.medical_project.bronze_billing
[0m21:36:39.732616 [debug] [Thread-3 (]: Began running node model.medical_project.bronze_doctors
[0m21:36:39.734278 [info ] [Thread-1 (]: 1 of 17 START sql table model bronze.bronze_appointments ....................... [RUN]
[0m21:36:39.735560 [info ] [Thread-2 (]: 2 of 17 START sql table model bronze.bronze_billing ............................ [RUN]
[0m21:36:39.736566 [info ] [Thread-3 (]: 3 of 17 START sql table model bronze.bronze_doctors ............................ [RUN]
[0m21:36:39.737637 [debug] [Thread-1 (]: Acquiring new snowflake connection 'model.medical_project.bronze_appointments'
[0m21:36:39.738646 [debug] [Thread-2 (]: Acquiring new snowflake connection 'model.medical_project.bronze_billing'
[0m21:36:39.739639 [debug] [Thread-3 (]: Acquiring new snowflake connection 'model.medical_project.bronze_doctors'
[0m21:36:39.740657 [debug] [Thread-1 (]: Began compiling node model.medical_project.bronze_appointments
[0m21:36:39.741679 [debug] [Thread-2 (]: Began compiling node model.medical_project.bronze_billing
[0m21:36:39.742687 [debug] [Thread-3 (]: Began compiling node model.medical_project.bronze_doctors
[0m21:36:39.755431 [debug] [Thread-1 (]: Writing injected SQL for node "model.medical_project.bronze_appointments"
[0m21:36:39.762688 [debug] [Thread-2 (]: Writing injected SQL for node "model.medical_project.bronze_billing"
[0m21:36:39.766244 [debug] [Thread-3 (]: Writing injected SQL for node "model.medical_project.bronze_doctors"
[0m21:36:39.768353 [debug] [Thread-1 (]: Began executing node model.medical_project.bronze_appointments
[0m21:36:39.774415 [debug] [Thread-3 (]: Began executing node model.medical_project.bronze_doctors
[0m21:36:39.775418 [debug] [Thread-2 (]: Began executing node model.medical_project.bronze_billing
[0m21:36:39.808931 [debug] [Thread-1 (]: Writing runtime sql for node "model.medical_project.bronze_appointments"
[0m21:36:39.813659 [debug] [Thread-3 (]: Writing runtime sql for node "model.medical_project.bronze_doctors"
[0m21:36:39.816688 [debug] [Thread-2 (]: Writing runtime sql for node "model.medical_project.bronze_billing"
[0m21:36:39.818891 [debug] [Thread-1 (]: Using snowflake connection "model.medical_project.bronze_appointments"
[0m21:36:39.819891 [debug] [Thread-1 (]: On model.medical_project.bronze_appointments: /* {"app": "dbt", "dbt_version": "1.9.0", "profile_name": "medical_project", "target_name": "dev", "node_id": "model.medical_project.bronze_appointments"} */
create or replace transient table MEDICAL_DB.bronze.bronze_appointments
    

    
    as (

SELECT
  appointment_id,
  patient_id,
  doctor_id,
  appointment_date,
  appointment_type,
  status,
  duration_minutes,
  notes,
  created_at,
  created_at AS updated_at,
  CURRENT_TIMESTAMP() AS dbt_loaded_at,
  '8ddbe747-2519-4551-8319-62c228b382f1' AS dbt_batch_id
FROM MEDICAL_DB.RAW.appointments
WHERE appointment_id IS NOT NULL
    )
;
[0m21:36:39.821401 [debug] [Thread-3 (]: Using snowflake connection "model.medical_project.bronze_doctors"
[0m21:36:39.822503 [debug] [Thread-1 (]: Opening a new connection, currently in state init
[0m21:36:39.824425 [debug] [Thread-2 (]: Using snowflake connection "model.medical_project.bronze_billing"
[0m21:36:39.824425 [debug] [Thread-3 (]: On model.medical_project.bronze_doctors: /* {"app": "dbt", "dbt_version": "1.9.0", "profile_name": "medical_project", "target_name": "dev", "node_id": "model.medical_project.bronze_doctors"} */
create or replace transient table MEDICAL_DB.bronze.bronze_doctors
    

    
    as (

SELECT
  doctor_id,
  doctor_name,
  specialty,
  department_id,
  phone,
  email,
  license_number,
  years_experience,
  is_active,
  hired_date,
  CURRENT_TIMESTAMP() AS dbt_loaded_at,
  '8ddbe747-2519-4551-8319-62c228b382f1' AS dbt_batch_id
FROM MEDICAL_DB.RAW.doctors
WHERE doctor_id IS NOT NULL
    )
;
[0m21:36:39.827826 [debug] [Thread-2 (]: On model.medical_project.bronze_billing: /* {"app": "dbt", "dbt_version": "1.9.0", "profile_name": "medical_project", "target_name": "dev", "node_id": "model.medical_project.bronze_billing"} */
create or replace transient table MEDICAL_DB.bronze.bronze_billing
    

    
    as (

SELECT
  billing_id,
  appointment_id,
  patient_id,
  total_amount,
  insurance_paid,
  patient_paid,
  billing_date,
  payment_status,
  insurance_claim_number,
  created_at,
  created_at AS updated_at,
  CURRENT_TIMESTAMP() AS dbt_loaded_at,
  '8ddbe747-2519-4551-8319-62c228b382f1' AS dbt_batch_id
FROM MEDICAL_DB.RAW.billing
WHERE billing_id IS NOT NULL
    )
;
[0m21:36:39.828823 [debug] [Thread-3 (]: Opening a new connection, currently in state init
[0m21:36:39.830184 [debug] [Thread-2 (]: Opening a new connection, currently in state init
[0m21:36:40.507254 [debug] [Thread-2 (]: SQL status: SUCCESS 1 in 0.677 seconds
[0m21:36:40.544678 [debug] [Thread-1 (]: SQL status: SUCCESS 1 in 0.723 seconds
[0m21:36:40.547719 [info ] [Thread-2 (]: 2 of 17 OK created sql table model bronze.bronze_billing ....................... [[32mSUCCESS 1[0m in 0.81s]
[0m21:36:40.549720 [debug] [Thread-2 (]: Finished running node model.medical_project.bronze_billing
[0m21:36:40.548721 [info ] [Thread-1 (]: 1 of 17 OK created sql table model bronze.bronze_appointments .................. [[32mSUCCESS 1[0m in 0.81s]
[0m21:36:40.549720 [debug] [Thread-2 (]: Began running node model.medical_project.bronze_medical_records
[0m21:36:40.551177 [debug] [Thread-1 (]: Finished running node model.medical_project.bronze_appointments
[0m21:36:40.551837 [info ] [Thread-2 (]: 4 of 17 START sql table model bronze.bronze_medical_records .................... [RUN]
[0m21:36:40.552231 [debug] [Thread-1 (]: Began running node model.medical_project.bronze_patients
[0m21:36:40.553738 [debug] [Thread-2 (]: Re-using an available connection from the pool (formerly model.medical_project.bronze_billing, now model.medical_project.bronze_medical_records)
[0m21:36:40.554765 [info ] [Thread-1 (]: 5 of 17 START sql table model bronze.bronze_patients ........................... [RUN]
[0m21:36:40.555778 [debug] [Thread-2 (]: Began compiling node model.medical_project.bronze_medical_records
[0m21:36:40.556924 [debug] [Thread-1 (]: Re-using an available connection from the pool (formerly model.medical_project.bronze_appointments, now model.medical_project.bronze_patients)
[0m21:36:40.561657 [debug] [Thread-2 (]: Writing injected SQL for node "model.medical_project.bronze_medical_records"
[0m21:36:40.562170 [debug] [Thread-1 (]: Began compiling node model.medical_project.bronze_patients
[0m21:36:40.568987 [debug] [Thread-1 (]: Writing injected SQL for node "model.medical_project.bronze_patients"
[0m21:36:40.569995 [debug] [Thread-2 (]: Began executing node model.medical_project.bronze_medical_records
[0m21:36:40.574620 [debug] [Thread-2 (]: Writing runtime sql for node "model.medical_project.bronze_medical_records"
[0m21:36:40.575640 [debug] [Thread-1 (]: Began executing node model.medical_project.bronze_patients
[0m21:36:40.580698 [debug] [Thread-1 (]: Writing runtime sql for node "model.medical_project.bronze_patients"
[0m21:36:40.582211 [debug] [Thread-2 (]: Using snowflake connection "model.medical_project.bronze_medical_records"
[0m21:36:40.582211 [debug] [Thread-2 (]: On model.medical_project.bronze_medical_records: /* {"app": "dbt", "dbt_version": "1.9.0", "profile_name": "medical_project", "target_name": "dev", "node_id": "model.medical_project.bronze_medical_records"} */
create or replace transient table MEDICAL_DB.bronze.bronze_medical_records
    

    
    as (

SELECT
  record_id,
  appointment_id,
  patient_id,
  diagnosis,
  treatment_plan,
  prescription,
  follow_up_required,
  severity,
  created_at,
  created_at AS updated_at,
  CURRENT_TIMESTAMP() AS dbt_loaded_at,
  '8ddbe747-2519-4551-8319-62c228b382f1' AS dbt_batch_id
FROM MEDICAL_DB.RAW.medical_records
WHERE record_id IS NOT NULL
    )
;
[0m21:36:40.583720 [debug] [Thread-1 (]: Using snowflake connection "model.medical_project.bronze_patients"
[0m21:36:40.586336 [debug] [Thread-1 (]: On model.medical_project.bronze_patients: /* {"app": "dbt", "dbt_version": "1.9.0", "profile_name": "medical_project", "target_name": "dev", "node_id": "model.medical_project.bronze_patients"} */
create or replace transient table MEDICAL_DB.bronze.bronze_patients
    

    
    as (

SELECT
  patient_id,
  first_name,
  last_name,
  date_of_birth,
  gender,
  blood_type,
  phone,
  email,
  address,
  city,
  state,
  zip_code,
  insurance_type,
  emergency_contact,
  created_at,
  created_at AS updated_at,
  CURRENT_TIMESTAMP() AS dbt_loaded_at,
  '8ddbe747-2519-4551-8319-62c228b382f1' AS dbt_batch_id
FROM MEDICAL_DB.RAW.patients
WHERE patient_id IS NOT NULL
    )
;
[0m21:36:40.646599 [debug] [Thread-3 (]: SQL status: SUCCESS 1 in 0.817 seconds
[0m21:36:40.650222 [info ] [Thread-3 (]: 3 of 17 OK created sql table model bronze.bronze_doctors ....................... [[32mSUCCESS 1[0m in 0.91s]
[0m21:36:40.651736 [debug] [Thread-3 (]: Finished running node model.medical_project.bronze_doctors
[0m21:36:40.653755 [debug] [Thread-3 (]: Began running node model.medical_project.silver_billing
[0m21:36:40.654749 [info ] [Thread-3 (]: 6 of 17 START sql table model silver.silver_billing ............................ [RUN]
[0m21:36:40.655746 [debug] [Thread-3 (]: Re-using an available connection from the pool (formerly model.medical_project.bronze_doctors, now model.medical_project.silver_billing)
[0m21:36:40.656745 [debug] [Thread-3 (]: Began compiling node model.medical_project.silver_billing
[0m21:36:40.661858 [debug] [Thread-3 (]: Writing injected SQL for node "model.medical_project.silver_billing"
[0m21:36:40.664272 [debug] [Thread-3 (]: Began executing node model.medical_project.silver_billing
[0m21:36:40.668347 [debug] [Thread-3 (]: Writing runtime sql for node "model.medical_project.silver_billing"
[0m21:36:40.671857 [debug] [Thread-3 (]: Using snowflake connection "model.medical_project.silver_billing"
[0m21:36:40.672864 [debug] [Thread-3 (]: On model.medical_project.silver_billing: /* {"app": "dbt", "dbt_version": "1.9.0", "profile_name": "medical_project", "target_name": "dev", "node_id": "model.medical_project.silver_billing"} */
create or replace transient table MEDICAL_DB.silver.silver_billing
    

    
    as (

SELECT
  billing_id,
  appointment_id,
  patient_id,
  total_amount,
  insurance_paid,
  patient_paid,
  ROUND((insurance_paid / NULLIF(total_amount, 0)) * 100, 2) AS insurance_coverage_percentage,
  CASE 
    WHEN total_amount >= 1000 THEN 'High Value'
    WHEN total_amount >= 500 THEN 'Medium Value'
    ELSE 'Low Value' END AS revenue_tier,
  CASE 
    WHEN (insurance_paid / NULLIF(total_amount, 0)) >= 0.9 THEN 'Excellent Coverage'
    WHEN (insurance_paid / NULLIF(total_amount, 0)) >= 0.7 THEN 'Good Coverage'
    WHEN (insurance_paid / NULLIF(total_amount, 0)) >= 0.5 THEN 'Fair Coverage'
    ELSE 'Poor Coverage' END AS coverage_quality,
  billing_date,
  DATEDIFF('day', billing_date, CURRENT_DATE()) AS days_since_billing,
  payment_status,
  CASE 
    WHEN payment_status = 'Paid' THEN 'Collected'
    WHEN payment_status = 'Pending' THEN 'Outstanding'
    WHEN payment_status = 'Denied' THEN 'Collection'
    ELSE 'Review' END AS collection_status,
  CASE WHEN payment_status != 'Paid' AND DATEDIFF('day', billing_date, CURRENT_DATE()) > 30 THEN 1 ELSE 0 END AS is_overdue,
  insurance_claim_number,
  created_at,
  updated_at,
  dbt_loaded_at,
  dbt_batch_id
FROM MEDICAL_DB.bronze.bronze_billing
WHERE billing_id IS NOT NULL
    )
;
[0m21:36:41.070329 [debug] [Thread-1 (]: SQL status: SUCCESS 1 in 0.483 seconds
[0m21:36:41.075383 [info ] [Thread-1 (]: 5 of 17 OK created sql table model bronze.bronze_patients ...................... [[32mSUCCESS 1[0m in 0.52s]
[0m21:36:41.077897 [debug] [Thread-1 (]: Finished running node model.medical_project.bronze_patients
[0m21:36:41.079275 [debug] [Thread-1 (]: Began running node model.medical_project.silver_appointments
[0m21:36:41.080375 [info ] [Thread-1 (]: 7 of 17 START sql table model silver.silver_appointments ....................... [RUN]
[0m21:36:41.081882 [debug] [Thread-1 (]: Re-using an available connection from the pool (formerly model.medical_project.bronze_patients, now model.medical_project.silver_appointments)
[0m21:36:41.082893 [debug] [Thread-1 (]: Began compiling node model.medical_project.silver_appointments
[0m21:36:41.087435 [debug] [Thread-1 (]: Writing injected SQL for node "model.medical_project.silver_appointments"
[0m21:36:41.088435 [debug] [Thread-1 (]: Began executing node model.medical_project.silver_appointments
[0m21:36:41.092947 [debug] [Thread-1 (]: Writing runtime sql for node "model.medical_project.silver_appointments"
[0m21:36:41.096470 [debug] [Thread-1 (]: Using snowflake connection "model.medical_project.silver_appointments"
[0m21:36:41.096470 [debug] [Thread-1 (]: On model.medical_project.silver_appointments: /* {"app": "dbt", "dbt_version": "1.9.0", "profile_name": "medical_project", "target_name": "dev", "node_id": "model.medical_project.silver_appointments"} */
create or replace transient table MEDICAL_DB.silver.silver_appointments
    

    
    as (

SELECT
  appointment_id,
  patient_id,
  doctor_id,
  appointment_date,
  DATE(appointment_date) AS appointment_date_only,
  TIME(appointment_date) AS appointment_time,
  EXTRACT(HOUR FROM appointment_date) AS appointment_hour,
  DAYNAME(appointment_date) AS day_of_week,
  CASE WHEN DAYNAME(appointment_date) IN ('Saturday','Sunday') THEN 'Weekend' ELSE 'Weekday' END AS day_type,
  CASE 
    WHEN EXTRACT(HOUR FROM appointment_date) BETWEEN 6 AND 11 THEN 'Morning'
    WHEN EXTRACT(HOUR FROM appointment_date) BETWEEN 12 AND 17 THEN 'Afternoon'
    WHEN EXTRACT(HOUR FROM appointment_date) BETWEEN 18 AND 21 THEN 'Evening'
    ELSE 'After Hours' END AS time_slot,
  appointment_type,
  status,
  CASE WHEN status = 'Completed' THEN 1 ELSE 0 END AS is_completed,
  CASE WHEN status = 'No-Show' THEN 1 ELSE 0 END AS is_no_show,
  CASE WHEN status = 'Cancelled' THEN 1 ELSE 0 END AS is_cancelled,
  duration_minutes,
  CASE 
    WHEN duration_minutes <= 15 THEN 'Short'
    WHEN duration_minutes <= 45 THEN 'Standard'
    ELSE 'Extended' END AS duration_category,
  notes,
  created_at,
  updated_at,
  dbt_loaded_at,
  dbt_batch_id
FROM MEDICAL_DB.bronze.bronze_appointments
WHERE appointment_id IS NOT NULL
    )
;
[0m21:36:41.110399 [debug] [Thread-2 (]: SQL status: SUCCESS 1 in 0.526 seconds
[0m21:36:41.113936 [info ] [Thread-2 (]: 4 of 17 OK created sql table model bronze.bronze_medical_records ............... [[32mSUCCESS 1[0m in 0.56s]
[0m21:36:41.114440 [debug] [Thread-2 (]: Finished running node model.medical_project.bronze_medical_records
[0m21:36:41.115951 [debug] [Thread-2 (]: Began running node model.medical_project.silver_doctors
[0m21:36:41.116973 [info ] [Thread-2 (]: 8 of 17 START sql table model silver.silver_doctors ............................ [RUN]
[0m21:36:41.117485 [debug] [Thread-2 (]: Re-using an available connection from the pool (formerly model.medical_project.bronze_medical_records, now model.medical_project.silver_doctors)
[0m21:36:41.117485 [debug] [Thread-2 (]: Began compiling node model.medical_project.silver_doctors
[0m21:36:41.122517 [debug] [Thread-2 (]: Writing injected SQL for node "model.medical_project.silver_doctors"
[0m21:36:41.124536 [debug] [Thread-2 (]: Began executing node model.medical_project.silver_doctors
[0m21:36:41.129084 [debug] [Thread-2 (]: Writing runtime sql for node "model.medical_project.silver_doctors"
[0m21:36:41.131599 [debug] [Thread-2 (]: Using snowflake connection "model.medical_project.silver_doctors"
[0m21:36:41.131599 [debug] [Thread-2 (]: On model.medical_project.silver_doctors: /* {"app": "dbt", "dbt_version": "1.9.0", "profile_name": "medical_project", "target_name": "dev", "node_id": "model.medical_project.silver_doctors"} */
create or replace transient table MEDICAL_DB.silver.silver_doctors
    

    
    as (

WITH specialty_mapping AS (
  SELECT * FROM MEDICAL_DB.reference.medical_specialties
)
SELECT
  d.doctor_id,
  TRIM(d.doctor_name) AS doctor_name,
  TRIM(d.specialty) AS specialty,
  COALESCE(sm.specialty_category,'Other') AS specialty_category,
  d.department_id,
  d.phone,
  LOWER(TRIM(d.email)) AS email,
  d.license_number,
  d.years_experience,
  CASE 
    WHEN d.years_experience < 5 THEN 'Junior'
    WHEN d.years_experience BETWEEN 5 AND 15 THEN 'Mid-Level'
    WHEN d.years_experience BETWEEN 16 AND 25 THEN 'Senior'
    ELSE 'Expert' END AS experience_level,
  CASE 
    WHEN d.specialty IN ('Emergency Medicine','Surgery') THEN 'Critical Care'
    WHEN d.specialty IN ('Cardiology','Neurology','Oncology') THEN 'Specialty Care'
    WHEN d.specialty IN ('Internal Medicine','Pediatrics') THEN 'Primary Care'
    ELSE 'Other Care' END AS care_category,
  d.is_active,
  CASE WHEN d.is_active = 'Y' THEN TRUE ELSE FALSE END AS is_active_flag,
  d.hired_date,
  DATEDIFF('year', d.hired_date, CURRENT_DATE()) AS tenure_years,
  d.dbt_loaded_at,
  d.dbt_batch_id
FROM MEDICAL_DB.bronze.bronze_doctors d
LEFT JOIN specialty_mapping sm ON d.specialty = sm.specialty_name
WHERE d.doctor_id IS NOT NULL
    )
;
[0m21:36:41.209669 [debug] [Thread-3 (]: SQL status: SUCCESS 1 in 0.536 seconds
[0m21:36:41.213622 [info ] [Thread-3 (]: 6 of 17 OK created sql table model silver.silver_billing ....................... [[32mSUCCESS 1[0m in 0.56s]
[0m21:36:41.214635 [debug] [Thread-3 (]: Finished running node model.medical_project.silver_billing
[0m21:36:41.215649 [debug] [Thread-3 (]: Began running node model.medical_project.silver_patients
[0m21:36:41.216559 [info ] [Thread-3 (]: 9 of 17 START sql table model silver.silver_patients ........................... [RUN]
[0m21:36:41.217761 [debug] [Thread-3 (]: Re-using an available connection from the pool (formerly model.medical_project.silver_billing, now model.medical_project.silver_patients)
[0m21:36:41.218762 [debug] [Thread-3 (]: Began compiling node model.medical_project.silver_patients
[0m21:36:41.226498 [debug] [Thread-3 (]: Writing injected SQL for node "model.medical_project.silver_patients"
[0m21:36:41.227498 [debug] [Thread-3 (]: Began executing node model.medical_project.silver_patients
[0m21:36:41.231497 [debug] [Thread-3 (]: Writing runtime sql for node "model.medical_project.silver_patients"
[0m21:36:41.234531 [debug] [Thread-3 (]: Using snowflake connection "model.medical_project.silver_patients"
[0m21:36:41.235835 [debug] [Thread-3 (]: On model.medical_project.silver_patients: /* {"app": "dbt", "dbt_version": "1.9.0", "profile_name": "medical_project", "target_name": "dev", "node_id": "model.medical_project.silver_patients"} */
create or replace transient table MEDICAL_DB.silver.silver_patients
    

    
    as (

SELECT
  patient_id,
  TRIM(UPPER(first_name)) AS first_name,
  TRIM(UPPER(last_name)) AS last_name,
  TRIM(UPPER(first_name)) || ' ' || TRIM(UPPER(last_name)) AS full_name,
  date_of_birth,
  
  DATEDIFF('year', date_of_birth, CURRENT_DATE())
 AS age,
  
  CASE
    WHEN 
  DATEDIFF('year', date_of_birth, CURRENT_DATE())
 < 18 THEN 'Minor'
    WHEN 
  DATEDIFF('year', date_of_birth, CURRENT_DATE())
 BETWEEN 18 AND 39 THEN 'Young Adult'
    WHEN 
  DATEDIFF('year', date_of_birth, CURRENT_DATE())
 BETWEEN 40 AND 59 THEN 'Middle Age'
    WHEN 
  DATEDIFF('year', date_of_birth, CURRENT_DATE())
 BETWEEN 60 AND 79 THEN 'Senior'
    ELSE 'Elderly'
  END
 AS age_group,
  CASE WHEN 
  DATEDIFF('year', date_of_birth, CURRENT_DATE())
 >= 65 THEN 'Senior' ELSE 'Non-Senior' END AS senior_status,
  UPPER(gender) AS gender,
  blood_type,
  CASE 
    WHEN blood_type IN ('O+','O-') THEN 'Universal Donor'
    WHEN blood_type IN ('AB+','AB-') THEN 'Universal Recipient'
    ELSE 'Standard' END AS blood_type_category,
  phone,
  LOWER(TRIM(email)) AS email,
  address,
  TRIM(UPPER(city)) AS city,
  UPPER(state) AS state,
  zip_code,
  insurance_type,
  CASE 
    WHEN insurance_type IN ('Medicare','Medicaid') THEN 'Government'
    WHEN insurance_type = 'Private' THEN 'Commercial'
    ELSE 'Other' END AS insurance_category,
  emergency_contact,
  created_at,
  updated_at,
  dbt_loaded_at,
  dbt_batch_id
FROM MEDICAL_DB.bronze.bronze_patients
WHERE patient_id IS NOT NULL
    )
;
[0m21:36:41.632711 [debug] [Thread-1 (]: SQL status: SUCCESS 1 in 0.535 seconds
[0m21:36:41.636970 [info ] [Thread-1 (]: 7 of 17 OK created sql table model silver.silver_appointments .................. [[32mSUCCESS 1[0m in 0.56s]
[0m21:36:41.639430 [debug] [Thread-1 (]: Finished running node model.medical_project.silver_appointments
[0m21:36:41.640429 [debug] [Thread-1 (]: Began running node model.medical_project.silver_medical_records
[0m21:36:41.641428 [info ] [Thread-1 (]: 10 of 17 START sql table model silver.silver_medical_records ................... [RUN]
[0m21:36:41.642800 [debug] [Thread-1 (]: Re-using an available connection from the pool (formerly model.medical_project.silver_appointments, now model.medical_project.silver_medical_records)
[0m21:36:41.644308 [debug] [Thread-1 (]: Began compiling node model.medical_project.silver_medical_records
[0m21:36:41.650293 [debug] [Thread-1 (]: Writing injected SQL for node "model.medical_project.silver_medical_records"
[0m21:36:41.652864 [debug] [Thread-1 (]: Began executing node model.medical_project.silver_medical_records
[0m21:36:41.656261 [debug] [Thread-1 (]: Writing runtime sql for node "model.medical_project.silver_medical_records"
[0m21:36:41.659749 [debug] [Thread-1 (]: Using snowflake connection "model.medical_project.silver_medical_records"
[0m21:36:41.660751 [debug] [Thread-1 (]: On model.medical_project.silver_medical_records: /* {"app": "dbt", "dbt_version": "1.9.0", "profile_name": "medical_project", "target_name": "dev", "node_id": "model.medical_project.silver_medical_records"} */
create or replace transient table MEDICAL_DB.silver.silver_medical_records
    

    
    as (

WITH diagnosis_mapping AS (
  SELECT * FROM MEDICAL_DB.reference.diagnosis_codes
)
SELECT
  mr.record_id,
  mr.appointment_id,
  mr.patient_id,
  TRIM(mr.diagnosis) AS diagnosis,
  COALESCE(dm.diagnosis_category,'Other') AS diagnosis_category,
  COALESCE(dm.icd_10_code,'Unknown') AS icd_10_code,
  TRIM(mr.treatment_plan) AS treatment_plan,
  CASE 
    WHEN mr.treatment_plan = 'Medication' THEN 'Pharmacological'
    WHEN mr.treatment_plan IN ('Surgery','Procedure') THEN 'Surgical'
    WHEN mr.treatment_plan IN ('Physical Therapy','Counseling') THEN 'Therapeutic'
    ELSE 'Conservative' END AS treatment_category,
  mr.prescription,
  mr.follow_up_required,
  CASE WHEN mr.follow_up_required = 'Y' THEN 1 ELSE 0 END AS needs_follow_up,
  mr.severity,
  CASE 
    WHEN mr.severity = 'Low' THEN 1
    WHEN mr.severity = 'Medium' THEN 2
    WHEN mr.severity = 'High' THEN 3
    ELSE 0 END AS severity_score,
  mr.created_at,
  mr.updated_at,
  mr.dbt_loaded_at,
  mr.dbt_batch_id
FROM MEDICAL_DB.bronze.bronze_medical_records mr
LEFT JOIN diagnosis_mapping dm ON mr.diagnosis = dm.diagnosis_name
WHERE mr.record_id IS NOT NULL
    )
;
[0m21:36:41.678669 [debug] [Thread-3 (]: SQL status: SUCCESS 1 in 0.443 seconds
[0m21:36:41.681659 [info ] [Thread-3 (]: 9 of 17 OK created sql table model silver.silver_patients ...................... [[32mSUCCESS 1[0m in 0.46s]
[0m21:36:41.681659 [debug] [Thread-3 (]: Finished running node model.medical_project.silver_patients
[0m21:36:41.683660 [debug] [Thread-3 (]: Began running node model.medical_project.dim_patients
[0m21:36:41.684672 [info ] [Thread-3 (]: 11 of 17 START sql table model gold.dim_patients ............................... [RUN]
[0m21:36:41.686702 [debug] [Thread-3 (]: Re-using an available connection from the pool (formerly model.medical_project.silver_patients, now model.medical_project.dim_patients)
[0m21:36:41.686702 [debug] [Thread-3 (]: Began compiling node model.medical_project.dim_patients
[0m21:36:41.692706 [debug] [Thread-3 (]: Writing injected SQL for node "model.medical_project.dim_patients"
[0m21:36:41.694150 [debug] [Thread-3 (]: Began executing node model.medical_project.dim_patients
[0m21:36:41.698374 [debug] [Thread-3 (]: Writing runtime sql for node "model.medical_project.dim_patients"
[0m21:36:41.700375 [debug] [Thread-3 (]: Using snowflake connection "model.medical_project.dim_patients"
[0m21:36:41.700375 [debug] [Thread-3 (]: On model.medical_project.dim_patients: /* {"app": "dbt", "dbt_version": "1.9.0", "profile_name": "medical_project", "target_name": "dev", "node_id": "model.medical_project.dim_patients"} */
create or replace transient table MEDICAL_DB.gold.dim_patients
    

    
    as (

SELECT
  patient_id,
  first_name,
  last_name,
  full_name,
  date_of_birth,
  age,
  age_group,
  senior_status,
  gender,
  blood_type,
  blood_type_category,
  city,
  state,
  insurance_type,
  insurance_category,
  emergency_contact,
  created_at AS patient_since,
  DATEDIFF('day', created_at, CURRENT_DATE()) AS days_as_patient,
  CURRENT_TIMESTAMP() AS last_updated
FROM MEDICAL_DB.silver.silver_patients
    )
;
[0m21:36:41.735669 [debug] [Thread-2 (]: SQL status: SUCCESS 1 in 0.603 seconds
[0m21:36:41.738670 [info ] [Thread-2 (]: 8 of 17 OK created sql table model silver.silver_doctors ....................... [[32mSUCCESS 1[0m in 0.62s]
[0m21:36:41.738670 [debug] [Thread-2 (]: Finished running node model.medical_project.silver_doctors
[0m21:36:41.740178 [debug] [Thread-2 (]: Began running node model.medical_project.dim_doctors
[0m21:36:41.741729 [info ] [Thread-2 (]: 12 of 17 START sql table model gold.dim_doctors ................................ [RUN]
[0m21:36:41.742206 [debug] [Thread-2 (]: Re-using an available connection from the pool (formerly model.medical_project.silver_doctors, now model.medical_project.dim_doctors)
[0m21:36:41.742846 [debug] [Thread-2 (]: Began compiling node model.medical_project.dim_doctors
[0m21:36:41.747364 [debug] [Thread-2 (]: Writing injected SQL for node "model.medical_project.dim_doctors"
[0m21:36:41.748367 [debug] [Thread-2 (]: Began executing node model.medical_project.dim_doctors
[0m21:36:41.751391 [debug] [Thread-2 (]: Writing runtime sql for node "model.medical_project.dim_doctors"
[0m21:36:41.752399 [debug] [Thread-2 (]: Using snowflake connection "model.medical_project.dim_doctors"
[0m21:36:41.754417 [debug] [Thread-2 (]: On model.medical_project.dim_doctors: /* {"app": "dbt", "dbt_version": "1.9.0", "profile_name": "medical_project", "target_name": "dev", "node_id": "model.medical_project.dim_doctors"} */
create or replace transient table MEDICAL_DB.gold.dim_doctors
    

    
    as (

SELECT
  doctor_id,
  doctor_name,
  specialty,
  specialty_category,
  experience_level,
  care_category,
  years_experience,
  tenure_years,
  is_active_flag,
  hired_date,
  CURRENT_TIMESTAMP() AS last_updated
FROM MEDICAL_DB.silver.silver_doctors
    )
;
[0m21:36:42.157924 [debug] [Thread-1 (]: SQL status: SUCCESS 1 in 0.497 seconds
[0m21:36:42.164364 [info ] [Thread-1 (]: 10 of 17 OK created sql table model silver.silver_medical_records .............. [[32mSUCCESS 1[0m in 0.52s]
[0m21:36:42.166390 [debug] [Thread-1 (]: Finished running node model.medical_project.silver_medical_records
[0m21:36:42.212778 [debug] [Thread-3 (]: SQL status: SUCCESS 1 in 0.512 seconds
[0m21:36:42.216282 [info ] [Thread-3 (]: 11 of 17 OK created sql table model gold.dim_patients .......................... [[32mSUCCESS 1[0m in 0.53s]
[0m21:36:42.217294 [debug] [Thread-3 (]: Finished running node model.medical_project.dim_patients
[0m21:36:42.254444 [debug] [Thread-2 (]: SQL status: SUCCESS 1 in 0.499 seconds
[0m21:36:42.257975 [info ] [Thread-2 (]: 12 of 17 OK created sql table model gold.dim_doctors ........................... [[32mSUCCESS 1[0m in 0.51s]
[0m21:36:42.258972 [debug] [Thread-2 (]: Finished running node model.medical_project.dim_doctors
[0m21:36:42.259974 [debug] [Thread-1 (]: Began running node model.medical_project.fact_appointments
[0m21:36:42.261485 [info ] [Thread-1 (]: 13 of 17 START sql table model gold.fact_appointments .......................... [RUN]
[0m21:36:42.264408 [debug] [Thread-1 (]: Re-using an available connection from the pool (formerly model.medical_project.silver_medical_records, now model.medical_project.fact_appointments)
[0m21:36:42.264408 [debug] [Thread-1 (]: Began compiling node model.medical_project.fact_appointments
[0m21:36:42.270431 [debug] [Thread-1 (]: Writing injected SQL for node "model.medical_project.fact_appointments"
[0m21:36:42.276425 [debug] [Thread-1 (]: Began executing node model.medical_project.fact_appointments
[0m21:36:42.280430 [debug] [Thread-1 (]: Writing runtime sql for node "model.medical_project.fact_appointments"
[0m21:36:42.284454 [debug] [Thread-1 (]: Using snowflake connection "model.medical_project.fact_appointments"
[0m21:36:42.285466 [debug] [Thread-1 (]: On model.medical_project.fact_appointments: /* {"app": "dbt", "dbt_version": "1.9.0", "profile_name": "medical_project", "target_name": "dev", "node_id": "model.medical_project.fact_appointments"} */
create or replace transient table MEDICAL_DB.gold.fact_appointments
    

    
    as (

SELECT 
  a.appointment_id,
  a.patient_id,
  a.doctor_id,
  a.appointment_date,
  a.appointment_date_only,
  a.day_of_week,
  a.day_type,
  a.time_slot,
  a.appointment_type,
  a.status,
  a.is_completed,
  a.is_no_show,
  a.is_cancelled,
  a.duration_minutes,
  a.duration_category,
  -- Patient context
  p.age_group AS patient_age_group,
  p.insurance_category AS patient_insurance_category,
  p.senior_status AS patient_senior_status,
  -- Doctor context
  d.specialty AS doctor_specialty,
  d.experience_level AS doctor_experience_level,
  d.care_category AS doctor_care_category,
  -- Business metrics (illustrative)
  CASE 
    WHEN a.appointment_type = 'Emergency' THEN 500
    WHEN a.appointment_type = 'Surgery' THEN 2000
    WHEN a.appointment_type = 'Consultation' THEN 200
    WHEN a.appointment_type = 'Follow-up' THEN 100
    WHEN a.appointment_type = 'Screening' THEN 150
    ELSE 175 END AS estimated_revenue,
  a.created_at,
  CURRENT_TIMESTAMP() AS last_updated
FROM MEDICAL_DB.silver.silver_appointments a
LEFT JOIN MEDICAL_DB.gold.dim_patients p ON a.patient_id = p.patient_id
LEFT JOIN MEDICAL_DB.gold.dim_doctors d ON a.doctor_id = d.doctor_id
    )
;
[0m21:36:42.943047 [debug] [Thread-1 (]: SQL status: SUCCESS 1 in 0.657 seconds
[0m21:36:42.947120 [info ] [Thread-1 (]: 13 of 17 OK created sql table model gold.fact_appointments ..................... [[32mSUCCESS 1[0m in 0.68s]
[0m21:36:42.950142 [debug] [Thread-1 (]: Finished running node model.medical_project.fact_appointments
[0m21:36:42.951654 [debug] [Thread-2 (]: Began running node model.medical_project.fact_billing
[0m21:36:42.951654 [debug] [Thread-3 (]: Began running node model.medical_project.fact_medical_outcomes
[0m21:36:42.953668 [info ] [Thread-2 (]: 14 of 17 START sql table model gold.fact_billing ............................... [RUN]
[0m21:36:42.954666 [info ] [Thread-3 (]: 15 of 17 START sql table model gold.fact_medical_outcomes ...................... [RUN]
[0m21:36:42.957659 [debug] [Thread-2 (]: Re-using an available connection from the pool (formerly model.medical_project.dim_doctors, now model.medical_project.fact_billing)
[0m21:36:42.958694 [debug] [Thread-3 (]: Re-using an available connection from the pool (formerly model.medical_project.dim_patients, now model.medical_project.fact_medical_outcomes)
[0m21:36:42.959712 [debug] [Thread-2 (]: Began compiling node model.medical_project.fact_billing
[0m21:36:42.960708 [debug] [Thread-3 (]: Began compiling node model.medical_project.fact_medical_outcomes
[0m21:36:42.969269 [debug] [Thread-2 (]: Writing injected SQL for node "model.medical_project.fact_billing"
[0m21:36:42.975321 [debug] [Thread-3 (]: Writing injected SQL for node "model.medical_project.fact_medical_outcomes"
[0m21:36:42.977664 [debug] [Thread-2 (]: Began executing node model.medical_project.fact_billing
[0m21:36:42.978662 [debug] [Thread-3 (]: Began executing node model.medical_project.fact_medical_outcomes
[0m21:36:42.984744 [debug] [Thread-2 (]: Writing runtime sql for node "model.medical_project.fact_billing"
[0m21:36:42.988775 [debug] [Thread-3 (]: Writing runtime sql for node "model.medical_project.fact_medical_outcomes"
[0m21:36:42.991772 [debug] [Thread-2 (]: Using snowflake connection "model.medical_project.fact_billing"
[0m21:36:42.993057 [debug] [Thread-2 (]: On model.medical_project.fact_billing: /* {"app": "dbt", "dbt_version": "1.9.0", "profile_name": "medical_project", "target_name": "dev", "node_id": "model.medical_project.fact_billing"} */
create or replace transient table MEDICAL_DB.gold.fact_billing
    

    
    as (

SELECT 
  b.billing_id,
  b.appointment_id,
  b.patient_id,
  b.total_amount,
  b.insurance_paid,
  b.patient_paid,
  b.insurance_coverage_percentage,
  b.revenue_tier,
  b.coverage_quality,
  b.payment_status,
  b.collection_status,
  b.is_overdue,
  b.days_since_billing,
  -- Appointment context
  a.appointment_date,
  a.appointment_type,
  a.time_slot,
  a.doctor_id,
  -- Patient context
  p.insurance_category AS patient_insurance_category,
  p.age_group AS patient_age_group,
  -- Doctor context
  d.specialty AS service_specialty,
  d.care_category AS service_care_category,
  b.created_at,
  CURRENT_TIMESTAMP() AS last_updated
FROM MEDICAL_DB.silver.silver_billing b
LEFT JOIN MEDICAL_DB.gold.fact_appointments a ON b.appointment_id = a.appointment_id
LEFT JOIN MEDICAL_DB.gold.dim_patients p ON b.patient_id = p.patient_id
LEFT JOIN MEDICAL_DB.gold.dim_doctors d ON a.doctor_id = d.doctor_id
    )
;
[0m21:36:42.994569 [debug] [Thread-3 (]: Using snowflake connection "model.medical_project.fact_medical_outcomes"
[0m21:36:42.997577 [debug] [Thread-3 (]: On model.medical_project.fact_medical_outcomes: /* {"app": "dbt", "dbt_version": "1.9.0", "profile_name": "medical_project", "target_name": "dev", "node_id": "model.medical_project.fact_medical_outcomes"} */
create or replace transient table MEDICAL_DB.gold.fact_medical_outcomes
    

    
    as (

SELECT 
  mr.record_id,
  mr.appointment_id,
  mr.patient_id,
  mr.diagnosis,
  mr.diagnosis_category,
  mr.treatment_plan,
  mr.treatment_category,
  mr.severity,
  mr.severity_score,
  mr.needs_follow_up,
  -- Appointment context
  a.appointment_date,
  a.appointment_type,
  a.doctor_id,
  -- Patient context
  p.age_group AS patient_age_group,
  p.senior_status AS patient_senior_status,
  -- Doctor context
  d.specialty AS treating_specialty,
  d.care_category AS treating_care_category,
  -- Risk assessment
  CASE 
    WHEN mr.severity = 'High' AND p.age >= 65 THEN 'Critical Risk'
    WHEN mr.severity = 'High' OR p.age >= 75 THEN 'High Risk'
    WHEN mr.severity = 'Medium' AND p.age >= 50 THEN 'Moderate Risk'
    ELSE 'Low Risk' END AS patient_risk_level,
  mr.created_at,
  CURRENT_TIMESTAMP() AS last_updated
FROM MEDICAL_DB.silver.silver_medical_records mr
LEFT JOIN MEDICAL_DB.gold.fact_appointments a ON mr.appointment_id = a.appointment_id
LEFT JOIN MEDICAL_DB.gold.dim_patients p ON mr.patient_id = p.patient_id
LEFT JOIN MEDICAL_DB.gold.dim_doctors d ON a.doctor_id = d.doctor_id
    )
;
[0m21:36:43.744592 [debug] [Thread-3 (]: SQL status: SUCCESS 1 in 0.746 seconds
[0m21:36:43.747598 [info ] [Thread-3 (]: 15 of 17 OK created sql table model gold.fact_medical_outcomes ................. [[32mSUCCESS 1[0m in 0.79s]
[0m21:36:43.748603 [debug] [Thread-3 (]: Finished running node model.medical_project.fact_medical_outcomes
[0m21:36:43.781869 [debug] [Thread-2 (]: SQL status: SUCCESS 1 in 0.786 seconds
[0m21:36:43.785412 [info ] [Thread-2 (]: 14 of 17 OK created sql table model gold.fact_billing .......................... [[32mSUCCESS 1[0m in 0.83s]
[0m21:36:43.786884 [debug] [Thread-2 (]: Finished running node model.medical_project.fact_billing
[0m21:36:43.788881 [debug] [Thread-1 (]: Began running node model.medical_project.kpi_dashboard
[0m21:36:43.788881 [debug] [Thread-3 (]: Began running node model.medical_project.patient_summary
[0m21:36:43.789885 [info ] [Thread-1 (]: 16 of 17 START sql table model gold.kpi_dashboard .............................. [RUN]
[0m21:36:43.790884 [info ] [Thread-3 (]: 17 of 17 START sql table model gold.patient_summary ............................ [RUN]
[0m21:36:43.791882 [debug] [Thread-1 (]: Re-using an available connection from the pool (formerly model.medical_project.fact_appointments, now model.medical_project.kpi_dashboard)
[0m21:36:43.793535 [debug] [Thread-3 (]: Re-using an available connection from the pool (formerly model.medical_project.fact_medical_outcomes, now model.medical_project.patient_summary)
[0m21:36:43.794544 [debug] [Thread-1 (]: Began compiling node model.medical_project.kpi_dashboard
[0m21:36:43.795770 [debug] [Thread-3 (]: Began compiling node model.medical_project.patient_summary
[0m21:36:43.799953 [debug] [Thread-1 (]: Writing injected SQL for node "model.medical_project.kpi_dashboard"
[0m21:36:43.807228 [debug] [Thread-3 (]: Writing injected SQL for node "model.medical_project.patient_summary"
[0m21:36:43.809271 [debug] [Thread-1 (]: Began executing node model.medical_project.kpi_dashboard
[0m21:36:43.814549 [debug] [Thread-1 (]: Writing runtime sql for node "model.medical_project.kpi_dashboard"
[0m21:36:43.814549 [debug] [Thread-3 (]: Began executing node model.medical_project.patient_summary
[0m21:36:43.820115 [debug] [Thread-3 (]: Writing runtime sql for node "model.medical_project.patient_summary"
[0m21:36:43.823811 [debug] [Thread-1 (]: Using snowflake connection "model.medical_project.kpi_dashboard"
[0m21:36:43.823811 [debug] [Thread-1 (]: On model.medical_project.kpi_dashboard: /* {"app": "dbt", "dbt_version": "1.9.0", "profile_name": "medical_project", "target_name": "dev", "node_id": "model.medical_project.kpi_dashboard"} */
create or replace transient table MEDICAL_DB.gold.kpi_dashboard
    

    
    as (

WITH appt AS (
  SELECT 
    COUNT(*) AS total_appointments,
    SUM(CASE WHEN is_completed = 1 THEN 1 ELSE 0 END) AS completed_appointments,
    SUM(CASE WHEN is_no_show = 1 THEN 1 ELSE 0 END) AS no_shows
  FROM MEDICAL_DB.gold.fact_appointments
),
rev AS (
  SELECT 
    SUM(total_amount) AS total_revenue,
    SUM(patient_paid) AS total_patient_paid,
    SUM(insurance_paid) AS total_insurance_paid
  FROM MEDICAL_DB.gold.fact_billing
)
SELECT 
  a.total_appointments,
  a.completed_appointments,
  a.no_shows,
  ROUND(a.no_shows * 100.0 / NULLIF(a.total_appointments, 0), 2) AS no_show_rate_pct,
  r.total_revenue,
  r.total_patient_paid,
  r.total_insurance_paid,
  CURRENT_DATE() AS kpi_as_of_date
FROM appt a CROSS JOIN rev r
    )
;
[0m21:36:43.829219 [debug] [Thread-3 (]: Using snowflake connection "model.medical_project.patient_summary"
[0m21:36:43.830220 [debug] [Thread-3 (]: On model.medical_project.patient_summary: /* {"app": "dbt", "dbt_version": "1.9.0", "profile_name": "medical_project", "target_name": "dev", "node_id": "model.medical_project.patient_summary"} */
create or replace transient table MEDICAL_DB.gold.patient_summary
    

    
    as (

WITH agg AS (
  SELECT 
    p.patient_id,
    COUNT(DISTINCT a.appointment_id) AS total_appointments,
    COUNT(DISTINCT CASE WHEN a.is_completed = 1 THEN a.appointment_id END) AS completed_appointments,
    COUNT(DISTINCT CASE WHEN a.is_no_show = 1 THEN a.appointment_id END) AS no_show_count,
    COUNT(DISTINCT mr.record_id) AS total_diagnoses,
    COUNT(DISTINCT mr.diagnosis) AS unique_diagnoses,
    COUNT(DISTINCT CASE WHEN mr.severity = 'High' THEN mr.record_id END) AS high_severity_cases,
    COUNT(DISTINCT CASE WHEN mr.needs_follow_up = 1 THEN mr.record_id END) AS follow_ups_needed,
    COALESCE(SUM(b.total_amount), 0) AS lifetime_revenue,
    COALESCE(SUM(b.patient_paid), 0) AS total_patient_payments,
    COALESCE(SUM(b.insurance_paid), 0) AS total_insurance_payments,
    COALESCE(AVG(b.insurance_coverage_percentage), 0) AS avg_insurance_coverage,
    MAX(a.appointment_date) AS last_visit_date,
    MIN(a.appointment_date) AS first_visit_date
  FROM MEDICAL_DB.gold.dim_patients p
  LEFT JOIN MEDICAL_DB.gold.fact_appointments a ON p.patient_id = a.patient_id
  LEFT JOIN MEDICAL_DB.silver.silver_medical_records mr ON p.patient_id = mr.patient_id
  LEFT JOIN MEDICAL_DB.gold.fact_billing b ON p.patient_id = b.patient_id
  GROUP BY 1
)
SELECT 
  p.patient_id,
  p.full_name,
  p.age,
  p.age_group,
  p.insurance_category,
  a.total_appointments,
  a.completed_appointments,
  a.no_show_count,
  ROUND(a.no_show_count * 100.0 / NULLIF(a.total_appointments, 0), 2) AS no_show_rate,
  a.total_diagnoses,
  a.unique_diagnoses,
  a.high_severity_cases,
  a.follow_ups_needed,
  a.lifetime_revenue,
  a.total_patient_payments,
  a.total_insurance_payments,
  a.avg_insurance_coverage,
  a.last_visit_date,
  a.first_visit_date,
  DATEDIFF('day', a.first_visit_date, a.last_visit_date) AS patient_journey_days,
  CURRENT_TIMESTAMP() AS last_updated
FROM MEDICAL_DB.gold.dim_patients p
LEFT JOIN agg a ON p.patient_id = a.patient_id
    )
;
[0m21:36:44.333481 [debug] [Thread-1 (]: SQL status: SUCCESS 1 in 0.508 seconds
[0m21:36:44.337509 [info ] [Thread-1 (]: 16 of 17 OK created sql table model gold.kpi_dashboard ......................... [[32mSUCCESS 1[0m in 0.55s]
[0m21:36:44.339521 [debug] [Thread-1 (]: Finished running node model.medical_project.kpi_dashboard
[0m21:36:44.604504 [debug] [Thread-3 (]: SQL status: SUCCESS 1 in 0.773 seconds
[0m21:36:44.608029 [info ] [Thread-3 (]: 17 of 17 OK created sql table model gold.patient_summary ....................... [[32mSUCCESS 1[0m in 0.81s]
[0m21:36:44.610031 [debug] [Thread-3 (]: Finished running node model.medical_project.patient_summary
[0m21:36:44.612882 [debug] [MainThread]: Connection 'master' was properly closed.
[0m21:36:44.612882 [debug] [MainThread]: Connection 'list_MEDICAL_DB' was left open.
[0m21:36:44.614382 [debug] [MainThread]: On list_MEDICAL_DB: Close
[0m21:36:44.707941 [debug] [MainThread]: Connection 'list_MEDICAL_DB' was left open.
[0m21:36:44.708938 [debug] [MainThread]: On list_MEDICAL_DB: Close
[0m21:36:44.755368 [debug] [MainThread]: Connection 'list_MEDICAL_DB' was left open.
[0m21:36:44.756768 [debug] [MainThread]: On list_MEDICAL_DB: Close
[0m21:36:44.804651 [debug] [MainThread]: Connection 'list_MEDICAL_DB_silver' was left open.
[0m21:36:44.805659 [debug] [MainThread]: On list_MEDICAL_DB_silver: Close
[0m21:36:44.855601 [debug] [MainThread]: Connection 'list_MEDICAL_DB_bronze' was left open.
[0m21:36:44.856601 [debug] [MainThread]: On list_MEDICAL_DB_bronze: Close
[0m21:36:44.903764 [debug] [MainThread]: Connection 'list_MEDICAL_DB_gold' was left open.
[0m21:36:44.904767 [debug] [MainThread]: On list_MEDICAL_DB_gold: Close
[0m21:36:44.952799 [debug] [MainThread]: Connection 'model.medical_project.kpi_dashboard' was left open.
[0m21:36:44.954306 [debug] [MainThread]: On model.medical_project.kpi_dashboard: Close
[0m21:36:45.011346 [debug] [MainThread]: Connection 'model.medical_project.fact_billing' was left open.
[0m21:36:45.012353 [debug] [MainThread]: On model.medical_project.fact_billing: Close
[0m21:36:45.074652 [debug] [MainThread]: Connection 'model.medical_project.patient_summary' was left open.
[0m21:36:45.075162 [debug] [MainThread]: On model.medical_project.patient_summary: Close
[0m21:36:45.124477 [info ] [MainThread]: 
[0m21:36:45.125491 [info ] [MainThread]: Finished running 17 table models in 0 hours 0 minutes and 6.61 seconds (6.61s).
[0m21:36:45.130308 [debug] [MainThread]: Command end result
[0m21:36:45.254690 [debug] [MainThread]: Wrote artifact WritableManifest to C:\Users\ADMIN\dbt_core\medical_project\target\manifest.json
[0m21:36:45.258782 [debug] [MainThread]: Wrote artifact SemanticManifest to C:\Users\ADMIN\dbt_core\medical_project\target\semantic_manifest.json
[0m21:36:45.267137 [debug] [MainThread]: Wrote artifact RunExecutionResult to C:\Users\ADMIN\dbt_core\medical_project\target\run_results.json
[0m21:36:45.267137 [info ] [MainThread]: 
[0m21:36:45.268135 [info ] [MainThread]: [32mCompleted successfully[0m
[0m21:36:45.269149 [info ] [MainThread]: 
[0m21:36:45.270179 [info ] [MainThread]: Done. PASS=17 WARN=0 ERROR=0 SKIP=0 TOTAL=17
[0m21:36:45.271703 [debug] [MainThread]: Command `dbt run` succeeded at 21:36:45.270179 after 8.46 seconds
[0m21:36:45.271703 [debug] [MainThread]: Flushing usage events
[0m22:17:04.403919 [debug] [MainThread]: Got an exception trying to initialize tracking


============================== 22:17:04.442609 | eaa70563-bda0-4713-a3af-ed49bdd24ae2 ==============================
[0m22:17:04.442609 [info ] [MainThread]: Running with dbt=1.9.0
[0m22:17:04.443945 [debug] [MainThread]: running dbt with arguments {'printer_width': '80', 'indirect_selection': 'eager', 'log_cache_events': 'False', 'write_json': 'True', 'partial_parse': 'True', 'cache_selected_only': 'False', 'profiles_dir': 'C:\\Users\\ADMIN\\.dbt', 'version_check': 'True', 'warn_error': 'None', 'log_path': 'c:\\Users\\ADMIN\\dbt_core\\medical_project\\logs', 'fail_fast': 'False', 'debug': 'False', 'use_colors': 'True', 'use_experimental_parser': 'False', 'empty': 'None', 'quiet': 'False', 'no_print': 'None', 'warn_error_options': 'WarnErrorOptions(include=[], exclude=[])', 'invocation_command': 'dbt ', 'introspect': 'True', 'static_parser': 'True', 'target_path': 'None', 'log_format': 'default', 'send_anonymous_usage_stats': 'True'}
[0m22:17:04.653665 [info ] [MainThread]: Warning: No packages were found in packages.yml
[0m22:17:04.656181 [info ] [MainThread]: Warning: No packages were found in packages.yml
[0m22:17:04.658212 [debug] [MainThread]: Command `cli deps` succeeded at 22:17:04.658212 after 0.33 seconds
[0m22:17:04.659221 [debug] [MainThread]: Flushing usage events
[0m18:49:45.557118 [debug] [MainThread]: Sending event: {'category': 'dbt', 'action': 'invocation', 'label': 'start', 'context': [<snowplow_tracker.self_describing_json.SelfDescribingJson object at 0x00000130A94C9D90>, <snowplow_tracker.self_describing_json.SelfDescribingJson object at 0x00000130A645A1B0>, <snowplow_tracker.self_describing_json.SelfDescribingJson object at 0x00000130A6E2A3C0>]}


============================== 18:49:45.650721 | 3c7ad28b-b26a-45ab-8d9c-5de7e6be1fab ==============================
[0m18:49:45.650721 [info ] [MainThread]: Running with dbt=1.10.13
[0m18:49:45.652662 [debug] [MainThread]: running dbt with arguments {'cache_selected_only': 'False', 'no_print': 'None', 'write_json': 'True', 'profiles_dir': 'C:\\Users\\rkart\\.dbt', 'use_colors': 'True', 'warn_error': 'None', 'indirect_selection': 'eager', 'partial_parse': 'True', 'log_path': 'C:\\Medical_Analytics\\Medical_Analytics\\logs', 'send_anonymous_usage_stats': 'True', 'static_parser': 'True', 'warn_error_options': 'WarnErrorOptionsV2(error=[], warn=[], silence=[])', 'fail_fast': 'False', 'version_check': 'True', 'use_experimental_parser': 'False', 'introspect': 'True', 'quiet': 'False', 'empty': 'False', 'log_cache_events': 'False', 'debug': 'False', 'log_format': 'default', 'invocation_command': 'dbt run', 'printer_width': '80', 'target_path': 'None'}
[0m18:49:53.598025 [debug] [MainThread]: Sending event: {'category': 'dbt', 'action': 'project_id', 'label': '3c7ad28b-b26a-45ab-8d9c-5de7e6be1fab', 'context': [<snowplow_tracker.self_describing_json.SelfDescribingJson object at 0x00000130A95A1190>]}
[0m18:49:53.699766 [debug] [MainThread]: Sending event: {'category': 'dbt', 'action': 'adapter_info', 'label': '3c7ad28b-b26a-45ab-8d9c-5de7e6be1fab', 'context': [<snowplow_tracker.self_describing_json.SelfDescribingJson object at 0x00000130AB46DFA0>]}
[0m18:49:53.702404 [info ] [MainThread]: Registered adapter: snowflake=1.10.2
[0m18:49:54.360727 [debug] [MainThread]: checksum: 9f0c81e2574b4ff463f3d16d080df83c6982fc0372c9feeacae0504ac9ea3ffe, vars: {}, profile: , target: , version: 1.10.13
[0m18:49:54.825514 [info ] [MainThread]: Unable to do partial parsing because of a version mismatch
[0m18:49:54.826886 [debug] [MainThread]: Sending event: {'category': 'dbt', 'action': 'partial_parser', 'label': '3c7ad28b-b26a-45ab-8d9c-5de7e6be1fab', 'context': [<snowplow_tracker.self_describing_json.SelfDescribingJson object at 0x00000130A901B8C0>]}
[0m18:49:58.964584 [warn ] [MainThread]: [[33mWARNING[0m][MissingArgumentsPropertyInGenericTestDeprecation]: Deprecated
functionality
Found top-level arguments to test `accepted_values`. Arguments to generic tests
should be nested under the `arguments` property.`
[0m18:49:58.966092 [debug] [MainThread]: Sending event: {'category': 'dbt', 'action': 'deprecation', 'label': '3c7ad28b-b26a-45ab-8d9c-5de7e6be1fab', 'property_': 'warn', 'context': [<snowplow_tracker.self_describing_json.SelfDescribingJson object at 0x00000130ABDFB260>]}
[0m18:49:59.238823 [debug] [MainThread]: Sending event: {'category': 'dbt', 'action': 'load_project', 'label': '3c7ad28b-b26a-45ab-8d9c-5de7e6be1fab', 'context': [<snowplow_tracker.self_describing_json.SelfDescribingJson object at 0x00000130ABBDE1E0>]}
[0m18:49:59.429927 [debug] [MainThread]: Wrote artifact WritableManifest to C:\Medical_Analytics\Medical_Analytics\target\manifest.json
[0m18:49:59.463314 [debug] [MainThread]: Wrote artifact SemanticManifest to C:\Medical_Analytics\Medical_Analytics\target\semantic_manifest.json
[0m18:50:00.090885 [debug] [MainThread]: Sending event: {'category': 'dbt', 'action': 'resource_counts', 'label': '3c7ad28b-b26a-45ab-8d9c-5de7e6be1fab', 'context': [<snowplow_tracker.self_describing_json.SelfDescribingJson object at 0x00000130ABC62750>]}
[0m18:50:00.092104 [info ] [MainThread]: Found 17 models, 2 snapshots, 24 data tests, 3 seeds, 5 sources, 498 macros
[0m18:50:00.093322 [debug] [MainThread]: Sending event: {'category': 'dbt', 'action': 'runnable_timing', 'label': '3c7ad28b-b26a-45ab-8d9c-5de7e6be1fab', 'context': [<snowplow_tracker.self_describing_json.SelfDescribingJson object at 0x00000130AB93FF80>]}
[0m18:50:00.098643 [info ] [MainThread]: 
[0m18:50:00.099813 [info ] [MainThread]: Concurrency: 3 threads (target='dev')
[0m18:50:00.101232 [info ] [MainThread]: 
[0m18:50:00.103230 [debug] [MainThread]: Acquiring new snowflake connection 'master'
[0m18:50:00.115944 [debug] [ThreadPool]: Acquiring new snowflake connection 'list_MEDICAL_DB'
[0m18:50:00.118329 [debug] [ThreadPool]: Acquiring new snowflake connection 'list_MEDICAL_DB'
[0m18:50:00.148359 [debug] [ThreadPool]: Acquiring new snowflake connection 'list_MEDICAL_DB'
[0m18:50:00.987419 [debug] [ThreadPool]: Using snowflake connection "list_MEDICAL_DB"
[0m18:50:00.988209 [debug] [ThreadPool]: Using snowflake connection "list_MEDICAL_DB"
[0m18:50:00.988865 [debug] [ThreadPool]: Using snowflake connection "list_MEDICAL_DB"
[0m18:50:00.989786 [debug] [ThreadPool]: On list_MEDICAL_DB: show terse schemas in database MEDICAL_DB
    limit 10000
/* {"app": "dbt", "dbt_version": "1.10.13", "profile_name": "medical_project", "target_name": "dev", "connection_name": "list_MEDICAL_DB"} */
[0m18:50:00.990613 [debug] [ThreadPool]: On list_MEDICAL_DB: show terse schemas in database MEDICAL_DB
    limit 10000
/* {"app": "dbt", "dbt_version": "1.10.13", "profile_name": "medical_project", "target_name": "dev", "connection_name": "list_MEDICAL_DB"} */
[0m18:50:00.991247 [debug] [ThreadPool]: On list_MEDICAL_DB: show terse schemas in database MEDICAL_DB
    limit 10000
/* {"app": "dbt", "dbt_version": "1.10.13", "profile_name": "medical_project", "target_name": "dev", "connection_name": "list_MEDICAL_DB"} */
[0m18:50:00.991971 [debug] [ThreadPool]: Opening a new connection, currently in state init
[0m18:50:00.993191 [debug] [ThreadPool]: Opening a new connection, currently in state init
[0m18:50:00.994020 [debug] [ThreadPool]: Opening a new connection, currently in state init
[0m18:50:19.503449 [debug] [ThreadPool]: Snowflake adapter: Error running SQL: show terse schemas in database MEDICAL_DB
    limit 10000
/* {"app": "dbt", "dbt_version": "1.10.13", "profile_name": "medical_project", "target_name": "dev", "connection_name": "list_MEDICAL_DB"} */
[0m18:50:19.505603 [debug] [ThreadPool]: Snowflake adapter: Error running SQL: show terse schemas in database MEDICAL_DB
    limit 10000
/* {"app": "dbt", "dbt_version": "1.10.13", "profile_name": "medical_project", "target_name": "dev", "connection_name": "list_MEDICAL_DB"} */
[0m18:50:19.506243 [debug] [ThreadPool]: Snowflake adapter: Rolling back transaction.
[0m18:50:19.507504 [debug] [ThreadPool]: Snowflake adapter: Error running SQL: show terse schemas in database MEDICAL_DB
    limit 10000
/* {"app": "dbt", "dbt_version": "1.10.13", "profile_name": "medical_project", "target_name": "dev", "connection_name": "list_MEDICAL_DB"} */
[0m18:50:19.508616 [debug] [ThreadPool]: Snowflake adapter: Rolling back transaction.
[0m18:50:19.509494 [debug] [ThreadPool]: Snowflake adapter: Error running SQL: macro list_schemas
[0m18:50:19.510663 [debug] [ThreadPool]: Snowflake adapter: Rolling back transaction.
[0m18:50:19.511422 [debug] [ThreadPool]: Snowflake adapter: Error running SQL: macro list_schemas
[0m18:50:19.512085 [debug] [ThreadPool]: Snowflake adapter: Rolling back transaction.
[0m18:50:19.513436 [debug] [ThreadPool]: Snowflake adapter: Error running SQL: macro list_schemas
[0m18:50:19.514124 [debug] [ThreadPool]: Snowflake adapter: Rolling back transaction.
[0m18:50:19.515989 [debug] [ThreadPool]: Snowflake adapter: Rolling back transaction.
[0m18:50:19.517948 [debug] [MainThread]: Connection 'master' was properly closed.
[0m18:50:19.518753 [debug] [MainThread]: Connection 'list_MEDICAL_DB' was left open.
[0m18:50:19.519369 [debug] [MainThread]: On list_MEDICAL_DB: No close available on handle
[0m18:50:19.519989 [debug] [MainThread]: Connection 'list_MEDICAL_DB' was left open.
[0m18:50:19.520603 [debug] [MainThread]: On list_MEDICAL_DB: No close available on handle
[0m18:50:19.521223 [debug] [MainThread]: Connection 'list_MEDICAL_DB' was left open.
[0m18:50:19.521861 [debug] [MainThread]: On list_MEDICAL_DB: No close available on handle
[0m18:50:19.522699 [info ] [MainThread]: 
[0m18:50:19.524013 [info ] [MainThread]: Finished running  in 0 hours 0 minutes and 19.42 seconds (19.42s).
[0m18:50:19.525299 [error] [MainThread]: Encountered an error:
Runtime Error
  Database error while listing schemas in database "MEDICAL_DB"
  Database Error
    290404 (08001): 404 Not Found: post NB88924.snowflakecomputing.com:443/session/v1/login-request
[0m18:50:19.527203 [warn ] [MainThread]: [[33mWARNING[0m][DeprecationsSummary]: Deprecated functionality
Summary of encountered deprecations:
- MissingArgumentsPropertyInGenericTestDeprecation: 3 occurrences
To see all deprecation instances instead of just the first occurrence of each,
run command again with the `--show-all-deprecations` flag. You may also need to
run with `--no-partial-parse` as some deprecations are only encountered during
parsing.
[0m18:50:19.529740 [debug] [MainThread]: Command `dbt run` failed at 18:50:19.529740 after 34.30 seconds
[0m18:50:19.531040 [debug] [MainThread]: Sending event: {'category': 'dbt', 'action': 'invocation', 'label': 'end', 'context': [<snowplow_tracker.self_describing_json.SelfDescribingJson object at 0x00000130A91FE780>, <snowplow_tracker.self_describing_json.SelfDescribingJson object at 0x00000130AC9A6030>, <snowplow_tracker.self_describing_json.SelfDescribingJson object at 0x00000130AB98E810>]}
[0m18:50:19.532299 [debug] [MainThread]: Flushing usage events
[0m18:50:21.403472 [debug] [MainThread]: An error was encountered while trying to flush usage events
[0m19:02:11.000564 [debug] [MainThread]: Sending event: {'category': 'dbt', 'action': 'invocation', 'label': 'start', 'context': [<snowplow_tracker.self_describing_json.SelfDescribingJson object at 0x000001C86213D100>, <snowplow_tracker.self_describing_json.SelfDescribingJson object at 0x000001C85FF6E510>, <snowplow_tracker.self_describing_json.SelfDescribingJson object at 0x000001C8629708C0>]}


============================== 19:02:11.008572 | 78b7bb11-4425-4707-b1d1-caa0562db068 ==============================
[0m19:02:11.008572 [info ] [MainThread]: Running with dbt=1.10.13
[0m19:02:11.010377 [debug] [MainThread]: running dbt with arguments {'no_print': 'None', 'cache_selected_only': 'False', 'invocation_command': 'dbt seed', 'write_json': 'True', 'log_format': 'default', 'warn_error': 'None', 'indirect_selection': 'eager', 'fail_fast': 'False', 'static_parser': 'True', 'send_anonymous_usage_stats': 'True', 'log_path': 'C:\\Medical_Analytics\\Medical_Analytics\\logs', 'warn_error_options': 'WarnErrorOptionsV2(error=[], warn=[], silence=[])', 'partial_parse': 'True', 'version_check': 'True', 'use_experimental_parser': 'False', 'introspect': 'True', 'quiet': 'False', 'empty': 'None', 'log_cache_events': 'False', 'debug': 'False', 'profiles_dir': 'C:\\Users\\rkart\\.dbt', 'use_colors': 'True', 'printer_width': '80', 'target_path': 'None'}
[0m19:02:16.010454 [debug] [MainThread]: Sending event: {'category': 'dbt', 'action': 'project_id', 'label': '78b7bb11-4425-4707-b1d1-caa0562db068', 'context': [<snowplow_tracker.self_describing_json.SelfDescribingJson object at 0x000001C8600B3680>]}
[0m19:02:16.115210 [debug] [MainThread]: Sending event: {'category': 'dbt', 'action': 'adapter_info', 'label': '78b7bb11-4425-4707-b1d1-caa0562db068', 'context': [<snowplow_tracker.self_describing_json.SelfDescribingJson object at 0x000001C86258D160>]}
[0m19:02:16.117549 [info ] [MainThread]: Registered adapter: snowflake=1.10.2
[0m19:02:17.039651 [debug] [MainThread]: checksum: 9f0c81e2574b4ff463f3d16d080df83c6982fc0372c9feeacae0504ac9ea3ffe, vars: {}, profile: , target: , version: 1.10.13
[0m19:02:19.725869 [debug] [MainThread]: Partial parsing enabled: 0 files deleted, 0 files added, 0 files changed.
[0m19:02:19.726483 [debug] [MainThread]: Partial parsing enabled, no changes found, skipping parsing
[0m19:02:19.847875 [debug] [MainThread]: Sending event: {'category': 'dbt', 'action': 'load_project', 'label': '78b7bb11-4425-4707-b1d1-caa0562db068', 'context': [<snowplow_tracker.self_describing_json.SelfDescribingJson object at 0x000001C8655DCD40>]}
[0m19:02:20.073845 [debug] [MainThread]: Wrote artifact WritableManifest to C:\Medical_Analytics\Medical_Analytics\target\manifest.json
[0m19:02:20.108923 [debug] [MainThread]: Wrote artifact SemanticManifest to C:\Medical_Analytics\Medical_Analytics\target\semantic_manifest.json
[0m19:02:20.298100 [debug] [MainThread]: Sending event: {'category': 'dbt', 'action': 'resource_counts', 'label': '78b7bb11-4425-4707-b1d1-caa0562db068', 'context': [<snowplow_tracker.self_describing_json.SelfDescribingJson object at 0x000001C8658318B0>]}
[0m19:02:20.299472 [info ] [MainThread]: Found 17 models, 2 snapshots, 24 data tests, 3 seeds, 5 sources, 498 macros
[0m19:02:20.300772 [debug] [MainThread]: Sending event: {'category': 'dbt', 'action': 'runnable_timing', 'label': '78b7bb11-4425-4707-b1d1-caa0562db068', 'context': [<snowplow_tracker.self_describing_json.SelfDescribingJson object at 0x000001C865726B10>]}
[0m19:02:20.305651 [info ] [MainThread]: 
[0m19:02:20.306829 [info ] [MainThread]: Concurrency: 3 threads (target='dev')
[0m19:02:20.308025 [info ] [MainThread]: 
[0m19:02:20.310287 [debug] [MainThread]: Acquiring new snowflake connection 'master'
[0m19:02:20.319683 [debug] [ThreadPool]: Acquiring new snowflake connection 'list_MEDICAL_DB'
[0m19:02:20.800711 [debug] [ThreadPool]: Using snowflake connection "list_MEDICAL_DB"
[0m19:02:20.801346 [debug] [ThreadPool]: On list_MEDICAL_DB: show terse schemas in database MEDICAL_DB
    limit 10000
/* {"app": "dbt", "dbt_version": "1.10.13", "profile_name": "medical_project", "target_name": "dev", "connection_name": "list_MEDICAL_DB"} */
[0m19:02:20.802318 [debug] [ThreadPool]: Opening a new connection, currently in state init
[0m19:02:25.856175 [debug] [ThreadPool]: Snowflake adapter: Error running SQL: show terse schemas in database MEDICAL_DB
    limit 10000
/* {"app": "dbt", "dbt_version": "1.10.13", "profile_name": "medical_project", "target_name": "dev", "connection_name": "list_MEDICAL_DB"} */
[0m19:02:25.856824 [debug] [ThreadPool]: Snowflake adapter: Rolling back transaction.
[0m19:02:25.857874 [debug] [ThreadPool]: Snowflake adapter: Error running SQL: macro list_schemas
[0m19:02:25.858516 [debug] [ThreadPool]: Snowflake adapter: Rolling back transaction.
[0m19:02:25.859809 [debug] [MainThread]: Connection 'master' was properly closed.
[0m19:02:25.860970 [debug] [MainThread]: Connection 'list_MEDICAL_DB' was left open.
[0m19:02:25.861615 [debug] [MainThread]: On list_MEDICAL_DB: No close available on handle
[0m19:02:25.862470 [info ] [MainThread]: 
[0m19:02:25.863911 [info ] [MainThread]: Finished running  in 0 hours 0 minutes and 5.55 seconds (5.55s).
[0m19:02:25.865707 [error] [MainThread]: Encountered an error:
Runtime Error
  Database error while listing schemas in database "MEDICAL_DB"
  Database Error
    290404 (08001): 404 Not Found: post NB88924.snowflakecomputing.com:443/session/v1/login-request
[0m19:02:25.868787 [debug] [MainThread]: Command `dbt seed` failed at 19:02:25.868261 after 15.18 seconds
[0m19:02:25.869207 [debug] [MainThread]: Sending event: {'category': 'dbt', 'action': 'invocation', 'label': 'end', 'context': [<snowplow_tracker.self_describing_json.SelfDescribingJson object at 0x000001C86213D100>, <snowplow_tracker.self_describing_json.SelfDescribingJson object at 0x000001C86583F9B0>, <snowplow_tracker.self_describing_json.SelfDescribingJson object at 0x000001C8655DC3E0>]}
[0m19:02:25.870970 [debug] [MainThread]: Flushing usage events
[0m19:02:27.850973 [debug] [MainThread]: An error was encountered while trying to flush usage events
[0m19:04:23.409834 [debug] [MainThread]: Sending event: {'category': 'dbt', 'action': 'invocation', 'label': 'start', 'context': [<snowplow_tracker.self_describing_json.SelfDescribingJson object at 0x000001A484539DF0>, <snowplow_tracker.self_describing_json.SelfDescribingJson object at 0x000001A481BA9550>, <snowplow_tracker.self_describing_json.SelfDescribingJson object at 0x000001A48505D2B0>]}


============================== 19:04:23.416896 | 87a4dd12-8fa1-4f1a-917c-87ff3feab29d ==============================
[0m19:04:23.416896 [info ] [MainThread]: Running with dbt=1.10.13
[0m19:04:23.418181 [debug] [MainThread]: running dbt with arguments {'write_json': 'True', 'use_colors': 'True', 'log_format': 'default', 'printer_width': '80', 'no_print': 'None', 'warn_error': 'None', 'log_path': 'C:\\Medical_Analytics\\Medical_Analytics\\logs', 'partial_parse': 'True', 'fail_fast': 'False', 'send_anonymous_usage_stats': 'True', 'indirect_selection': 'eager', 'warn_error_options': 'WarnErrorOptionsV2(error=[], warn=[], silence=[])', 'static_parser': 'True', 'version_check': 'True', 'use_experimental_parser': 'False', 'quiet': 'False', 'introspect': 'True', 'empty': 'None', 'log_cache_events': 'False', 'debug': 'False', 'profiles_dir': 'C:\\Users\\rkart\\.dbt', 'invocation_command': 'dbt seed', 'cache_selected_only': 'False', 'target_path': 'None'}
[0m19:04:27.011479 [debug] [MainThread]: Sending event: {'category': 'dbt', 'action': 'project_id', 'label': '87a4dd12-8fa1-4f1a-917c-87ff3feab29d', 'context': [<snowplow_tracker.self_describing_json.SelfDescribingJson object at 0x000001A482537140>]}
[0m19:04:27.121134 [debug] [MainThread]: Sending event: {'category': 'dbt', 'action': 'adapter_info', 'label': '87a4dd12-8fa1-4f1a-917c-87ff3feab29d', 'context': [<snowplow_tracker.self_describing_json.SelfDescribingJson object at 0x000001A4876AC0B0>]}
[0m19:04:27.123442 [info ] [MainThread]: Registered adapter: snowflake=1.10.2
[0m19:04:28.295054 [debug] [MainThread]: checksum: 9f0c81e2574b4ff463f3d16d080df83c6982fc0372c9feeacae0504ac9ea3ffe, vars: {}, profile: , target: , version: 1.10.13
[0m19:04:28.711915 [info ] [MainThread]: Unable to do partial parsing because profile has changed
[0m19:04:28.713885 [debug] [MainThread]: Sending event: {'category': 'dbt', 'action': 'partial_parser', 'label': '87a4dd12-8fa1-4f1a-917c-87ff3feab29d', 'context': [<snowplow_tracker.self_describing_json.SelfDescribingJson object at 0x000001A487C1D520>]}
[0m19:04:32.591197 [warn ] [MainThread]: [[33mWARNING[0m][MissingArgumentsPropertyInGenericTestDeprecation]: Deprecated
functionality
Found top-level arguments to test `accepted_values`. Arguments to generic tests
should be nested under the `arguments` property.`
[0m19:04:32.592576 [debug] [MainThread]: Sending event: {'category': 'dbt', 'action': 'deprecation', 'label': '87a4dd12-8fa1-4f1a-917c-87ff3feab29d', 'property_': 'warn', 'context': [<snowplow_tracker.self_describing_json.SelfDescribingJson object at 0x000001A48754D7F0>]}
[0m19:04:32.857007 [debug] [MainThread]: Sending event: {'category': 'dbt', 'action': 'load_project', 'label': '87a4dd12-8fa1-4f1a-917c-87ff3feab29d', 'context': [<snowplow_tracker.self_describing_json.SelfDescribingJson object at 0x000001A487E25A60>]}
[0m19:04:33.033171 [debug] [MainThread]: Wrote artifact WritableManifest to C:\Medical_Analytics\Medical_Analytics\target\manifest.json
[0m19:04:33.098876 [debug] [MainThread]: Wrote artifact SemanticManifest to C:\Medical_Analytics\Medical_Analytics\target\semantic_manifest.json
[0m19:04:33.266350 [debug] [MainThread]: Sending event: {'category': 'dbt', 'action': 'resource_counts', 'label': '87a4dd12-8fa1-4f1a-917c-87ff3feab29d', 'context': [<snowplow_tracker.self_describing_json.SelfDescribingJson object at 0x000001A487897EF0>]}
[0m19:04:33.267534 [info ] [MainThread]: Found 17 models, 2 snapshots, 24 data tests, 3 seeds, 5 sources, 498 macros
[0m19:04:33.268696 [debug] [MainThread]: Sending event: {'category': 'dbt', 'action': 'runnable_timing', 'label': '87a4dd12-8fa1-4f1a-917c-87ff3feab29d', 'context': [<snowplow_tracker.self_describing_json.SelfDescribingJson object at 0x000001A487C73BF0>]}
[0m19:04:33.273188 [info ] [MainThread]: 
[0m19:04:33.274515 [info ] [MainThread]: Concurrency: 3 threads (target='dev')
[0m19:04:33.276274 [info ] [MainThread]: 
[0m19:04:33.277899 [debug] [MainThread]: Acquiring new snowflake connection 'master'
[0m19:04:33.286966 [debug] [ThreadPool]: Acquiring new snowflake connection 'list_MEDICAL_DB'
[0m19:04:33.515162 [debug] [ThreadPool]: Using snowflake connection "list_MEDICAL_DB"
[0m19:04:33.516081 [debug] [ThreadPool]: On list_MEDICAL_DB: show terse schemas in database MEDICAL_DB
    limit 10000
/* {"app": "dbt", "dbt_version": "1.10.13", "profile_name": "medical_project", "target_name": "dev", "connection_name": "list_MEDICAL_DB"} */
[0m19:04:33.516734 [debug] [ThreadPool]: Opening a new connection, currently in state init
[0m19:04:39.144214 [debug] [ThreadPool]: SQL status: SUCCESS 3 in 5.627 seconds
[0m19:04:39.147115 [debug] [ThreadPool]: Re-using an available connection from the pool (formerly list_MEDICAL_DB, now create_MEDICAL_DB_reference)
[0m19:04:39.166755 [debug] [ThreadPool]: Creating schema "database: "MEDICAL_DB"
schema: "reference"
"
[0m19:04:39.174954 [debug] [ThreadPool]: Using snowflake connection "create_MEDICAL_DB_reference"
[0m19:04:39.176236 [debug] [ThreadPool]: On create_MEDICAL_DB_reference: create schema if not exists MEDICAL_DB.reference
/* {"app": "dbt", "dbt_version": "1.10.13", "profile_name": "medical_project", "target_name": "dev", "connection_name": "create_MEDICAL_DB_reference"} */
[0m19:04:39.323979 [debug] [ThreadPool]: SQL status: SUCCESS 1 in 0.147 seconds
[0m19:04:39.329699 [debug] [ThreadPool]: Acquiring new snowflake connection 'list_MEDICAL_DB_reference'
[0m19:04:39.352487 [debug] [ThreadPool]: Acquiring new snowflake connection 'list_MEDICAL_DB_silver'
[0m19:04:39.354008 [debug] [ThreadPool]: Using snowflake connection "list_MEDICAL_DB_reference"
[0m19:04:39.360013 [debug] [ThreadPool]: Using snowflake connection "list_MEDICAL_DB_silver"
[0m19:04:39.361038 [debug] [ThreadPool]: Acquiring new snowflake connection 'list_MEDICAL_DB_bronze'
[0m19:04:39.362141 [debug] [ThreadPool]: On list_MEDICAL_DB_reference: show objects in MEDICAL_DB.reference
    limit 10000
    

/* {"app": "dbt", "dbt_version": "1.10.13", "profile_name": "medical_project", "target_name": "dev", "connection_name": "list_MEDICAL_DB_reference"} */;
[0m19:04:39.363279 [debug] [ThreadPool]: On list_MEDICAL_DB_silver: show objects in MEDICAL_DB.silver
    limit 10000
    

/* {"app": "dbt", "dbt_version": "1.10.13", "profile_name": "medical_project", "target_name": "dev", "connection_name": "list_MEDICAL_DB_silver"} */;
[0m19:04:39.368126 [debug] [ThreadPool]: Using snowflake connection "list_MEDICAL_DB_bronze"
[0m19:04:39.368774 [debug] [ThreadPool]: Opening a new connection, currently in state init
[0m19:04:39.369594 [debug] [ThreadPool]: Opening a new connection, currently in state init
[0m19:04:39.370243 [debug] [ThreadPool]: On list_MEDICAL_DB_bronze: show objects in MEDICAL_DB.bronze
    limit 10000
    

/* {"app": "dbt", "dbt_version": "1.10.13", "profile_name": "medical_project", "target_name": "dev", "connection_name": "list_MEDICAL_DB_bronze"} */;
[0m19:04:39.375221 [debug] [ThreadPool]: Opening a new connection, currently in state init
[0m19:04:42.132560 [debug] [ThreadPool]: SQL status: SUCCESS 0 in 2.763 seconds
[0m19:04:42.137074 [debug] [ThreadPool]: Re-using an available connection from the pool (formerly list_MEDICAL_DB_reference, now list_MEDICAL_DB_gold)
[0m19:04:42.142231 [debug] [ThreadPool]: Using snowflake connection "list_MEDICAL_DB_gold"
[0m19:04:42.142880 [debug] [ThreadPool]: On list_MEDICAL_DB_gold: show objects in MEDICAL_DB.gold
    limit 10000
    

/* {"app": "dbt", "dbt_version": "1.10.13", "profile_name": "medical_project", "target_name": "dev", "connection_name": "list_MEDICAL_DB_gold"} */;
[0m19:04:42.411724 [debug] [ThreadPool]: Snowflake adapter: Snowflake query id: 01c008ec-0001-67e0-000c-862e000150ae
[0m19:04:42.414113 [debug] [ThreadPool]: Snowflake adapter: Snowflake query id: 01c008ec-0001-67b5-0000-000c862ed35d
[0m19:04:42.414905 [debug] [ThreadPool]: Snowflake adapter: Snowflake error: 002043 (02000): SQL compilation error:
Object does not exist, or operation cannot be performed.
[0m19:04:42.415533 [debug] [ThreadPool]: Snowflake adapter: Snowflake query id: 01c008ec-0001-67b5-0000-000c862ed359
[0m19:04:42.416772 [debug] [ThreadPool]: Snowflake adapter: Snowflake error: 002043 (02000): SQL compilation error:
Object does not exist, or operation cannot be performed.
[0m19:04:42.417638 [debug] [ThreadPool]: Snowflake adapter: Error running SQL: macro list_relations_without_caching
[0m19:04:42.418840 [debug] [ThreadPool]: Snowflake adapter: Snowflake error: 002043 (02000): SQL compilation error:
Object does not exist, or operation cannot be performed.
[0m19:04:42.419689 [debug] [ThreadPool]: Snowflake adapter: Error running SQL: macro list_relations_without_caching
[0m19:04:42.420823 [debug] [ThreadPool]: Snowflake adapter: Rolling back transaction.
[0m19:04:42.421516 [debug] [ThreadPool]: Snowflake adapter: Error running SQL: macro list_relations_without_caching
[0m19:04:42.422568 [debug] [ThreadPool]: Snowflake adapter: Rolling back transaction.
[0m19:04:42.423645 [debug] [ThreadPool]: Re-using an available connection from the pool (formerly list_MEDICAL_DB_silver, now list_MEDICAL_DB_snapshots)
[0m19:04:42.424306 [debug] [ThreadPool]: Snowflake adapter: Rolling back transaction.
[0m19:04:42.429417 [debug] [ThreadPool]: Using snowflake connection "list_MEDICAL_DB_snapshots"
[0m19:04:42.431024 [debug] [ThreadPool]: On list_MEDICAL_DB_snapshots: show objects in MEDICAL_DB.snapshots
    limit 10000
    

/* {"app": "dbt", "dbt_version": "1.10.13", "profile_name": "medical_project", "target_name": "dev", "connection_name": "list_MEDICAL_DB_snapshots"} */;
[0m19:04:42.558763 [debug] [ThreadPool]: Snowflake adapter: Snowflake query id: 01c008ec-0001-67d1-000c-862e000140ea
[0m19:04:42.559978 [debug] [ThreadPool]: Snowflake adapter: Snowflake error: 002043 (02000): SQL compilation error:
Object does not exist, or operation cannot be performed.
[0m19:04:42.560664 [debug] [ThreadPool]: Snowflake adapter: Error running SQL: macro list_relations_without_caching
[0m19:04:42.561337 [debug] [ThreadPool]: Snowflake adapter: Rolling back transaction.
[0m19:04:42.563162 [debug] [MainThread]: Sending event: {'category': 'dbt', 'action': 'runnable_timing', 'label': '87a4dd12-8fa1-4f1a-917c-87ff3feab29d', 'context': [<snowplow_tracker.self_describing_json.SelfDescribingJson object at 0x000001A48260A150>]}
[0m19:04:42.663680 [debug] [Thread-1 (]: Began running node seed.medical_project.diagnosis_codes
[0m19:04:42.664317 [debug] [Thread-2 (]: Began running node seed.medical_project.insurance_types
[0m19:04:42.667446 [debug] [Thread-3 (]: Began running node seed.medical_project.medical_specialties
[0m19:04:42.669099 [info ] [Thread-1 (]: 1 of 3 START seed file reference.diagnosis_codes ............................... [RUN]
[0m19:04:42.669930 [info ] [Thread-2 (]: 2 of 3 START seed file reference.insurance_types ............................... [RUN]
[0m19:04:42.672858 [debug] [Thread-1 (]: Acquiring new snowflake connection 'seed.medical_project.diagnosis_codes'
[0m19:04:42.671158 [info ] [Thread-3 (]: 3 of 3 START seed file reference.medical_specialties ........................... [RUN]
[0m19:04:42.674188 [debug] [Thread-2 (]: Acquiring new snowflake connection 'seed.medical_project.insurance_types'
[0m19:04:42.674828 [debug] [Thread-1 (]: Began compiling node seed.medical_project.diagnosis_codes
[0m19:04:42.676019 [debug] [Thread-3 (]: Acquiring new snowflake connection 'seed.medical_project.medical_specialties'
[0m19:04:42.677212 [debug] [Thread-2 (]: Began compiling node seed.medical_project.insurance_types
[0m19:04:42.677798 [debug] [Thread-1 (]: Began executing node seed.medical_project.diagnosis_codes
[0m19:04:42.678996 [debug] [Thread-3 (]: Began compiling node seed.medical_project.medical_specialties
[0m19:04:42.680092 [debug] [Thread-2 (]: Began executing node seed.medical_project.insurance_types
[0m19:04:42.719285 [debug] [Thread-3 (]: Began executing node seed.medical_project.medical_specialties
[0m19:04:42.751896 [debug] [Thread-1 (]: Using snowflake connection "seed.medical_project.diagnosis_codes"
[0m19:04:42.763471 [debug] [Thread-2 (]: Using snowflake connection "seed.medical_project.insurance_types"
[0m19:04:42.764865 [debug] [Thread-1 (]: On seed.medical_project.diagnosis_codes: create table MEDICAL_DB.reference.diagnosis_codes (diagnosis_name text,diagnosis_category text,icd_10_code text)
/* {"app": "dbt", "dbt_version": "1.10.13", "profile_name": "medical_project", "target_name": "dev", "node_id": "seed.medical_project.diagnosis_codes"} */
[0m19:04:42.766749 [debug] [Thread-3 (]: Using snowflake connection "seed.medical_project.medical_specialties"
[0m19:04:42.767662 [debug] [Thread-2 (]: On seed.medical_project.insurance_types: create table MEDICAL_DB.reference.insurance_types (insurance_type text,category text)
/* {"app": "dbt", "dbt_version": "1.10.13", "profile_name": "medical_project", "target_name": "dev", "node_id": "seed.medical_project.insurance_types"} */
[0m19:04:42.768301 [debug] [Thread-1 (]: Opening a new connection, currently in state init
[0m19:04:42.769879 [debug] [Thread-3 (]: On seed.medical_project.medical_specialties: create table MEDICAL_DB.reference.medical_specialties (specialty_name text,specialty_category text)
/* {"app": "dbt", "dbt_version": "1.10.13", "profile_name": "medical_project", "target_name": "dev", "node_id": "seed.medical_project.medical_specialties"} */
[0m19:04:42.770758 [debug] [Thread-2 (]: Opening a new connection, currently in state init
[0m19:04:42.772921 [debug] [Thread-3 (]: Opening a new connection, currently in state init
[0m19:04:45.634571 [debug] [Thread-3 (]: SQL status: SUCCESS 1 in 2.862 seconds
[0m19:04:45.658889 [debug] [Thread-3 (]: Using snowflake connection "seed.medical_project.medical_specialties"
[0m19:04:45.659866 [debug] [Thread-3 (]: On seed.medical_project.medical_specialties: BEGIN
/* {"app": "dbt", "dbt_version": "1.10.13", "profile_name": "medical_project", "target_name": "dev", "node_id": "seed.medical_project.medical_specialties"} */
[0m19:04:45.668087 [debug] [Thread-2 (]: SQL status: SUCCESS 1 in 2.897 seconds
[0m19:04:45.670733 [debug] [Thread-1 (]: SQL status: SUCCESS 1 in 2.902 seconds
[0m19:04:45.673046 [debug] [Thread-2 (]: Using snowflake connection "seed.medical_project.insurance_types"
[0m19:04:45.675715 [debug] [Thread-1 (]: Using snowflake connection "seed.medical_project.diagnosis_codes"
[0m19:04:45.676868 [debug] [Thread-2 (]: On seed.medical_project.insurance_types: BEGIN
/* {"app": "dbt", "dbt_version": "1.10.13", "profile_name": "medical_project", "target_name": "dev", "node_id": "seed.medical_project.insurance_types"} */
[0m19:04:45.677673 [debug] [Thread-1 (]: On seed.medical_project.diagnosis_codes: BEGIN
/* {"app": "dbt", "dbt_version": "1.10.13", "profile_name": "medical_project", "target_name": "dev", "node_id": "seed.medical_project.diagnosis_codes"} */
[0m19:04:45.791439 [debug] [Thread-3 (]: SQL status: SUCCESS 1 in 0.130 seconds
[0m19:04:45.793511 [debug] [Thread-3 (]: Using snowflake connection "seed.medical_project.medical_specialties"
[0m19:04:45.795918 [debug] [Thread-2 (]: SQL status: SUCCESS 1 in 0.117 seconds
[0m19:04:45.796673 [debug] [Thread-3 (]: On seed.medical_project.medical_specialties: insert into MEDICAL_DB.reference.medical_specialties (specialty_name, specialty_category) values
            (%s,%s),(%s,%s),(%s,%s),(%s,%s),(%s,%s),(%s,%s),(%s,%s)
/* {"app": "dbt", "dbt_version": "1.10.13", "profile_name": "medical_project", "target_name": "dev", "node_id": "seed.medical_project.medical_specialties"} */...
[0m19:04:45.798867 [debug] [Thread-1 (]: SQL status: SUCCESS 1 in 0.119 seconds
[0m19:04:45.800003 [debug] [Thread-2 (]: Using snowflake connection "seed.medical_project.insurance_types"
[0m19:04:45.802196 [debug] [Thread-1 (]: Using snowflake connection "seed.medical_project.diagnosis_codes"
[0m19:04:45.805471 [debug] [Thread-2 (]: On seed.medical_project.insurance_types: insert into MEDICAL_DB.reference.insurance_types (insurance_type, category) values
            (%s,%s),(%s,%s),(%s,%s),(%s,%s)
/* {"app": "dbt", "dbt_version": "1.10.13", "profile_name": "medical_project", "target_name": "dev", "node_id": "seed.medical_project.insurance_types"} */...
[0m19:04:45.806787 [debug] [Thread-1 (]: On seed.medical_project.diagnosis_codes: insert into MEDICAL_DB.reference.diagnosis_codes (diagnosis_name, diagnosis_category, icd_10_code) values
            (%s,%s,%s),(%s,%s,%s),(%s,%s,%s),(%s,%s,%s),(%s,%s,%s)
/* {"app": "dbt", "dbt_version": "1.10.13", "profile_name": "medical_project", "target_name": "dev", "node_id": "seed.medical_project.diagnosis_codes"} */...
[0m19:04:47.869218 [debug] [Thread-3 (]: SQL status: SUCCESS 7 in 2.068 seconds
[0m19:04:47.870530 [debug] [Thread-3 (]: Using snowflake connection "seed.medical_project.medical_specialties"
[0m19:04:47.871510 [debug] [Thread-3 (]: On seed.medical_project.medical_specialties: COMMIT
/* {"app": "dbt", "dbt_version": "1.10.13", "profile_name": "medical_project", "target_name": "dev", "node_id": "seed.medical_project.medical_specialties"} */
[0m19:04:47.873502 [debug] [Thread-1 (]: SQL status: SUCCESS 5 in 2.064 seconds
[0m19:04:47.875415 [debug] [Thread-1 (]: Using snowflake connection "seed.medical_project.diagnosis_codes"
[0m19:04:47.876296 [debug] [Thread-1 (]: On seed.medical_project.diagnosis_codes: COMMIT
/* {"app": "dbt", "dbt_version": "1.10.13", "profile_name": "medical_project", "target_name": "dev", "node_id": "seed.medical_project.diagnosis_codes"} */
[0m19:04:47.883873 [debug] [Thread-2 (]: SQL status: SUCCESS 4 in 2.076 seconds
[0m19:04:47.884919 [debug] [Thread-2 (]: Using snowflake connection "seed.medical_project.insurance_types"
[0m19:04:47.885571 [debug] [Thread-2 (]: On seed.medical_project.insurance_types: COMMIT
/* {"app": "dbt", "dbt_version": "1.10.13", "profile_name": "medical_project", "target_name": "dev", "node_id": "seed.medical_project.insurance_types"} */
[0m19:04:48.068238 [debug] [Thread-3 (]: SQL status: SUCCESS 1 in 0.194 seconds
[0m19:04:48.081769 [debug] [Thread-3 (]: Writing runtime SQL for node "seed.medical_project.medical_specialties"
[0m19:04:48.141411 [debug] [Thread-1 (]: SQL status: SUCCESS 1 in 0.263 seconds
[0m19:04:48.150861 [debug] [Thread-1 (]: Writing runtime SQL for node "seed.medical_project.diagnosis_codes"
[0m19:04:48.152774 [debug] [Thread-2 (]: SQL status: SUCCESS 1 in 0.266 seconds
[0m19:04:48.154555 [debug] [Thread-2 (]: Writing runtime SQL for node "seed.medical_project.insurance_types"
[0m19:04:48.155465 [debug] [Thread-3 (]: Sending event: {'category': 'dbt', 'action': 'run_model', 'label': '87a4dd12-8fa1-4f1a-917c-87ff3feab29d', 'context': [<snowplow_tracker.self_describing_json.SelfDescribingJson object at 0x000001A48493D8B0>]}
[0m19:04:48.156709 [info ] [Thread-3 (]: 3 of 3 OK loaded seed file reference.medical_specialties ....................... [[32mINSERT 7[0m in 5.47s]
[0m19:04:48.158579 [debug] [Thread-3 (]: Finished running node seed.medical_project.medical_specialties
[0m19:04:48.175784 [debug] [Thread-1 (]: Sending event: {'category': 'dbt', 'action': 'run_model', 'label': '87a4dd12-8fa1-4f1a-917c-87ff3feab29d', 'context': [<snowplow_tracker.self_describing_json.SelfDescribingJson object at 0x000001A489F7FB30>]}
[0m19:04:48.181457 [debug] [Thread-2 (]: Sending event: {'category': 'dbt', 'action': 'run_model', 'label': '87a4dd12-8fa1-4f1a-917c-87ff3feab29d', 'context': [<snowplow_tracker.self_describing_json.SelfDescribingJson object at 0x000001A489F32F00>]}
[0m19:04:48.177434 [info ] [Thread-1 (]: 1 of 3 OK loaded seed file reference.diagnosis_codes ........................... [[32mINSERT 5[0m in 5.50s]
[0m19:04:48.184540 [debug] [Thread-1 (]: Finished running node seed.medical_project.diagnosis_codes
[0m19:04:48.182722 [info ] [Thread-2 (]: 2 of 3 OK loaded seed file reference.insurance_types ........................... [[32mINSERT 4[0m in 5.51s]
[0m19:04:48.186507 [debug] [Thread-2 (]: Finished running node seed.medical_project.insurance_types
[0m19:04:48.188913 [debug] [MainThread]: Connection 'master' was properly closed.
[0m19:04:48.189950 [debug] [MainThread]: Connection 'create_MEDICAL_DB_reference' was left open.
[0m19:04:48.190579 [debug] [MainThread]: On create_MEDICAL_DB_reference: Close
[0m19:04:48.371468 [debug] [MainThread]: Connection 'list_MEDICAL_DB_gold' was left open.
[0m19:04:48.372866 [debug] [MainThread]: On list_MEDICAL_DB_gold: Close
[0m19:04:48.546246 [debug] [MainThread]: Connection 'list_MEDICAL_DB_snapshots' was left open.
[0m19:04:48.546905 [debug] [MainThread]: On list_MEDICAL_DB_snapshots: Close
[0m19:04:48.712979 [debug] [MainThread]: Connection 'list_MEDICAL_DB_bronze' was left open.
[0m19:04:48.714463 [debug] [MainThread]: On list_MEDICAL_DB_bronze: Close
[0m19:04:48.883997 [debug] [MainThread]: Connection 'seed.medical_project.diagnosis_codes' was left open.
[0m19:04:48.885450 [debug] [MainThread]: On seed.medical_project.diagnosis_codes: Close
[0m19:04:49.061828 [debug] [MainThread]: Connection 'seed.medical_project.insurance_types' was left open.
[0m19:04:49.062968 [debug] [MainThread]: On seed.medical_project.insurance_types: Close
[0m19:04:49.226854 [debug] [MainThread]: Connection 'seed.medical_project.medical_specialties' was left open.
[0m19:04:49.227992 [debug] [MainThread]: On seed.medical_project.medical_specialties: Close
[0m19:04:49.387684 [info ] [MainThread]: 
[0m19:04:49.389484 [info ] [MainThread]: Finished running 3 seeds in 0 hours 0 minutes and 16.11 seconds (16.11s).
[0m19:04:49.392850 [debug] [MainThread]: Command end result
[0m19:04:49.455011 [debug] [MainThread]: Wrote artifact WritableManifest to C:\Medical_Analytics\Medical_Analytics\target\manifest.json
[0m19:04:49.459283 [debug] [MainThread]: Wrote artifact SemanticManifest to C:\Medical_Analytics\Medical_Analytics\target\semantic_manifest.json
[0m19:04:49.489712 [debug] [MainThread]: Wrote artifact RunExecutionResult to C:\Medical_Analytics\Medical_Analytics\target\run_results.json
[0m19:04:49.490924 [info ] [MainThread]: 
[0m19:04:49.492319 [info ] [MainThread]: [32mCompleted successfully[0m
[0m19:04:49.493722 [info ] [MainThread]: 
[0m19:04:49.494566 [info ] [MainThread]: Done. PASS=3 WARN=0 ERROR=0 SKIP=0 NO-OP=0 TOTAL=3
[0m19:04:49.496523 [warn ] [MainThread]: [[33mWARNING[0m][DeprecationsSummary]: Deprecated functionality
Summary of encountered deprecations:
- MissingArgumentsPropertyInGenericTestDeprecation: 3 occurrences
To see all deprecation instances instead of just the first occurrence of each,
run command again with the `--show-all-deprecations` flag. You may also need to
run with `--no-partial-parse` as some deprecations are only encountered during
parsing.
[0m19:04:49.499801 [debug] [MainThread]: Command `dbt seed` succeeded at 19:04:49.499135 after 26.36 seconds
[0m19:04:49.501120 [debug] [MainThread]: Sending event: {'category': 'dbt', 'action': 'invocation', 'label': 'end', 'context': [<snowplow_tracker.self_describing_json.SelfDescribingJson object at 0x000001A484361DF0>, <snowplow_tracker.self_describing_json.SelfDescribingJson object at 0x000001A484B4BFB0>, <snowplow_tracker.self_describing_json.SelfDescribingJson object at 0x000001A482A1DAC0>]}
[0m19:04:49.501636 [debug] [MainThread]: Flushing usage events
[0m19:04:51.337696 [debug] [MainThread]: An error was encountered while trying to flush usage events
[0m19:05:19.299765 [debug] [MainThread]: Sending event: {'category': 'dbt', 'action': 'invocation', 'label': 'start', 'context': [<snowplow_tracker.self_describing_json.SelfDescribingJson object at 0x000001B830E95A90>, <snowplow_tracker.self_describing_json.SelfDescribingJson object at 0x000001B830E3D8E0>, <snowplow_tracker.self_describing_json.SelfDescribingJson object at 0x000001B830E3F7A0>]}


============================== 19:05:19.306397 | 047bd0cd-5f32-4eba-bff0-54847885ed8b ==============================
[0m19:05:19.306397 [info ] [MainThread]: Running with dbt=1.10.13
[0m19:05:19.308490 [debug] [MainThread]: running dbt with arguments {'no_print': 'None', 'target_path': 'None', 'printer_width': '80', 'profiles_dir': 'C:\\Users\\rkart\\.dbt', 'invocation_command': 'dbt run', 'warn_error': 'None', 'log_path': 'C:\\Medical_Analytics\\Medical_Analytics\\logs', 'partial_parse': 'True', 'indirect_selection': 'eager', 'send_anonymous_usage_stats': 'True', 'static_parser': 'True', 'warn_error_options': 'WarnErrorOptionsV2(error=[], warn=[], silence=[])', 'fail_fast': 'False', 'version_check': 'True', 'use_experimental_parser': 'False', 'quiet': 'False', 'introspect': 'True', 'empty': 'False', 'log_cache_events': 'False', 'debug': 'False', 'log_format': 'default', 'use_colors': 'True', 'cache_selected_only': 'False', 'write_json': 'True'}
[0m19:05:20.211956 [debug] [MainThread]: Sending event: {'category': 'dbt', 'action': 'project_id', 'label': '047bd0cd-5f32-4eba-bff0-54847885ed8b', 'context': [<snowplow_tracker.self_describing_json.SelfDescribingJson object at 0x000001B82EA532C0>]}
[0m19:05:20.328673 [debug] [MainThread]: Sending event: {'category': 'dbt', 'action': 'adapter_info', 'label': '047bd0cd-5f32-4eba-bff0-54847885ed8b', 'context': [<snowplow_tracker.self_describing_json.SelfDescribingJson object at 0x000001B833B6D460>]}
[0m19:05:20.330499 [info ] [MainThread]: Registered adapter: snowflake=1.10.2
[0m19:05:20.991954 [debug] [MainThread]: checksum: 9f0c81e2574b4ff463f3d16d080df83c6982fc0372c9feeacae0504ac9ea3ffe, vars: {}, profile: , target: , version: 1.10.13
[0m19:05:21.424843 [debug] [MainThread]: Partial parsing enabled: 0 files deleted, 0 files added, 0 files changed.
[0m19:05:21.425518 [debug] [MainThread]: Partial parsing enabled, no changes found, skipping parsing
[0m19:05:21.549690 [debug] [MainThread]: Sending event: {'category': 'dbt', 'action': 'load_project', 'label': '047bd0cd-5f32-4eba-bff0-54847885ed8b', 'context': [<snowplow_tracker.self_describing_json.SelfDescribingJson object at 0x000001B833E18680>]}
[0m19:05:21.793355 [debug] [MainThread]: Wrote artifact WritableManifest to C:\Medical_Analytics\Medical_Analytics\target\manifest.json
[0m19:05:21.798822 [debug] [MainThread]: Wrote artifact SemanticManifest to C:\Medical_Analytics\Medical_Analytics\target\semantic_manifest.json
[0m19:05:21.836378 [debug] [MainThread]: Sending event: {'category': 'dbt', 'action': 'resource_counts', 'label': '047bd0cd-5f32-4eba-bff0-54847885ed8b', 'context': [<snowplow_tracker.self_describing_json.SelfDescribingJson object at 0x000001B8341D9250>]}
[0m19:05:21.837466 [info ] [MainThread]: Found 17 models, 2 snapshots, 24 data tests, 3 seeds, 5 sources, 498 macros
[0m19:05:21.839299 [debug] [MainThread]: Sending event: {'category': 'dbt', 'action': 'runnable_timing', 'label': '047bd0cd-5f32-4eba-bff0-54847885ed8b', 'context': [<snowplow_tracker.self_describing_json.SelfDescribingJson object at 0x000001B8341AF230>]}
[0m19:05:21.845189 [info ] [MainThread]: 
[0m19:05:21.847318 [info ] [MainThread]: Concurrency: 3 threads (target='dev')
[0m19:05:21.848932 [info ] [MainThread]: 
[0m19:05:21.850853 [debug] [MainThread]: Acquiring new snowflake connection 'master'
[0m19:05:21.861901 [debug] [ThreadPool]: Acquiring new snowflake connection 'list_MEDICAL_DB'
[0m19:05:21.863163 [debug] [ThreadPool]: Acquiring new snowflake connection 'list_MEDICAL_DB'
[0m19:05:21.871369 [debug] [ThreadPool]: Acquiring new snowflake connection 'list_MEDICAL_DB'
[0m19:05:22.018043 [debug] [ThreadPool]: Using snowflake connection "list_MEDICAL_DB"
[0m19:05:22.019256 [debug] [ThreadPool]: Using snowflake connection "list_MEDICAL_DB"
[0m19:05:22.019890 [debug] [ThreadPool]: Using snowflake connection "list_MEDICAL_DB"
[0m19:05:22.021277 [debug] [ThreadPool]: On list_MEDICAL_DB: show terse schemas in database MEDICAL_DB
    limit 10000
/* {"app": "dbt", "dbt_version": "1.10.13", "profile_name": "medical_project", "target_name": "dev", "connection_name": "list_MEDICAL_DB"} */
[0m19:05:22.022534 [debug] [ThreadPool]: On list_MEDICAL_DB: show terse schemas in database MEDICAL_DB
    limit 10000
/* {"app": "dbt", "dbt_version": "1.10.13", "profile_name": "medical_project", "target_name": "dev", "connection_name": "list_MEDICAL_DB"} */
[0m19:05:22.023737 [debug] [ThreadPool]: On list_MEDICAL_DB: show terse schemas in database MEDICAL_DB
    limit 10000
/* {"app": "dbt", "dbt_version": "1.10.13", "profile_name": "medical_project", "target_name": "dev", "connection_name": "list_MEDICAL_DB"} */
[0m19:05:22.024463 [debug] [ThreadPool]: Opening a new connection, currently in state init
[0m19:05:22.025601 [debug] [ThreadPool]: Opening a new connection, currently in state init
[0m19:05:22.026880 [debug] [ThreadPool]: Opening a new connection, currently in state init
[0m19:05:25.554094 [debug] [ThreadPool]: SQL status: SUCCESS 4 in 3.529 seconds
[0m19:05:25.556049 [debug] [ThreadPool]: SQL status: SUCCESS 4 in 3.531 seconds
[0m19:05:25.557105 [debug] [ThreadPool]: SQL status: SUCCESS 4 in 3.531 seconds
[0m19:05:25.573506 [debug] [ThreadPool]: Re-using an available connection from the pool (formerly list_MEDICAL_DB, now create_MEDICAL_DB_bronze)
[0m19:05:25.574154 [debug] [ThreadPool]: Re-using an available connection from the pool (formerly list_MEDICAL_DB, now create_MEDICAL_DB_gold)
[0m19:05:25.575370 [debug] [ThreadPool]: Re-using an available connection from the pool (formerly list_MEDICAL_DB, now create_MEDICAL_DB_silver)
[0m19:05:25.577153 [debug] [ThreadPool]: Creating schema "database: "MEDICAL_DB"
schema: "bronze"
"
[0m19:05:25.578507 [debug] [ThreadPool]: Creating schema "database: "MEDICAL_DB"
schema: "gold"
"
[0m19:05:25.579813 [debug] [ThreadPool]: Creating schema "database: "MEDICAL_DB"
schema: "silver"
"
[0m19:05:25.592662 [debug] [ThreadPool]: Using snowflake connection "create_MEDICAL_DB_bronze"
[0m19:05:25.597890 [debug] [ThreadPool]: Using snowflake connection "create_MEDICAL_DB_gold"
[0m19:05:25.602738 [debug] [ThreadPool]: Using snowflake connection "create_MEDICAL_DB_silver"
[0m19:05:25.604014 [debug] [ThreadPool]: On create_MEDICAL_DB_bronze: create schema if not exists MEDICAL_DB.bronze
/* {"app": "dbt", "dbt_version": "1.10.13", "profile_name": "medical_project", "target_name": "dev", "connection_name": "create_MEDICAL_DB_bronze"} */
[0m19:05:25.605332 [debug] [ThreadPool]: On create_MEDICAL_DB_gold: create schema if not exists MEDICAL_DB.gold
/* {"app": "dbt", "dbt_version": "1.10.13", "profile_name": "medical_project", "target_name": "dev", "connection_name": "create_MEDICAL_DB_gold"} */
[0m19:05:25.606630 [debug] [ThreadPool]: On create_MEDICAL_DB_silver: create schema if not exists MEDICAL_DB.silver
/* {"app": "dbt", "dbt_version": "1.10.13", "profile_name": "medical_project", "target_name": "dev", "connection_name": "create_MEDICAL_DB_silver"} */
[0m19:05:25.741336 [debug] [ThreadPool]: SQL status: SUCCESS 1 in 0.133 seconds
[0m19:05:25.754249 [debug] [ThreadPool]: SQL status: SUCCESS 1 in 0.144 seconds
[0m19:05:25.769201 [debug] [ThreadPool]: SQL status: SUCCESS 1 in 0.161 seconds
[0m19:05:25.776390 [debug] [ThreadPool]: Acquiring new snowflake connection 'list_MEDICAL_DB_gold'
[0m19:05:25.778182 [debug] [ThreadPool]: Acquiring new snowflake connection 'list_MEDICAL_DB_silver'
[0m19:05:25.806827 [debug] [ThreadPool]: Using snowflake connection "list_MEDICAL_DB_gold"
[0m19:05:25.808142 [debug] [ThreadPool]: Acquiring new snowflake connection 'list_MEDICAL_DB_snapshots'
[0m19:05:25.815726 [debug] [ThreadPool]: Using snowflake connection "list_MEDICAL_DB_silver"
[0m19:05:25.817010 [debug] [ThreadPool]: On list_MEDICAL_DB_gold: show objects in MEDICAL_DB.gold
    limit 10000
    

/* {"app": "dbt", "dbt_version": "1.10.13", "profile_name": "medical_project", "target_name": "dev", "connection_name": "list_MEDICAL_DB_gold"} */;
[0m19:05:25.822336 [debug] [ThreadPool]: Using snowflake connection "list_MEDICAL_DB_snapshots"
[0m19:05:25.823556 [debug] [ThreadPool]: On list_MEDICAL_DB_silver: show objects in MEDICAL_DB.silver
    limit 10000
    

/* {"app": "dbt", "dbt_version": "1.10.13", "profile_name": "medical_project", "target_name": "dev", "connection_name": "list_MEDICAL_DB_silver"} */;
[0m19:05:25.824922 [debug] [ThreadPool]: Opening a new connection, currently in state init
[0m19:05:25.826286 [debug] [ThreadPool]: On list_MEDICAL_DB_snapshots: show objects in MEDICAL_DB.snapshots
    limit 10000
    

/* {"app": "dbt", "dbt_version": "1.10.13", "profile_name": "medical_project", "target_name": "dev", "connection_name": "list_MEDICAL_DB_snapshots"} */;
[0m19:05:25.827544 [debug] [ThreadPool]: Opening a new connection, currently in state init
[0m19:05:25.829484 [debug] [ThreadPool]: Opening a new connection, currently in state init
[0m19:05:28.441429 [debug] [ThreadPool]: Snowflake adapter: Snowflake query id: 01c008ed-0001-67d1-000c-862e00014106
[0m19:05:28.442176 [debug] [ThreadPool]: Snowflake adapter: Snowflake error: 002043 (02000): SQL compilation error:
Object does not exist, or operation cannot be performed.
[0m19:05:28.443590 [debug] [ThreadPool]: Snowflake adapter: Error running SQL: macro list_relations_without_caching
[0m19:05:28.444895 [debug] [ThreadPool]: Snowflake adapter: Rolling back transaction.
[0m19:05:28.446240 [debug] [ThreadPool]: Re-using an available connection from the pool (formerly list_MEDICAL_DB_snapshots, now list_MEDICAL_DB_bronze)
[0m19:05:28.451965 [debug] [ThreadPool]: Using snowflake connection "list_MEDICAL_DB_bronze"
[0m19:05:28.453256 [debug] [ThreadPool]: On list_MEDICAL_DB_bronze: show objects in MEDICAL_DB.bronze
    limit 10000
    

/* {"app": "dbt", "dbt_version": "1.10.13", "profile_name": "medical_project", "target_name": "dev", "connection_name": "list_MEDICAL_DB_bronze"} */;
[0m19:05:28.473714 [debug] [ThreadPool]: SQL status: SUCCESS 0 in 2.649 seconds
[0m19:05:28.475797 [debug] [ThreadPool]: SQL status: SUCCESS 0 in 2.648 seconds
[0m19:05:28.478944 [debug] [ThreadPool]: Re-using an available connection from the pool (formerly list_MEDICAL_DB_gold, now list_MEDICAL_DB_reference)
[0m19:05:28.485922 [debug] [ThreadPool]: Using snowflake connection "list_MEDICAL_DB_reference"
[0m19:05:28.487192 [debug] [ThreadPool]: On list_MEDICAL_DB_reference: show objects in MEDICAL_DB.reference
    limit 10000
    

/* {"app": "dbt", "dbt_version": "1.10.13", "profile_name": "medical_project", "target_name": "dev", "connection_name": "list_MEDICAL_DB_reference"} */;
[0m19:05:28.595450 [debug] [ThreadPool]: SQL status: SUCCESS 0 in 0.141 seconds
[0m19:05:28.633180 [debug] [ThreadPool]: SQL status: SUCCESS 3 in 0.145 seconds
[0m19:05:28.639037 [debug] [MainThread]: Sending event: {'category': 'dbt', 'action': 'runnable_timing', 'label': '047bd0cd-5f32-4eba-bff0-54847885ed8b', 'context': [<snowplow_tracker.self_describing_json.SelfDescribingJson object at 0x000001B834705100>]}
[0m19:05:28.667901 [debug] [Thread-1 (]: Began running node model.medical_project.bronze_appointments
[0m19:05:28.669123 [debug] [Thread-2 (]: Began running node model.medical_project.bronze_billing
[0m19:05:28.669747 [debug] [Thread-3 (]: Began running node model.medical_project.bronze_doctors
[0m19:05:28.671570 [info ] [Thread-1 (]: 1 of 17 START sql table model bronze.bronze_appointments ....................... [RUN]
[0m19:05:28.674082 [info ] [Thread-2 (]: 2 of 17 START sql table model bronze.bronze_billing ............................ [RUN]
[0m19:05:28.675422 [info ] [Thread-3 (]: 3 of 17 START sql table model bronze.bronze_doctors ............................ [RUN]
[0m19:05:28.677269 [debug] [Thread-1 (]: Acquiring new snowflake connection 'model.medical_project.bronze_appointments'
[0m19:05:28.678465 [debug] [Thread-2 (]: Acquiring new snowflake connection 'model.medical_project.bronze_billing'
[0m19:05:28.679524 [debug] [Thread-3 (]: Acquiring new snowflake connection 'model.medical_project.bronze_doctors'
[0m19:05:28.680845 [debug] [Thread-1 (]: Began compiling node model.medical_project.bronze_appointments
[0m19:05:28.682057 [debug] [Thread-2 (]: Began compiling node model.medical_project.bronze_billing
[0m19:05:28.683300 [debug] [Thread-3 (]: Began compiling node model.medical_project.bronze_doctors
[0m19:05:28.695947 [debug] [Thread-1 (]: Writing injected SQL for node "model.medical_project.bronze_appointments"
[0m19:05:28.703476 [debug] [Thread-2 (]: Writing injected SQL for node "model.medical_project.bronze_billing"
[0m19:05:28.711425 [debug] [Thread-3 (]: Writing injected SQL for node "model.medical_project.bronze_doctors"
[0m19:05:28.744547 [debug] [Thread-1 (]: Began executing node model.medical_project.bronze_appointments
[0m19:05:28.806372 [debug] [Thread-3 (]: Began executing node model.medical_project.bronze_doctors
[0m19:05:28.807111 [debug] [Thread-1 (]: Writing runtime sql for node "model.medical_project.bronze_appointments"
[0m19:05:28.808424 [debug] [Thread-2 (]: Began executing node model.medical_project.bronze_billing
[0m19:05:28.813713 [debug] [Thread-3 (]: Writing runtime sql for node "model.medical_project.bronze_doctors"
[0m19:05:28.819012 [debug] [Thread-2 (]: Writing runtime sql for node "model.medical_project.bronze_billing"
[0m19:05:28.821571 [debug] [Thread-1 (]: Using snowflake connection "model.medical_project.bronze_appointments"
[0m19:05:28.823489 [debug] [Thread-1 (]: On model.medical_project.bronze_appointments: create or replace transient table MEDICAL_DB.bronze.bronze_appointments
    
    
    
    as (

SELECT
  appointment_id,
  patient_id,
  doctor_id,
  appointment_date,
  appointment_type,
  status,
  duration_minutes,
  notes,
  created_at,
  created_at AS updated_at,
  CURRENT_TIMESTAMP() AS dbt_loaded_at,
  '047bd0cd-5f32-4eba-bff0-54847885ed8b' AS dbt_batch_id
FROM MEDICAL_DB.RAW.appointments
WHERE appointment_id IS NOT NULL
    )

/* {"app": "dbt", "dbt_version": "1.10.13", "profile_name": "medical_project", "target_name": "dev", "node_id": "model.medical_project.bronze_appointments"} */;
[0m19:05:28.824352 [debug] [Thread-1 (]: Opening a new connection, currently in state init
[0m19:05:28.844259 [debug] [Thread-2 (]: Using snowflake connection "model.medical_project.bronze_billing"
[0m19:05:28.844784 [debug] [Thread-2 (]: On model.medical_project.bronze_billing: create or replace transient table MEDICAL_DB.bronze.bronze_billing
    
    
    
    as (

SELECT
  billing_id,
  appointment_id,
  patient_id,
  total_amount,
  insurance_paid,
  patient_paid,
  billing_date,
  payment_status,
  insurance_claim_number,
  created_at,
  created_at AS updated_at,
  CURRENT_TIMESTAMP() AS dbt_loaded_at,
  '047bd0cd-5f32-4eba-bff0-54847885ed8b' AS dbt_batch_id
FROM MEDICAL_DB.RAW.billing
WHERE billing_id IS NOT NULL
    )

/* {"app": "dbt", "dbt_version": "1.10.13", "profile_name": "medical_project", "target_name": "dev", "node_id": "model.medical_project.bronze_billing"} */;
[0m19:05:28.846775 [debug] [Thread-3 (]: Using snowflake connection "model.medical_project.bronze_doctors"
[0m19:05:28.847975 [debug] [Thread-2 (]: Opening a new connection, currently in state init
[0m19:05:28.848806 [debug] [Thread-3 (]: On model.medical_project.bronze_doctors: create or replace transient table MEDICAL_DB.bronze.bronze_doctors
    
    
    
    as (

SELECT
  doctor_id,
  doctor_name,
  specialty,
  department_id,
  phone,
  email,
  license_number,
  years_experience,
  is_active,
  hired_date,
  CURRENT_TIMESTAMP() AS dbt_loaded_at,
  '047bd0cd-5f32-4eba-bff0-54847885ed8b' AS dbt_batch_id
FROM MEDICAL_DB.RAW.doctors
WHERE doctor_id IS NOT NULL
    )

/* {"app": "dbt", "dbt_version": "1.10.13", "profile_name": "medical_project", "target_name": "dev", "node_id": "model.medical_project.bronze_doctors"} */;
[0m19:05:28.852385 [debug] [Thread-3 (]: Opening a new connection, currently in state init
[0m19:05:32.604536 [debug] [Thread-2 (]: SQL status: SUCCESS 1 in 3.756 seconds
[0m19:05:32.606069 [debug] [Thread-1 (]: SQL status: SUCCESS 1 in 3.782 seconds
[0m19:05:32.648276 [debug] [Thread-2 (]: Sending event: {'category': 'dbt', 'action': 'run_model', 'label': '047bd0cd-5f32-4eba-bff0-54847885ed8b', 'context': [<snowplow_tracker.self_describing_json.SelfDescribingJson object at 0x000001B830E6D880>]}
[0m19:05:32.649083 [debug] [Thread-1 (]: Sending event: {'category': 'dbt', 'action': 'run_model', 'label': '047bd0cd-5f32-4eba-bff0-54847885ed8b', 'context': [<snowplow_tracker.self_describing_json.SelfDescribingJson object at 0x000001B8347CF7D0>]}
[0m19:05:32.650245 [info ] [Thread-2 (]: 2 of 17 OK created sql table model bronze.bronze_billing ....................... [[32mSUCCESS 1[0m in 3.96s]
[0m19:05:32.653139 [debug] [Thread-2 (]: Finished running node model.medical_project.bronze_billing
[0m19:05:32.651806 [info ] [Thread-1 (]: 1 of 17 OK created sql table model bronze.bronze_appointments .................. [[32mSUCCESS 1[0m in 3.97s]
[0m19:05:32.654402 [debug] [Thread-2 (]: Began running node model.medical_project.bronze_medical_records
[0m19:05:32.655717 [debug] [Thread-1 (]: Finished running node model.medical_project.bronze_appointments
[0m19:05:32.656901 [info ] [Thread-2 (]: 4 of 17 START sql table model bronze.bronze_medical_records .................... [RUN]
[0m19:05:32.658224 [debug] [Thread-1 (]: Began running node model.medical_project.bronze_patients
[0m19:05:32.659307 [debug] [Thread-2 (]: Re-using an available connection from the pool (formerly model.medical_project.bronze_billing, now model.medical_project.bronze_medical_records)
[0m19:05:32.661183 [info ] [Thread-1 (]: 5 of 17 START sql table model bronze.bronze_patients ........................... [RUN]
[0m19:05:32.662327 [debug] [Thread-2 (]: Began compiling node model.medical_project.bronze_medical_records
[0m19:05:32.664050 [debug] [Thread-1 (]: Re-using an available connection from the pool (formerly model.medical_project.bronze_appointments, now model.medical_project.bronze_patients)
[0m19:05:32.671892 [debug] [Thread-2 (]: Writing injected SQL for node "model.medical_project.bronze_medical_records"
[0m19:05:32.673978 [debug] [Thread-1 (]: Began compiling node model.medical_project.bronze_patients
[0m19:05:32.681339 [debug] [Thread-1 (]: Writing injected SQL for node "model.medical_project.bronze_patients"
[0m19:05:32.702894 [debug] [Thread-2 (]: Began executing node model.medical_project.bronze_medical_records
[0m19:05:32.708653 [debug] [Thread-2 (]: Writing runtime sql for node "model.medical_project.bronze_medical_records"
[0m19:05:32.709882 [debug] [Thread-1 (]: Began executing node model.medical_project.bronze_patients
[0m19:05:32.717552 [debug] [Thread-1 (]: Writing runtime sql for node "model.medical_project.bronze_patients"
[0m19:05:32.719878 [debug] [Thread-2 (]: Using snowflake connection "model.medical_project.bronze_medical_records"
[0m19:05:32.721302 [debug] [Thread-2 (]: On model.medical_project.bronze_medical_records: create or replace transient table MEDICAL_DB.bronze.bronze_medical_records
    
    
    
    as (

SELECT
  record_id,
  appointment_id,
  patient_id,
  diagnosis,
  treatment_plan,
  prescription,
  follow_up_required,
  severity,
  created_at,
  created_at AS updated_at,
  CURRENT_TIMESTAMP() AS dbt_loaded_at,
  '047bd0cd-5f32-4eba-bff0-54847885ed8b' AS dbt_batch_id
FROM MEDICAL_DB.RAW.medical_records
WHERE record_id IS NOT NULL
    )

/* {"app": "dbt", "dbt_version": "1.10.13", "profile_name": "medical_project", "target_name": "dev", "node_id": "model.medical_project.bronze_medical_records"} */;
[0m19:05:32.727357 [debug] [Thread-1 (]: Using snowflake connection "model.medical_project.bronze_patients"
[0m19:05:32.728508 [debug] [Thread-1 (]: On model.medical_project.bronze_patients: create or replace transient table MEDICAL_DB.bronze.bronze_patients
    
    
    
    as (

SELECT
  patient_id,
  first_name,
  last_name,
  date_of_birth,
  gender,
  blood_type,
  phone,
  email,
  address,
  city,
  state,
  zip_code,
  insurance_type,
  emergency_contact,
  created_at,
  created_at AS updated_at,
  CURRENT_TIMESTAMP() AS dbt_loaded_at,
  '047bd0cd-5f32-4eba-bff0-54847885ed8b' AS dbt_batch_id
FROM MEDICAL_DB.RAW.patients
WHERE patient_id IS NOT NULL
    )

/* {"app": "dbt", "dbt_version": "1.10.13", "profile_name": "medical_project", "target_name": "dev", "node_id": "model.medical_project.bronze_patients"} */;
[0m19:05:33.124705 [debug] [Thread-3 (]: SQL status: SUCCESS 1 in 4.273 seconds
[0m19:05:33.128274 [debug] [Thread-3 (]: Sending event: {'category': 'dbt', 'action': 'run_model', 'label': '047bd0cd-5f32-4eba-bff0-54847885ed8b', 'context': [<snowplow_tracker.self_describing_json.SelfDescribingJson object at 0x000001B8351457C0>]}
[0m19:05:33.129255 [info ] [Thread-3 (]: 3 of 17 OK created sql table model bronze.bronze_doctors ....................... [[32mSUCCESS 1[0m in 4.45s]
[0m19:05:33.131964 [debug] [Thread-3 (]: Finished running node model.medical_project.bronze_doctors
[0m19:05:33.132885 [debug] [Thread-3 (]: Began running node model.medical_project.silver_billing
[0m19:05:33.135071 [info ] [Thread-3 (]: 6 of 17 START sql table model silver.silver_billing ............................ [RUN]
[0m19:05:33.135960 [debug] [Thread-3 (]: Re-using an available connection from the pool (formerly model.medical_project.bronze_doctors, now model.medical_project.silver_billing)
[0m19:05:33.137822 [debug] [Thread-3 (]: Began compiling node model.medical_project.silver_billing
[0m19:05:33.145624 [debug] [Thread-3 (]: Writing injected SQL for node "model.medical_project.silver_billing"
[0m19:05:33.156791 [debug] [Thread-3 (]: Began executing node model.medical_project.silver_billing
[0m19:05:33.161683 [debug] [Thread-3 (]: Writing runtime sql for node "model.medical_project.silver_billing"
[0m19:05:33.165533 [debug] [Thread-3 (]: Using snowflake connection "model.medical_project.silver_billing"
[0m19:05:33.166663 [debug] [Thread-3 (]: On model.medical_project.silver_billing: create or replace transient table MEDICAL_DB.silver.silver_billing
    
    
    
    as (

SELECT
  billing_id,
  appointment_id,
  patient_id,
  total_amount,
  insurance_paid,
  patient_paid,
  ROUND((insurance_paid / NULLIF(total_amount, 0)) * 100, 2) AS insurance_coverage_percentage,
  CASE 
    WHEN total_amount >= 1000 THEN 'High Value'
    WHEN total_amount >= 500 THEN 'Medium Value'
    ELSE 'Low Value' END AS revenue_tier,
  CASE 
    WHEN (insurance_paid / NULLIF(total_amount, 0)) >= 0.9 THEN 'Excellent Coverage'
    WHEN (insurance_paid / NULLIF(total_amount, 0)) >= 0.7 THEN 'Good Coverage'
    WHEN (insurance_paid / NULLIF(total_amount, 0)) >= 0.5 THEN 'Fair Coverage'
    ELSE 'Poor Coverage' END AS coverage_quality,
  billing_date,
  DATEDIFF('day', billing_date, CURRENT_DATE()) AS days_since_billing,
  payment_status,
  CASE 
    WHEN payment_status = 'Paid' THEN 'Collected'
    WHEN payment_status = 'Pending' THEN 'Outstanding'
    WHEN payment_status = 'Denied' THEN 'Collection'
    ELSE 'Review' END AS collection_status,
  CASE WHEN payment_status != 'Paid' AND DATEDIFF('day', billing_date, CURRENT_DATE()) > 30 THEN 1 ELSE 0 END AS is_overdue,
  insurance_claim_number,
  created_at,
  updated_at,
  dbt_loaded_at,
  dbt_batch_id
FROM MEDICAL_DB.bronze.bronze_billing
WHERE billing_id IS NOT NULL
    )

/* {"app": "dbt", "dbt_version": "1.10.13", "profile_name": "medical_project", "target_name": "dev", "node_id": "model.medical_project.silver_billing"} */;
[0m19:05:33.389232 [debug] [Thread-2 (]: SQL status: SUCCESS 1 in 0.667 seconds
[0m19:05:33.394514 [debug] [Thread-2 (]: Sending event: {'category': 'dbt', 'action': 'run_model', 'label': '047bd0cd-5f32-4eba-bff0-54847885ed8b', 'context': [<snowplow_tracker.self_describing_json.SelfDescribingJson object at 0x000001B834898950>]}
[0m19:05:33.395996 [info ] [Thread-2 (]: 4 of 17 OK created sql table model bronze.bronze_medical_records ............... [[32mSUCCESS 1[0m in 0.74s]
[0m19:05:33.398411 [debug] [Thread-2 (]: Finished running node model.medical_project.bronze_medical_records
[0m19:05:33.400212 [debug] [Thread-2 (]: Began running node model.medical_project.silver_appointments
[0m19:05:33.401966 [info ] [Thread-2 (]: 7 of 17 START sql table model silver.silver_appointments ....................... [RUN]
[0m19:05:33.404260 [debug] [Thread-1 (]: SQL status: SUCCESS 1 in 0.675 seconds
[0m19:05:33.405652 [debug] [Thread-2 (]: Re-using an available connection from the pool (formerly model.medical_project.bronze_medical_records, now model.medical_project.silver_appointments)
[0m19:05:33.410447 [debug] [Thread-1 (]: Sending event: {'category': 'dbt', 'action': 'run_model', 'label': '047bd0cd-5f32-4eba-bff0-54847885ed8b', 'context': [<snowplow_tracker.self_describing_json.SelfDescribingJson object at 0x000001B83512EAE0>]}
[0m19:05:33.410834 [debug] [Thread-2 (]: Began compiling node model.medical_project.silver_appointments
[0m19:05:33.412803 [info ] [Thread-1 (]: 5 of 17 OK created sql table model bronze.bronze_patients ...................... [[32mSUCCESS 1[0m in 0.75s]
[0m19:05:33.419151 [debug] [Thread-2 (]: Writing injected SQL for node "model.medical_project.silver_appointments"
[0m19:05:33.420348 [debug] [Thread-1 (]: Finished running node model.medical_project.bronze_patients
[0m19:05:33.422448 [debug] [Thread-1 (]: Began running node model.medical_project.silver_doctors
[0m19:05:33.424139 [info ] [Thread-1 (]: 8 of 17 START sql table model silver.silver_doctors ............................ [RUN]
[0m19:05:33.426023 [debug] [Thread-1 (]: Re-using an available connection from the pool (formerly model.medical_project.bronze_patients, now model.medical_project.silver_doctors)
[0m19:05:33.426799 [debug] [Thread-1 (]: Began compiling node model.medical_project.silver_doctors
[0m19:05:33.432623 [debug] [Thread-1 (]: Writing injected SQL for node "model.medical_project.silver_doctors"
[0m19:05:33.588040 [debug] [Thread-2 (]: Began executing node model.medical_project.silver_appointments
[0m19:05:33.588676 [debug] [Thread-1 (]: Began executing node model.medical_project.silver_doctors
[0m19:05:33.593459 [debug] [Thread-2 (]: Writing runtime sql for node "model.medical_project.silver_appointments"
[0m19:05:33.597720 [debug] [Thread-1 (]: Writing runtime sql for node "model.medical_project.silver_doctors"
[0m19:05:33.612477 [debug] [Thread-2 (]: Using snowflake connection "model.medical_project.silver_appointments"
[0m19:05:33.615450 [debug] [Thread-1 (]: Using snowflake connection "model.medical_project.silver_doctors"
[0m19:05:33.616704 [debug] [Thread-2 (]: On model.medical_project.silver_appointments: create or replace transient table MEDICAL_DB.silver.silver_appointments
    
    
    
    as (

SELECT
  appointment_id,
  patient_id,
  doctor_id,
  appointment_date,
  DATE(appointment_date) AS appointment_date_only,
  TIME(appointment_date) AS appointment_time,
  EXTRACT(HOUR FROM appointment_date) AS appointment_hour,
  DAYNAME(appointment_date) AS day_of_week,
  CASE WHEN DAYNAME(appointment_date) IN ('Saturday','Sunday') THEN 'Weekend' ELSE 'Weekday' END AS day_type,
  CASE 
    WHEN EXTRACT(HOUR FROM appointment_date) BETWEEN 6 AND 11 THEN 'Morning'
    WHEN EXTRACT(HOUR FROM appointment_date) BETWEEN 12 AND 17 THEN 'Afternoon'
    WHEN EXTRACT(HOUR FROM appointment_date) BETWEEN 18 AND 21 THEN 'Evening'
    ELSE 'After Hours' END AS time_slot,
  appointment_type,
  status,
  CASE WHEN status = 'Completed' THEN 1 ELSE 0 END AS is_completed,
  CASE WHEN status = 'No-Show' THEN 1 ELSE 0 END AS is_no_show,
  CASE WHEN status = 'Cancelled' THEN 1 ELSE 0 END AS is_cancelled,
  duration_minutes,
  CASE 
    WHEN duration_minutes <= 15 THEN 'Short'
    WHEN duration_minutes <= 45 THEN 'Standard'
    ELSE 'Extended' END AS duration_category,
  notes,
  created_at,
  updated_at,
  dbt_loaded_at,
  dbt_batch_id
FROM MEDICAL_DB.bronze.bronze_appointments
WHERE appointment_id IS NOT NULL
    )

/* {"app": "dbt", "dbt_version": "1.10.13", "profile_name": "medical_project", "target_name": "dev", "node_id": "model.medical_project.silver_appointments"} */;
[0m19:05:33.617924 [debug] [Thread-1 (]: On model.medical_project.silver_doctors: create or replace transient table MEDICAL_DB.silver.silver_doctors
    
    
    
    as (

WITH specialty_mapping AS (
  SELECT * FROM MEDICAL_DB.reference.medical_specialties
)
SELECT
  d.doctor_id,
  TRIM(d.doctor_name) AS doctor_name,
  TRIM(d.specialty) AS specialty,
  COALESCE(sm.specialty_category,'Other') AS specialty_category,
  d.department_id,
  d.phone,
  LOWER(TRIM(d.email)) AS email,
  d.license_number,
  d.years_experience,
  CASE 
    WHEN d.years_experience < 5 THEN 'Junior'
    WHEN d.years_experience BETWEEN 5 AND 15 THEN 'Mid-Level'
    WHEN d.years_experience BETWEEN 16 AND 25 THEN 'Senior'
    ELSE 'Expert' END AS experience_level,
  CASE 
    WHEN d.specialty IN ('Emergency Medicine','Surgery') THEN 'Critical Care'
    WHEN d.specialty IN ('Cardiology','Neurology','Oncology') THEN 'Specialty Care'
    WHEN d.specialty IN ('Internal Medicine','Pediatrics') THEN 'Primary Care'
    ELSE 'Other Care' END AS care_category,
  d.is_active,
  CASE WHEN d.is_active = 'Y' THEN TRUE ELSE FALSE END AS is_active_flag,
  d.hired_date,
  DATEDIFF('year', d.hired_date, CURRENT_DATE()) AS tenure_years,
  d.dbt_loaded_at,
  d.dbt_batch_id
FROM MEDICAL_DB.bronze.bronze_doctors d
LEFT JOIN specialty_mapping sm ON d.specialty = sm.specialty_name
WHERE d.doctor_id IS NOT NULL
    )

/* {"app": "dbt", "dbt_version": "1.10.13", "profile_name": "medical_project", "target_name": "dev", "node_id": "model.medical_project.silver_doctors"} */;
[0m19:05:33.713291 [debug] [Thread-3 (]: SQL status: SUCCESS 1 in 0.546 seconds
[0m19:05:33.719003 [debug] [Thread-3 (]: Sending event: {'category': 'dbt', 'action': 'run_model', 'label': '047bd0cd-5f32-4eba-bff0-54847885ed8b', 'context': [<snowplow_tracker.self_describing_json.SelfDescribingJson object at 0x000001B834FDEED0>]}
[0m19:05:33.720961 [info ] [Thread-3 (]: 6 of 17 OK created sql table model silver.silver_billing ....................... [[32mSUCCESS 1[0m in 0.58s]
[0m19:05:33.723566 [debug] [Thread-3 (]: Finished running node model.medical_project.silver_billing
[0m19:05:33.724266 [debug] [Thread-3 (]: Began running node model.medical_project.silver_medical_records
[0m19:05:33.725449 [info ] [Thread-3 (]: 9 of 17 START sql table model silver.silver_medical_records .................... [RUN]
[0m19:05:33.727383 [debug] [Thread-3 (]: Re-using an available connection from the pool (formerly model.medical_project.silver_billing, now model.medical_project.silver_medical_records)
[0m19:05:33.728462 [debug] [Thread-3 (]: Began compiling node model.medical_project.silver_medical_records
[0m19:05:33.737464 [debug] [Thread-3 (]: Writing injected SQL for node "model.medical_project.silver_medical_records"
[0m19:05:33.766768 [debug] [Thread-3 (]: Began executing node model.medical_project.silver_medical_records
[0m19:05:33.776453 [debug] [Thread-3 (]: Writing runtime sql for node "model.medical_project.silver_medical_records"
[0m19:05:33.789845 [debug] [Thread-3 (]: Using snowflake connection "model.medical_project.silver_medical_records"
[0m19:05:33.791677 [debug] [Thread-3 (]: On model.medical_project.silver_medical_records: create or replace transient table MEDICAL_DB.silver.silver_medical_records
    
    
    
    as (

WITH diagnosis_mapping AS (
  SELECT * FROM MEDICAL_DB.reference.diagnosis_codes
)
SELECT
  mr.record_id,
  mr.appointment_id,
  mr.patient_id,
  TRIM(mr.diagnosis) AS diagnosis,
  COALESCE(dm.diagnosis_category,'Other') AS diagnosis_category,
  COALESCE(dm.icd_10_code,'Unknown') AS icd_10_code,
  TRIM(mr.treatment_plan) AS treatment_plan,
  CASE 
    WHEN mr.treatment_plan = 'Medication' THEN 'Pharmacological'
    WHEN mr.treatment_plan IN ('Surgery','Procedure') THEN 'Surgical'
    WHEN mr.treatment_plan IN ('Physical Therapy','Counseling') THEN 'Therapeutic'
    ELSE 'Conservative' END AS treatment_category,
  mr.prescription,
  mr.follow_up_required,
  CASE WHEN mr.follow_up_required = 'Y' THEN 1 ELSE 0 END AS needs_follow_up,
  mr.severity,
  CASE 
    WHEN mr.severity = 'Low' THEN 1
    WHEN mr.severity = 'Medium' THEN 2
    WHEN mr.severity = 'High' THEN 3
    ELSE 0 END AS severity_score,
  mr.created_at,
  mr.updated_at,
  mr.dbt_loaded_at,
  mr.dbt_batch_id
FROM MEDICAL_DB.bronze.bronze_medical_records mr
LEFT JOIN diagnosis_mapping dm ON mr.diagnosis = dm.diagnosis_name
WHERE mr.record_id IS NOT NULL
    )

/* {"app": "dbt", "dbt_version": "1.10.13", "profile_name": "medical_project", "target_name": "dev", "node_id": "model.medical_project.silver_medical_records"} */;
[0m19:05:34.204294 [debug] [Thread-2 (]: SQL status: SUCCESS 1 in 0.586 seconds
[0m19:05:34.206271 [debug] [Thread-1 (]: SQL status: SUCCESS 1 in 0.587 seconds
[0m19:05:34.209654 [debug] [Thread-2 (]: Sending event: {'category': 'dbt', 'action': 'run_model', 'label': '047bd0cd-5f32-4eba-bff0-54847885ed8b', 'context': [<snowplow_tracker.self_describing_json.SelfDescribingJson object at 0x000001B8351387D0>]}
[0m19:05:34.213614 [debug] [Thread-1 (]: Sending event: {'category': 'dbt', 'action': 'run_model', 'label': '047bd0cd-5f32-4eba-bff0-54847885ed8b', 'context': [<snowplow_tracker.self_describing_json.SelfDescribingJson object at 0x000001B8347C83B0>]}
[0m19:05:34.214791 [info ] [Thread-2 (]: 7 of 17 OK created sql table model silver.silver_appointments .................. [[32mSUCCESS 1[0m in 0.80s]
[0m19:05:34.217536 [debug] [Thread-2 (]: Finished running node model.medical_project.silver_appointments
[0m19:05:34.216342 [info ] [Thread-1 (]: 8 of 17 OK created sql table model silver.silver_doctors ....................... [[32mSUCCESS 1[0m in 0.79s]
[0m19:05:34.218734 [debug] [Thread-2 (]: Began running node model.medical_project.silver_patients
[0m19:05:34.220311 [debug] [Thread-1 (]: Finished running node model.medical_project.silver_doctors
[0m19:05:34.221158 [info ] [Thread-2 (]: 10 of 17 START sql table model silver.silver_patients .......................... [RUN]
[0m19:05:34.222984 [debug] [Thread-1 (]: Began running node model.medical_project.dim_doctors
[0m19:05:34.224451 [debug] [Thread-2 (]: Re-using an available connection from the pool (formerly model.medical_project.silver_appointments, now model.medical_project.silver_patients)
[0m19:05:34.225828 [info ] [Thread-1 (]: 11 of 17 START sql table model gold.dim_doctors ................................ [RUN]
[0m19:05:34.227546 [debug] [Thread-2 (]: Began compiling node model.medical_project.silver_patients
[0m19:05:34.228933 [debug] [Thread-1 (]: Re-using an available connection from the pool (formerly model.medical_project.silver_doctors, now model.medical_project.dim_doctors)
[0m19:05:34.243654 [debug] [Thread-2 (]: Writing injected SQL for node "model.medical_project.silver_patients"
[0m19:05:34.244996 [debug] [Thread-1 (]: Began compiling node model.medical_project.dim_doctors
[0m19:05:34.251784 [debug] [Thread-1 (]: Writing injected SQL for node "model.medical_project.dim_doctors"
[0m19:05:34.253478 [debug] [Thread-2 (]: Began executing node model.medical_project.silver_patients
[0m19:05:34.260839 [debug] [Thread-2 (]: Writing runtime sql for node "model.medical_project.silver_patients"
[0m19:05:34.262274 [debug] [Thread-1 (]: Began executing node model.medical_project.dim_doctors
[0m19:05:34.266980 [debug] [Thread-1 (]: Writing runtime sql for node "model.medical_project.dim_doctors"
[0m19:05:34.275874 [debug] [Thread-2 (]: Using snowflake connection "model.medical_project.silver_patients"
[0m19:05:34.277166 [debug] [Thread-2 (]: On model.medical_project.silver_patients: create or replace transient table MEDICAL_DB.silver.silver_patients
    
    
    
    as (

SELECT
  patient_id,
  TRIM(UPPER(first_name)) AS first_name,
  TRIM(UPPER(last_name)) AS last_name,
  TRIM(UPPER(first_name)) || ' ' || TRIM(UPPER(last_name)) AS full_name,
  date_of_birth,
  
  DATEDIFF('year', date_of_birth, CURRENT_DATE())
 AS age,
  
  CASE
    WHEN 
  DATEDIFF('year', date_of_birth, CURRENT_DATE())
 < 18 THEN 'Minor'
    WHEN 
  DATEDIFF('year', date_of_birth, CURRENT_DATE())
 BETWEEN 18 AND 39 THEN 'Young Adult'
    WHEN 
  DATEDIFF('year', date_of_birth, CURRENT_DATE())
 BETWEEN 40 AND 59 THEN 'Middle Age'
    WHEN 
  DATEDIFF('year', date_of_birth, CURRENT_DATE())
 BETWEEN 60 AND 79 THEN 'Senior'
    ELSE 'Elderly'
  END
 AS age_group,
  CASE WHEN 
  DATEDIFF('year', date_of_birth, CURRENT_DATE())
 >= 65 THEN 'Senior' ELSE 'Non-Senior' END AS senior_status,
  UPPER(gender) AS gender,
  blood_type,
  CASE 
    WHEN blood_type IN ('O+','O-') THEN 'Universal Donor'
    WHEN blood_type IN ('AB+','AB-') THEN 'Universal Recipient'
    ELSE 'Standard' END AS blood_type_category,
  phone,
  LOWER(TRIM(email)) AS email,
  address,
  TRIM(UPPER(city)) AS city,
  UPPER(state) AS state,
  zip_code,
  insurance_type,
  CASE 
    WHEN insurance_type IN ('Medicare','Medicaid') THEN 'Government'
    WHEN insurance_type = 'Private' THEN 'Commercial'
    ELSE 'Other' END AS insurance_category,
  emergency_contact,
  created_at,
  updated_at,
  dbt_loaded_at,
  dbt_batch_id
FROM MEDICAL_DB.bronze.bronze_patients
WHERE patient_id IS NOT NULL
    )

/* {"app": "dbt", "dbt_version": "1.10.13", "profile_name": "medical_project", "target_name": "dev", "node_id": "model.medical_project.silver_patients"} */;
[0m19:05:34.285367 [debug] [Thread-1 (]: Using snowflake connection "model.medical_project.dim_doctors"
[0m19:05:34.286772 [debug] [Thread-1 (]: On model.medical_project.dim_doctors: create or replace transient table MEDICAL_DB.gold.dim_doctors
    
    
    
    as (

SELECT
  doctor_id,
  doctor_name,
  specialty,
  specialty_category,
  experience_level,
  care_category,
  years_experience,
  tenure_years,
  is_active_flag,
  hired_date,
  CURRENT_TIMESTAMP() AS last_updated
FROM MEDICAL_DB.silver.silver_doctors
    )

/* {"app": "dbt", "dbt_version": "1.10.13", "profile_name": "medical_project", "target_name": "dev", "node_id": "model.medical_project.dim_doctors"} */;
[0m19:05:34.334022 [debug] [Thread-3 (]: SQL status: SUCCESS 1 in 0.541 seconds
[0m19:05:34.337195 [debug] [Thread-3 (]: Sending event: {'category': 'dbt', 'action': 'run_model', 'label': '047bd0cd-5f32-4eba-bff0-54847885ed8b', 'context': [<snowplow_tracker.self_describing_json.SelfDescribingJson object at 0x000001B8347C8DA0>]}
[0m19:05:34.338922 [info ] [Thread-3 (]: 9 of 17 OK created sql table model silver.silver_medical_records ............... [[32mSUCCESS 1[0m in 0.61s]
[0m19:05:34.340536 [debug] [Thread-3 (]: Finished running node model.medical_project.silver_medical_records
[0m19:05:34.805510 [debug] [Thread-1 (]: SQL status: SUCCESS 1 in 0.517 seconds
[0m19:05:34.810386 [debug] [Thread-1 (]: Sending event: {'category': 'dbt', 'action': 'run_model', 'label': '047bd0cd-5f32-4eba-bff0-54847885ed8b', 'context': [<snowplow_tracker.self_describing_json.SelfDescribingJson object at 0x000001B82D8BF860>]}
[0m19:05:34.812462 [info ] [Thread-1 (]: 11 of 17 OK created sql table model gold.dim_doctors ........................... [[32mSUCCESS 1[0m in 0.58s]
[0m19:05:34.815095 [debug] [Thread-1 (]: Finished running node model.medical_project.dim_doctors
[0m19:05:34.958243 [debug] [Thread-2 (]: SQL status: SUCCESS 1 in 0.680 seconds
[0m19:05:34.963608 [debug] [Thread-2 (]: Sending event: {'category': 'dbt', 'action': 'run_model', 'label': '047bd0cd-5f32-4eba-bff0-54847885ed8b', 'context': [<snowplow_tracker.self_describing_json.SelfDescribingJson object at 0x000001B8347DC410>]}
[0m19:05:34.965573 [info ] [Thread-2 (]: 10 of 17 OK created sql table model silver.silver_patients ..................... [[32mSUCCESS 1[0m in 0.74s]
[0m19:05:34.968002 [debug] [Thread-2 (]: Finished running node model.medical_project.silver_patients
[0m19:05:34.969625 [debug] [Thread-3 (]: Began running node model.medical_project.dim_patients
[0m19:05:34.970231 [info ] [Thread-3 (]: 12 of 17 START sql table model gold.dim_patients ............................... [RUN]
[0m19:05:34.971680 [debug] [Thread-3 (]: Re-using an available connection from the pool (formerly model.medical_project.silver_medical_records, now model.medical_project.dim_patients)
[0m19:05:34.973011 [debug] [Thread-3 (]: Began compiling node model.medical_project.dim_patients
[0m19:05:34.978559 [debug] [Thread-3 (]: Writing injected SQL for node "model.medical_project.dim_patients"
[0m19:05:34.992614 [debug] [Thread-3 (]: Began executing node model.medical_project.dim_patients
[0m19:05:34.997170 [debug] [Thread-3 (]: Writing runtime sql for node "model.medical_project.dim_patients"
[0m19:05:35.000187 [debug] [Thread-3 (]: Using snowflake connection "model.medical_project.dim_patients"
[0m19:05:35.001097 [debug] [Thread-3 (]: On model.medical_project.dim_patients: create or replace transient table MEDICAL_DB.gold.dim_patients
    
    
    
    as (

SELECT
  patient_id,
  first_name,
  last_name,
  full_name,
  date_of_birth,
  age,
  age_group,
  senior_status,
  gender,
  blood_type,
  blood_type_category,
  city,
  state,
  insurance_type,
  insurance_category,
  emergency_contact,
  created_at AS patient_since,
  DATEDIFF('day', created_at, CURRENT_DATE()) AS days_as_patient,
  CURRENT_TIMESTAMP() AS last_updated
FROM MEDICAL_DB.silver.silver_patients
    )

/* {"app": "dbt", "dbt_version": "1.10.13", "profile_name": "medical_project", "target_name": "dev", "node_id": "model.medical_project.dim_patients"} */;
[0m19:05:35.481937 [debug] [Thread-3 (]: SQL status: SUCCESS 1 in 0.480 seconds
[0m19:05:35.484914 [debug] [Thread-3 (]: Sending event: {'category': 'dbt', 'action': 'run_model', 'label': '047bd0cd-5f32-4eba-bff0-54847885ed8b', 'context': [<snowplow_tracker.self_describing_json.SelfDescribingJson object at 0x000001B8347E31A0>]}
[0m19:05:35.486193 [info ] [Thread-3 (]: 12 of 17 OK created sql table model gold.dim_patients .......................... [[32mSUCCESS 1[0m in 0.51s]
[0m19:05:35.488634 [debug] [Thread-3 (]: Finished running node model.medical_project.dim_patients
[0m19:05:35.490698 [debug] [Thread-2 (]: Began running node model.medical_project.fact_appointments
[0m19:05:35.491974 [info ] [Thread-2 (]: 13 of 17 START sql table model gold.fact_appointments .......................... [RUN]
[0m19:05:35.493344 [debug] [Thread-2 (]: Re-using an available connection from the pool (formerly model.medical_project.silver_patients, now model.medical_project.fact_appointments)
[0m19:05:35.494479 [debug] [Thread-2 (]: Began compiling node model.medical_project.fact_appointments
[0m19:05:35.503866 [debug] [Thread-2 (]: Writing injected SQL for node "model.medical_project.fact_appointments"
[0m19:05:35.512721 [debug] [Thread-2 (]: Began executing node model.medical_project.fact_appointments
[0m19:05:35.517575 [debug] [Thread-2 (]: Writing runtime sql for node "model.medical_project.fact_appointments"
[0m19:05:35.525627 [debug] [Thread-2 (]: Using snowflake connection "model.medical_project.fact_appointments"
[0m19:05:35.526880 [debug] [Thread-2 (]: On model.medical_project.fact_appointments: create or replace transient table MEDICAL_DB.gold.fact_appointments
    
    
    
    as (

SELECT 
  a.appointment_id,
  a.patient_id,
  a.doctor_id,
  a.appointment_date,
  a.appointment_date_only,
  a.day_of_week,
  a.day_type,
  a.time_slot,
  a.appointment_type,
  a.status,
  a.is_completed,
  a.is_no_show,
  a.is_cancelled,
  a.duration_minutes,
  a.duration_category,
  -- Patient context
  p.age_group AS patient_age_group,
  p.insurance_category AS patient_insurance_category,
  p.senior_status AS patient_senior_status,
  -- Doctor context
  d.specialty AS doctor_specialty,
  d.experience_level AS doctor_experience_level,
  d.care_category AS doctor_care_category,
  -- Business metrics (illustrative)
  CASE 
    WHEN a.appointment_type = 'Emergency' THEN 500
    WHEN a.appointment_type = 'Surgery' THEN 2000
    WHEN a.appointment_type = 'Consultation' THEN 200
    WHEN a.appointment_type = 'Follow-up' THEN 100
    WHEN a.appointment_type = 'Screening' THEN 150
    ELSE 175 END AS estimated_revenue,
  a.created_at,
  CURRENT_TIMESTAMP() AS last_updated
FROM MEDICAL_DB.silver.silver_appointments a
LEFT JOIN MEDICAL_DB.gold.dim_patients p ON a.patient_id = p.patient_id
LEFT JOIN MEDICAL_DB.gold.dim_doctors d ON a.doctor_id = d.doctor_id
    )

/* {"app": "dbt", "dbt_version": "1.10.13", "profile_name": "medical_project", "target_name": "dev", "node_id": "model.medical_project.fact_appointments"} */;
[0m19:05:36.198798 [debug] [Thread-2 (]: SQL status: SUCCESS 1 in 0.671 seconds
[0m19:05:36.201845 [debug] [Thread-2 (]: Sending event: {'category': 'dbt', 'action': 'run_model', 'label': '047bd0cd-5f32-4eba-bff0-54847885ed8b', 'context': [<snowplow_tracker.self_describing_json.SelfDescribingJson object at 0x000001B834EE0260>]}
[0m19:05:36.203296 [info ] [Thread-2 (]: 13 of 17 OK created sql table model gold.fact_appointments ..................... [[32mSUCCESS 1[0m in 0.71s]
[0m19:05:36.204547 [debug] [Thread-2 (]: Finished running node model.medical_project.fact_appointments
[0m19:05:36.206371 [debug] [Thread-3 (]: Began running node model.medical_project.fact_billing
[0m19:05:36.207068 [debug] [Thread-1 (]: Began running node model.medical_project.fact_medical_outcomes
[0m19:05:36.208328 [info ] [Thread-3 (]: 14 of 17 START sql table model gold.fact_billing ............................... [RUN]
[0m19:05:36.210539 [info ] [Thread-1 (]: 15 of 17 START sql table model gold.fact_medical_outcomes ...................... [RUN]
[0m19:05:36.212969 [debug] [Thread-3 (]: Re-using an available connection from the pool (formerly model.medical_project.dim_patients, now model.medical_project.fact_billing)
[0m19:05:36.214384 [debug] [Thread-1 (]: Re-using an available connection from the pool (formerly model.medical_project.dim_doctors, now model.medical_project.fact_medical_outcomes)
[0m19:05:36.215192 [debug] [Thread-3 (]: Began compiling node model.medical_project.fact_billing
[0m19:05:36.216436 [debug] [Thread-1 (]: Began compiling node model.medical_project.fact_medical_outcomes
[0m19:05:36.224192 [debug] [Thread-3 (]: Writing injected SQL for node "model.medical_project.fact_billing"
[0m19:05:36.233527 [debug] [Thread-1 (]: Writing injected SQL for node "model.medical_project.fact_medical_outcomes"
[0m19:05:37.237636 [debug] [Thread-3 (]: Began executing node model.medical_project.fact_billing
[0m19:05:37.347043 [debug] [Thread-3 (]: Writing runtime sql for node "model.medical_project.fact_billing"
[0m19:05:37.347630 [debug] [Thread-1 (]: Began executing node model.medical_project.fact_medical_outcomes
[0m19:05:37.352151 [debug] [Thread-1 (]: Writing runtime sql for node "model.medical_project.fact_medical_outcomes"
[0m19:05:37.803481 [debug] [Thread-3 (]: Using snowflake connection "model.medical_project.fact_billing"
[0m19:05:37.804559 [debug] [Thread-3 (]: On model.medical_project.fact_billing: create or replace transient table MEDICAL_DB.gold.fact_billing
    
    
    
    as (

SELECT 
  b.billing_id,
  b.appointment_id,
  b.patient_id,
  b.total_amount,
  b.insurance_paid,
  b.patient_paid,
  b.insurance_coverage_percentage,
  b.revenue_tier,
  b.coverage_quality,
  b.payment_status,
  b.collection_status,
  b.is_overdue,
  b.days_since_billing,
  -- Appointment context
  a.appointment_date,
  a.appointment_type,
  a.time_slot,
  a.doctor_id,
  -- Patient context
  p.insurance_category AS patient_insurance_category,
  p.age_group AS patient_age_group,
  -- Doctor context
  d.specialty AS service_specialty,
  d.care_category AS service_care_category,
  b.created_at,
  CURRENT_TIMESTAMP() AS last_updated
FROM MEDICAL_DB.silver.silver_billing b
LEFT JOIN MEDICAL_DB.gold.fact_appointments a ON b.appointment_id = a.appointment_id
LEFT JOIN MEDICAL_DB.gold.dim_patients p ON b.patient_id = p.patient_id
LEFT JOIN MEDICAL_DB.gold.dim_doctors d ON a.doctor_id = d.doctor_id
    )

/* {"app": "dbt", "dbt_version": "1.10.13", "profile_name": "medical_project", "target_name": "dev", "node_id": "model.medical_project.fact_billing"} */;
[0m19:05:37.809596 [debug] [Thread-1 (]: Using snowflake connection "model.medical_project.fact_medical_outcomes"
[0m19:05:37.811296 [debug] [Thread-1 (]: On model.medical_project.fact_medical_outcomes: create or replace transient table MEDICAL_DB.gold.fact_medical_outcomes
    
    
    
    as (

SELECT 
  mr.record_id,
  mr.appointment_id,
  mr.patient_id,
  mr.diagnosis,
  mr.diagnosis_category,
  mr.treatment_plan,
  mr.treatment_category,
  mr.severity,
  mr.severity_score,
  mr.needs_follow_up,
  -- Appointment context
  a.appointment_date,
  a.appointment_type,
  a.doctor_id,
  -- Patient context
  p.age_group AS patient_age_group,
  p.senior_status AS patient_senior_status,
  -- Doctor context
  d.specialty AS treating_specialty,
  d.care_category AS treating_care_category,
  -- Risk assessment
  CASE 
    WHEN mr.severity = 'High' AND p.age >= 65 THEN 'Critical Risk'
    WHEN mr.severity = 'High' OR p.age >= 75 THEN 'High Risk'
    WHEN mr.severity = 'Medium' AND p.age >= 50 THEN 'Moderate Risk'
    ELSE 'Low Risk' END AS patient_risk_level,
  mr.created_at,
  CURRENT_TIMESTAMP() AS last_updated
FROM MEDICAL_DB.silver.silver_medical_records mr
LEFT JOIN MEDICAL_DB.gold.fact_appointments a ON mr.appointment_id = a.appointment_id
LEFT JOIN MEDICAL_DB.gold.dim_patients p ON mr.patient_id = p.patient_id
LEFT JOIN MEDICAL_DB.gold.dim_doctors d ON a.doctor_id = d.doctor_id
    )

/* {"app": "dbt", "dbt_version": "1.10.13", "profile_name": "medical_project", "target_name": "dev", "node_id": "model.medical_project.fact_medical_outcomes"} */;
[0m19:05:38.484826 [debug] [Thread-1 (]: SQL status: SUCCESS 1 in 0.672 seconds
[0m19:05:38.488404 [debug] [Thread-1 (]: Sending event: {'category': 'dbt', 'action': 'run_model', 'label': '047bd0cd-5f32-4eba-bff0-54847885ed8b', 'context': [<snowplow_tracker.self_describing_json.SelfDescribingJson object at 0x000001B834E63E00>]}
[0m19:05:38.489423 [info ] [Thread-1 (]: 15 of 17 OK created sql table model gold.fact_medical_outcomes ................. [[32mSUCCESS 1[0m in 2.27s]
[0m19:05:38.491389 [debug] [Thread-1 (]: Finished running node model.medical_project.fact_medical_outcomes
[0m19:05:38.644467 [debug] [Thread-3 (]: SQL status: SUCCESS 1 in 0.839 seconds
[0m19:05:38.647697 [debug] [Thread-3 (]: Sending event: {'category': 'dbt', 'action': 'run_model', 'label': '047bd0cd-5f32-4eba-bff0-54847885ed8b', 'context': [<snowplow_tracker.self_describing_json.SelfDescribingJson object at 0x000001B833C3D040>]}
[0m19:05:38.649079 [info ] [Thread-3 (]: 14 of 17 OK created sql table model gold.fact_billing .......................... [[32mSUCCESS 1[0m in 2.44s]
[0m19:05:38.651032 [debug] [Thread-3 (]: Finished running node model.medical_project.fact_billing
[0m19:05:38.652299 [debug] [Thread-2 (]: Began running node model.medical_project.kpi_dashboard
[0m19:05:38.653528 [debug] [Thread-1 (]: Began running node model.medical_project.patient_summary
[0m19:05:38.655087 [info ] [Thread-2 (]: 16 of 17 START sql table model gold.kpi_dashboard .............................. [RUN]
[0m19:05:38.656582 [info ] [Thread-1 (]: 17 of 17 START sql table model gold.patient_summary ............................ [RUN]
[0m19:05:38.658815 [debug] [Thread-2 (]: Re-using an available connection from the pool (formerly model.medical_project.fact_appointments, now model.medical_project.kpi_dashboard)
[0m19:05:38.659869 [debug] [Thread-1 (]: Re-using an available connection from the pool (formerly model.medical_project.fact_medical_outcomes, now model.medical_project.patient_summary)
[0m19:05:38.661196 [debug] [Thread-2 (]: Began compiling node model.medical_project.kpi_dashboard
[0m19:05:38.663032 [debug] [Thread-1 (]: Began compiling node model.medical_project.patient_summary
[0m19:05:38.669536 [debug] [Thread-2 (]: Writing injected SQL for node "model.medical_project.kpi_dashboard"
[0m19:05:38.678387 [debug] [Thread-1 (]: Writing injected SQL for node "model.medical_project.patient_summary"
[0m19:05:38.687015 [debug] [Thread-2 (]: Began executing node model.medical_project.kpi_dashboard
[0m19:05:38.693426 [debug] [Thread-2 (]: Writing runtime sql for node "model.medical_project.kpi_dashboard"
[0m19:05:38.694639 [debug] [Thread-1 (]: Began executing node model.medical_project.patient_summary
[0m19:05:38.697664 [debug] [Thread-2 (]: Using snowflake connection "model.medical_project.kpi_dashboard"
[0m19:05:38.702322 [debug] [Thread-1 (]: Writing runtime sql for node "model.medical_project.patient_summary"
[0m19:05:38.704585 [debug] [Thread-2 (]: On model.medical_project.kpi_dashboard: create or replace transient table MEDICAL_DB.gold.kpi_dashboard
    
    
    
    as (

WITH appt AS (
  SELECT 
    COUNT(*) AS total_appointments,
    SUM(CASE WHEN is_completed = 1 THEN 1 ELSE 0 END) AS completed_appointments,
    SUM(CASE WHEN is_no_show = 1 THEN 1 ELSE 0 END) AS no_shows
  FROM MEDICAL_DB.gold.fact_appointments
),
rev AS (
  SELECT 
    SUM(total_amount) AS total_revenue,
    SUM(patient_paid) AS total_patient_paid,
    SUM(insurance_paid) AS total_insurance_paid
  FROM MEDICAL_DB.gold.fact_billing
)
SELECT 
  a.total_appointments,
  a.completed_appointments,
  a.no_shows,
  ROUND(a.no_shows * 100.0 / NULLIF(a.total_appointments, 0), 2) AS no_show_rate_pct,
  r.total_revenue,
  r.total_patient_paid,
  r.total_insurance_paid,
  CURRENT_DATE() AS kpi_as_of_date
FROM appt a CROSS JOIN rev r
    )

/* {"app": "dbt", "dbt_version": "1.10.13", "profile_name": "medical_project", "target_name": "dev", "node_id": "model.medical_project.kpi_dashboard"} */;
[0m19:05:38.710640 [debug] [Thread-1 (]: Using snowflake connection "model.medical_project.patient_summary"
[0m19:05:38.711615 [debug] [Thread-1 (]: On model.medical_project.patient_summary: create or replace transient table MEDICAL_DB.gold.patient_summary
    
    
    
    as (

WITH agg AS (
  SELECT 
    p.patient_id,
    COUNT(DISTINCT a.appointment_id) AS total_appointments,
    COUNT(DISTINCT CASE WHEN a.is_completed = 1 THEN a.appointment_id END) AS completed_appointments,
    COUNT(DISTINCT CASE WHEN a.is_no_show = 1 THEN a.appointment_id END) AS no_show_count,
    COUNT(DISTINCT mr.record_id) AS total_diagnoses,
    COUNT(DISTINCT mr.diagnosis) AS unique_diagnoses,
    COUNT(DISTINCT CASE WHEN mr.severity = 'High' THEN mr.record_id END) AS high_severity_cases,
    COUNT(DISTINCT CASE WHEN mr.needs_follow_up = 1 THEN mr.record_id END) AS follow_ups_needed,
    COALESCE(SUM(b.total_amount), 0) AS lifetime_revenue,
    COALESCE(SUM(b.patient_paid), 0) AS total_patient_payments,
    COALESCE(SUM(b.insurance_paid), 0) AS total_insurance_payments,
    COALESCE(AVG(b.insurance_coverage_percentage), 0) AS avg_insurance_coverage,
    MAX(a.appointment_date) AS last_visit_date,
    MIN(a.appointment_date) AS first_visit_date
  FROM MEDICAL_DB.gold.dim_patients p
  LEFT JOIN MEDICAL_DB.gold.fact_appointments a ON p.patient_id = a.patient_id
  LEFT JOIN MEDICAL_DB.silver.silver_medical_records mr ON p.patient_id = mr.patient_id
  LEFT JOIN MEDICAL_DB.gold.fact_billing b ON p.patient_id = b.patient_id
  GROUP BY 1
)
SELECT 
  p.patient_id,
  p.full_name,
  p.age,
  p.age_group,
  p.insurance_category,
  a.total_appointments,
  a.completed_appointments,
  a.no_show_count,
  ROUND(a.no_show_count * 100.0 / NULLIF(a.total_appointments, 0), 2) AS no_show_rate,
  a.total_diagnoses,
  a.unique_diagnoses,
  a.high_severity_cases,
  a.follow_ups_needed,
  a.lifetime_revenue,
  a.total_patient_payments,
  a.total_insurance_payments,
  a.avg_insurance_coverage,
  a.last_visit_date,
  a.first_visit_date,
  DATEDIFF('day', a.first_visit_date, a.last_visit_date) AS patient_journey_days,
  CURRENT_TIMESTAMP() AS last_updated
FROM MEDICAL_DB.gold.dim_patients p
LEFT JOIN agg a ON p.patient_id = a.patient_id
    )

/* {"app": "dbt", "dbt_version": "1.10.13", "profile_name": "medical_project", "target_name": "dev", "node_id": "model.medical_project.patient_summary"} */;
[0m19:05:39.324095 [debug] [Thread-2 (]: SQL status: SUCCESS 1 in 0.618 seconds
[0m19:05:39.327684 [debug] [Thread-2 (]: Sending event: {'category': 'dbt', 'action': 'run_model', 'label': '047bd0cd-5f32-4eba-bff0-54847885ed8b', 'context': [<snowplow_tracker.self_describing_json.SelfDescribingJson object at 0x000001B8347E99D0>]}
[0m19:05:39.329022 [info ] [Thread-2 (]: 16 of 17 OK created sql table model gold.kpi_dashboard ......................... [[32mSUCCESS 1[0m in 0.67s]
[0m19:05:39.330556 [debug] [Thread-2 (]: Finished running node model.medical_project.kpi_dashboard
[0m19:05:39.500807 [debug] [Thread-1 (]: SQL status: SUCCESS 1 in 0.788 seconds
[0m19:05:39.505841 [debug] [Thread-1 (]: Sending event: {'category': 'dbt', 'action': 'run_model', 'label': '047bd0cd-5f32-4eba-bff0-54847885ed8b', 'context': [<snowplow_tracker.self_describing_json.SelfDescribingJson object at 0x000001B83515FA70>]}
[0m19:05:39.507795 [info ] [Thread-1 (]: 17 of 17 OK created sql table model gold.patient_summary ....................... [[32mSUCCESS 1[0m in 0.85s]
[0m19:05:39.509867 [debug] [Thread-1 (]: Finished running node model.medical_project.patient_summary
[0m19:05:39.512416 [debug] [MainThread]: Connection 'master' was properly closed.
[0m19:05:39.513160 [debug] [MainThread]: Connection 'create_MEDICAL_DB_bronze' was left open.
[0m19:05:39.513686 [debug] [MainThread]: On create_MEDICAL_DB_bronze: Close
[0m19:05:39.722636 [debug] [MainThread]: Connection 'create_MEDICAL_DB_gold' was left open.
[0m19:05:39.724119 [debug] [MainThread]: On create_MEDICAL_DB_gold: Close
[0m19:05:39.924468 [debug] [MainThread]: Connection 'create_MEDICAL_DB_silver' was left open.
[0m19:05:39.925770 [debug] [MainThread]: On create_MEDICAL_DB_silver: Close
[0m19:05:40.120876 [debug] [MainThread]: Connection 'list_MEDICAL_DB_reference' was left open.
[0m19:05:40.121815 [debug] [MainThread]: On list_MEDICAL_DB_reference: Close
[0m19:05:40.338988 [debug] [MainThread]: Connection 'list_MEDICAL_DB_silver' was left open.
[0m19:05:40.339688 [debug] [MainThread]: On list_MEDICAL_DB_silver: Close
[0m19:05:40.545032 [debug] [MainThread]: Connection 'list_MEDICAL_DB_bronze' was left open.
[0m19:05:40.546216 [debug] [MainThread]: On list_MEDICAL_DB_bronze: Close
[0m19:05:40.736810 [debug] [MainThread]: Connection 'model.medical_project.patient_summary' was left open.
[0m19:05:40.738105 [debug] [MainThread]: On model.medical_project.patient_summary: Close
[0m19:05:40.918190 [debug] [MainThread]: Connection 'model.medical_project.kpi_dashboard' was left open.
[0m19:05:40.918984 [debug] [MainThread]: On model.medical_project.kpi_dashboard: Close
[0m19:05:41.121826 [debug] [MainThread]: Connection 'model.medical_project.fact_billing' was left open.
[0m19:05:41.122813 [debug] [MainThread]: On model.medical_project.fact_billing: Close
[0m19:05:41.327688 [info ] [MainThread]: 
[0m19:05:41.328662 [info ] [MainThread]: Finished running 17 table models in 0 hours 0 minutes and 19.48 seconds (19.48s).
[0m19:05:41.335195 [debug] [MainThread]: Command end result
[0m19:05:41.404283 [debug] [MainThread]: Wrote artifact WritableManifest to C:\Medical_Analytics\Medical_Analytics\target\manifest.json
[0m19:05:41.410517 [debug] [MainThread]: Wrote artifact SemanticManifest to C:\Medical_Analytics\Medical_Analytics\target\semantic_manifest.json
[0m19:05:41.426783 [debug] [MainThread]: Wrote artifact RunExecutionResult to C:\Medical_Analytics\Medical_Analytics\target\run_results.json
[0m19:05:41.428105 [info ] [MainThread]: 
[0m19:05:41.430004 [info ] [MainThread]: [32mCompleted successfully[0m
[0m19:05:41.431508 [info ] [MainThread]: 
[0m19:05:41.433677 [info ] [MainThread]: Done. PASS=17 WARN=0 ERROR=0 SKIP=0 NO-OP=0 TOTAL=17
[0m19:05:41.437128 [debug] [MainThread]: Command `dbt run` succeeded at 19:05:41.437033 after 22.35 seconds
[0m19:05:41.438425 [debug] [MainThread]: Sending event: {'category': 'dbt', 'action': 'invocation', 'label': 'end', 'context': [<snowplow_tracker.self_describing_json.SelfDescribingJson object at 0x000001B830E1B620>, <snowplow_tracker.self_describing_json.SelfDescribingJson object at 0x000001B830E1BEC0>, <snowplow_tracker.self_describing_json.SelfDescribingJson object at 0x000001B830E1B5C0>]}
[0m19:05:41.440864 [debug] [MainThread]: Flushing usage events
[0m19:05:43.433092 [debug] [MainThread]: An error was encountered while trying to flush usage events
[0m10:28:16.478649 [debug] [MainThread]: Sending event: {'category': 'dbt', 'action': 'invocation', 'label': 'start', 'context': [<snowplow_tracker.self_describing_json.SelfDescribingJson object at 0x000001F5DD0BE5D0>, <snowplow_tracker.self_describing_json.SelfDescribingJson object at 0x000001F5DFE1DD90>, <snowplow_tracker.self_describing_json.SelfDescribingJson object at 0x000001F5DFE1EDB0>]}


============================== 10:28:16.604108 | c8e366be-3956-4652-86aa-5e74d8984213 ==============================
[0m10:28:16.604108 [info ] [MainThread]: Running with dbt=1.10.13
[0m10:28:16.604108 [debug] [MainThread]: running dbt with arguments {'target_path': 'None', 'cache_selected_only': 'False', 'no_print': 'None', 'use_colors': 'True', 'log_format': 'default', 'warn_error': 'None', 'log_path': 'C:\\Medical_Analytics\\Medical_Analytics\\logs', 'partial_parse': 'True', 'fail_fast': 'False', 'send_anonymous_usage_stats': 'True', 'static_parser': 'True', 'warn_error_options': 'WarnErrorOptionsV2(error=[], warn=[], silence=[])', 'indirect_selection': 'eager', 'use_experimental_parser': 'False', 'version_check': 'True', 'quiet': 'False', 'introspect': 'True', 'empty': 'False', 'log_cache_events': 'False', 'debug': 'False', 'profiles_dir': 'C:\\Users\\rkart\\.dbt', 'invocation_command': 'dbt run', 'printer_width': '80', 'write_json': 'True'}
[0m10:28:24.425481 [debug] [MainThread]: Sending event: {'category': 'dbt', 'action': 'project_id', 'label': 'c8e366be-3956-4652-86aa-5e74d8984213', 'context': [<snowplow_tracker.self_describing_json.SelfDescribingJson object at 0x000001F5DDA03740>]}
[0m10:28:24.519343 [debug] [MainThread]: Sending event: {'category': 'dbt', 'action': 'adapter_info', 'label': 'c8e366be-3956-4652-86aa-5e74d8984213', 'context': [<snowplow_tracker.self_describing_json.SelfDescribingJson object at 0x000001F5DC2576E0>]}
[0m10:28:24.519343 [info ] [MainThread]: Registered adapter: snowflake=1.10.2
[0m10:28:25.681695 [debug] [MainThread]: checksum: 9f0c81e2574b4ff463f3d16d080df83c6982fc0372c9feeacae0504ac9ea3ffe, vars: {}, profile: , target: , version: 1.10.13
[0m10:28:26.889913 [debug] [MainThread]: Partial parsing enabled: 0 files deleted, 0 files added, 0 files changed.
[0m10:28:26.889913 [debug] [MainThread]: Partial parsing enabled, no changes found, skipping parsing
[0m10:28:26.983668 [debug] [MainThread]: Sending event: {'category': 'dbt', 'action': 'load_project', 'label': 'c8e366be-3956-4652-86aa-5e74d8984213', 'context': [<snowplow_tracker.self_describing_json.SelfDescribingJson object at 0x000001F5E2DDE090>]}
[0m10:28:27.155543 [debug] [MainThread]: Wrote artifact WritableManifest to C:\Medical_Analytics\Medical_Analytics\target\manifest.json
[0m10:28:27.327853 [debug] [MainThread]: Wrote artifact SemanticManifest to C:\Medical_Analytics\Medical_Analytics\target\semantic_manifest.json
[0m10:28:27.877062 [debug] [MainThread]: Sending event: {'category': 'dbt', 'action': 'resource_counts', 'label': 'c8e366be-3956-4652-86aa-5e74d8984213', 'context': [<snowplow_tracker.self_describing_json.SelfDescribingJson object at 0x000001F5E2F97EC0>]}
[0m10:28:27.877062 [info ] [MainThread]: Found 17 models, 2 snapshots, 24 data tests, 3 seeds, 5 sources, 498 macros
[0m10:28:27.877062 [debug] [MainThread]: Sending event: {'category': 'dbt', 'action': 'runnable_timing', 'label': 'c8e366be-3956-4652-86aa-5e74d8984213', 'context': [<snowplow_tracker.self_describing_json.SelfDescribingJson object at 0x000001F5E314F8F0>]}
[0m10:28:27.893342 [info ] [MainThread]: 
[0m10:28:27.893342 [info ] [MainThread]: Concurrency: 3 threads (target='dev')
[0m10:28:27.893342 [info ] [MainThread]: 
[0m10:28:27.893342 [debug] [MainThread]: Acquiring new snowflake connection 'master'
[0m10:28:27.908410 [debug] [ThreadPool]: Acquiring new snowflake connection 'list_MEDICAL_DB'
[0m10:28:27.909621 [debug] [ThreadPool]: Acquiring new snowflake connection 'list_MEDICAL_DB'
[0m10:28:27.911682 [debug] [ThreadPool]: Acquiring new snowflake connection 'list_MEDICAL_DB'
[0m10:28:30.041606 [debug] [ThreadPool]: Using snowflake connection "list_MEDICAL_DB"
[0m10:28:30.041606 [debug] [ThreadPool]: Using snowflake connection "list_MEDICAL_DB"
[0m10:28:30.041606 [debug] [ThreadPool]: Using snowflake connection "list_MEDICAL_DB"
[0m10:28:30.041606 [debug] [ThreadPool]: On list_MEDICAL_DB: show terse schemas in database MEDICAL_DB
    limit 10000
/* {"app": "dbt", "dbt_version": "1.10.13", "profile_name": "medical_project", "target_name": "dev", "connection_name": "list_MEDICAL_DB"} */
[0m10:28:30.041606 [debug] [ThreadPool]: On list_MEDICAL_DB: show terse schemas in database MEDICAL_DB
    limit 10000
/* {"app": "dbt", "dbt_version": "1.10.13", "profile_name": "medical_project", "target_name": "dev", "connection_name": "list_MEDICAL_DB"} */
[0m10:28:30.057245 [debug] [ThreadPool]: On list_MEDICAL_DB: show terse schemas in database MEDICAL_DB
    limit 10000
/* {"app": "dbt", "dbt_version": "1.10.13", "profile_name": "medical_project", "target_name": "dev", "connection_name": "list_MEDICAL_DB"} */
[0m10:28:30.057245 [debug] [ThreadPool]: Opening a new connection, currently in state init
[0m10:28:30.057245 [debug] [ThreadPool]: Opening a new connection, currently in state init
[0m10:28:30.057245 [debug] [ThreadPool]: Opening a new connection, currently in state init
[0m10:28:42.096884 [debug] [ThreadPool]: SQL status: SUCCESS 7 in 12.042 seconds
[0m10:28:42.096884 [debug] [ThreadPool]: SQL status: SUCCESS 7 in 12.045 seconds
[0m10:28:42.096884 [debug] [ThreadPool]: SQL status: SUCCESS 7 in 12.045 seconds
[0m10:28:42.112040 [debug] [ThreadPool]: Acquiring new snowflake connection 'list_MEDICAL_DB_snapshots'
[0m10:28:42.127690 [debug] [ThreadPool]: Acquiring new snowflake connection 'list_MEDICAL_DB_silver'
[0m10:28:42.127690 [debug] [ThreadPool]: Using snowflake connection "list_MEDICAL_DB_snapshots"
[0m10:28:42.143291 [debug] [ThreadPool]: Using snowflake connection "list_MEDICAL_DB_silver"
[0m10:28:42.143291 [debug] [ThreadPool]: Acquiring new snowflake connection 'list_MEDICAL_DB_bronze'
[0m10:28:42.143291 [debug] [ThreadPool]: On list_MEDICAL_DB_snapshots: show objects in MEDICAL_DB.snapshots
    limit 10000
    

/* {"app": "dbt", "dbt_version": "1.10.13", "profile_name": "medical_project", "target_name": "dev", "connection_name": "list_MEDICAL_DB_snapshots"} */;
[0m10:28:42.143291 [debug] [ThreadPool]: On list_MEDICAL_DB_silver: show objects in MEDICAL_DB.silver
    limit 10000
    

/* {"app": "dbt", "dbt_version": "1.10.13", "profile_name": "medical_project", "target_name": "dev", "connection_name": "list_MEDICAL_DB_silver"} */;
[0m10:28:42.143291 [debug] [ThreadPool]: Using snowflake connection "list_MEDICAL_DB_bronze"
[0m10:28:42.143291 [debug] [ThreadPool]: Opening a new connection, currently in state init
[0m10:28:42.143291 [debug] [ThreadPool]: Opening a new connection, currently in state init
[0m10:28:42.159236 [debug] [ThreadPool]: On list_MEDICAL_DB_bronze: show objects in MEDICAL_DB.bronze
    limit 10000
    

/* {"app": "dbt", "dbt_version": "1.10.13", "profile_name": "medical_project", "target_name": "dev", "connection_name": "list_MEDICAL_DB_bronze"} */;
[0m10:28:42.159236 [debug] [ThreadPool]: Opening a new connection, currently in state init
[0m10:28:44.873029 [debug] [ThreadPool]: SQL status: SUCCESS 5 in 2.719 seconds
[0m10:28:44.873029 [debug] [ThreadPool]: SQL status: SUCCESS 5 in 2.727 seconds
[0m10:28:44.888657 [debug] [ThreadPool]: Re-using an available connection from the pool (formerly list_MEDICAL_DB_bronze, now list_MEDICAL_DB_gold)
[0m10:28:44.888657 [debug] [ThreadPool]: Re-using an available connection from the pool (formerly list_MEDICAL_DB_silver, now list_MEDICAL_DB_reference)
[0m10:28:44.888657 [debug] [ThreadPool]: Using snowflake connection "list_MEDICAL_DB_gold"
[0m10:28:44.904296 [debug] [ThreadPool]: Using snowflake connection "list_MEDICAL_DB_reference"
[0m10:28:44.904296 [debug] [ThreadPool]: On list_MEDICAL_DB_gold: show objects in MEDICAL_DB.gold
    limit 10000
    

/* {"app": "dbt", "dbt_version": "1.10.13", "profile_name": "medical_project", "target_name": "dev", "connection_name": "list_MEDICAL_DB_gold"} */;
[0m10:28:44.904296 [debug] [ThreadPool]: On list_MEDICAL_DB_reference: show objects in MEDICAL_DB.reference
    limit 10000
    

/* {"app": "dbt", "dbt_version": "1.10.13", "profile_name": "medical_project", "target_name": "dev", "connection_name": "list_MEDICAL_DB_reference"} */;
[0m10:28:45.060537 [debug] [ThreadPool]: SQL status: SUCCESS 7 in 0.150 seconds
[0m10:28:45.060537 [debug] [ThreadPool]: SQL status: SUCCESS 3 in 0.151 seconds
[0m10:28:46.190108 [debug] [ThreadPool]: Snowflake adapter: Snowflake query id: 01c00c89-0001-67e1-000c-862e000160ea
[0m10:28:46.190108 [debug] [ThreadPool]: Snowflake adapter: Snowflake error: 002043 (02000): SQL compilation error:
Object does not exist, or operation cannot be performed.
[0m10:28:46.190108 [debug] [ThreadPool]: Snowflake adapter: Error running SQL: macro list_relations_without_caching
[0m10:28:46.190108 [debug] [ThreadPool]: Snowflake adapter: Rolling back transaction.
[0m10:28:46.190108 [debug] [MainThread]: Sending event: {'category': 'dbt', 'action': 'runnable_timing', 'label': 'c8e366be-3956-4652-86aa-5e74d8984213', 'context': [<snowplow_tracker.self_describing_json.SelfDescribingJson object at 0x000001F5E38CC680>]}
[0m10:28:46.283786 [debug] [Thread-1 (]: Began running node model.medical_project.bronze_appointments
[0m10:28:46.283786 [debug] [Thread-2 (]: Began running node model.medical_project.bronze_billing
[0m10:28:46.283786 [debug] [Thread-3 (]: Began running node model.medical_project.bronze_doctors
[0m10:28:46.283786 [info ] [Thread-1 (]: 1 of 17 START sql table model bronze.bronze_appointments ....................... [RUN]
[0m10:28:46.283786 [info ] [Thread-2 (]: 2 of 17 START sql table model bronze.bronze_billing ............................ [RUN]
[0m10:28:46.298970 [debug] [Thread-1 (]: Acquiring new snowflake connection 'model.medical_project.bronze_appointments'
[0m10:28:46.283786 [info ] [Thread-3 (]: 3 of 17 START sql table model bronze.bronze_doctors ............................ [RUN]
[0m10:28:46.298970 [debug] [Thread-2 (]: Acquiring new snowflake connection 'model.medical_project.bronze_billing'
[0m10:28:46.298970 [debug] [Thread-1 (]: Began compiling node model.medical_project.bronze_appointments
[0m10:28:46.298970 [debug] [Thread-3 (]: Acquiring new snowflake connection 'model.medical_project.bronze_doctors'
[0m10:28:46.298970 [debug] [Thread-2 (]: Began compiling node model.medical_project.bronze_billing
[0m10:28:46.319561 [debug] [Thread-1 (]: Writing injected SQL for node "model.medical_project.bronze_appointments"
[0m10:28:46.320568 [debug] [Thread-3 (]: Began compiling node model.medical_project.bronze_doctors
[0m10:28:46.330447 [debug] [Thread-2 (]: Writing injected SQL for node "model.medical_project.bronze_billing"
[0m10:28:46.341497 [debug] [Thread-3 (]: Writing injected SQL for node "model.medical_project.bronze_doctors"
[0m10:28:46.341497 [debug] [Thread-1 (]: Began executing node model.medical_project.bronze_appointments
[0m10:28:46.398907 [debug] [Thread-1 (]: Writing runtime sql for node "model.medical_project.bronze_appointments"
[0m10:28:46.401896 [debug] [Thread-1 (]: Using snowflake connection "model.medical_project.bronze_appointments"
[0m10:28:46.402895 [debug] [Thread-1 (]: On model.medical_project.bronze_appointments: create or replace transient table MEDICAL_DB.bronze.bronze_appointments
    
    
    
    as (

SELECT
  appointment_id,
  patient_id,
  doctor_id,
  appointment_date,
  appointment_type,
  status,
  duration_minutes,
  notes,
  created_at,
  created_at AS updated_at,
  CURRENT_TIMESTAMP() AS dbt_loaded_at,
  'c8e366be-3956-4652-86aa-5e74d8984213' AS dbt_batch_id
FROM MEDICAL_DB.RAW.appointments
WHERE appointment_id IS NOT NULL
    )

/* {"app": "dbt", "dbt_version": "1.10.13", "profile_name": "medical_project", "target_name": "dev", "node_id": "model.medical_project.bronze_appointments"} */;
[0m10:28:46.403910 [debug] [Thread-1 (]: Opening a new connection, currently in state init
[0m10:28:46.786107 [debug] [Thread-2 (]: Began executing node model.medical_project.bronze_billing
[0m10:28:46.786107 [debug] [Thread-2 (]: Writing runtime sql for node "model.medical_project.bronze_billing"
[0m10:28:46.786107 [debug] [Thread-3 (]: Began executing node model.medical_project.bronze_doctors
[0m10:28:46.801356 [debug] [Thread-3 (]: Writing runtime sql for node "model.medical_project.bronze_doctors"
[0m10:28:46.833000 [debug] [Thread-2 (]: Using snowflake connection "model.medical_project.bronze_billing"
[0m10:28:46.833000 [debug] [Thread-2 (]: On model.medical_project.bronze_billing: create or replace transient table MEDICAL_DB.bronze.bronze_billing
    
    
    
    as (

SELECT
  billing_id,
  appointment_id,
  patient_id,
  total_amount,
  insurance_paid,
  patient_paid,
  billing_date,
  payment_status,
  insurance_claim_number,
  created_at,
  created_at AS updated_at,
  CURRENT_TIMESTAMP() AS dbt_loaded_at,
  'c8e366be-3956-4652-86aa-5e74d8984213' AS dbt_batch_id
FROM MEDICAL_DB.RAW.billing
WHERE billing_id IS NOT NULL
    )

/* {"app": "dbt", "dbt_version": "1.10.13", "profile_name": "medical_project", "target_name": "dev", "node_id": "model.medical_project.bronze_billing"} */;
[0m10:28:46.833000 [debug] [Thread-3 (]: Using snowflake connection "model.medical_project.bronze_doctors"
[0m10:28:46.833000 [debug] [Thread-2 (]: Opening a new connection, currently in state init
[0m10:28:46.833000 [debug] [Thread-3 (]: On model.medical_project.bronze_doctors: create or replace transient table MEDICAL_DB.bronze.bronze_doctors
    
    
    
    as (

SELECT
  doctor_id,
  doctor_name,
  specialty,
  department_id,
  phone,
  email,
  license_number,
  years_experience,
  is_active,
  hired_date,
  CURRENT_TIMESTAMP() AS dbt_loaded_at,
  'c8e366be-3956-4652-86aa-5e74d8984213' AS dbt_batch_id
FROM MEDICAL_DB.RAW.doctors
WHERE doctor_id IS NOT NULL
    )

/* {"app": "dbt", "dbt_version": "1.10.13", "profile_name": "medical_project", "target_name": "dev", "node_id": "model.medical_project.bronze_doctors"} */;
[0m10:28:46.848230 [debug] [Thread-3 (]: Opening a new connection, currently in state init
[0m10:28:49.967590 [debug] [Thread-3 (]: SQL status: SUCCESS 1 in 3.128 seconds
[0m10:28:50.014032 [debug] [Thread-3 (]: Sending event: {'category': 'dbt', 'action': 'run_model', 'label': 'c8e366be-3956-4652-86aa-5e74d8984213', 'context': [<snowplow_tracker.self_describing_json.SelfDescribingJson object at 0x000001F5DFE1D850>]}
[0m10:28:50.014032 [info ] [Thread-3 (]: 3 of 17 OK created sql table model bronze.bronze_doctors ....................... [[32mSUCCESS 1[0m in 3.72s]
[0m10:28:50.014032 [debug] [Thread-3 (]: Finished running node model.medical_project.bronze_doctors
[0m10:28:50.014032 [debug] [Thread-3 (]: Began running node model.medical_project.bronze_medical_records
[0m10:28:50.014032 [info ] [Thread-3 (]: 4 of 17 START sql table model bronze.bronze_medical_records .................... [RUN]
[0m10:28:50.014032 [debug] [Thread-3 (]: Re-using an available connection from the pool (formerly model.medical_project.bronze_doctors, now model.medical_project.bronze_medical_records)
[0m10:28:50.014032 [debug] [Thread-3 (]: Began compiling node model.medical_project.bronze_medical_records
[0m10:28:50.036222 [debug] [Thread-3 (]: Writing injected SQL for node "model.medical_project.bronze_medical_records"
[0m10:28:50.039288 [debug] [Thread-3 (]: Began executing node model.medical_project.bronze_medical_records
[0m10:28:50.039288 [debug] [Thread-3 (]: Writing runtime sql for node "model.medical_project.bronze_medical_records"
[0m10:28:50.039288 [debug] [Thread-3 (]: Using snowflake connection "model.medical_project.bronze_medical_records"
[0m10:28:50.039288 [debug] [Thread-3 (]: On model.medical_project.bronze_medical_records: create or replace transient table MEDICAL_DB.bronze.bronze_medical_records
    
    
    
    as (

SELECT
  record_id,
  appointment_id,
  patient_id,
  diagnosis,
  treatment_plan,
  prescription,
  follow_up_required,
  severity,
  created_at,
  created_at AS updated_at,
  CURRENT_TIMESTAMP() AS dbt_loaded_at,
  'c8e366be-3956-4652-86aa-5e74d8984213' AS dbt_batch_id
FROM MEDICAL_DB.RAW.medical_records
WHERE record_id IS NOT NULL
    )

/* {"app": "dbt", "dbt_version": "1.10.13", "profile_name": "medical_project", "target_name": "dev", "node_id": "model.medical_project.bronze_medical_records"} */;
[0m10:28:50.089710 [debug] [Thread-1 (]: SQL status: SUCCESS 1 in 3.689 seconds
[0m10:28:50.089710 [debug] [Thread-2 (]: SQL status: SUCCESS 1 in 3.251 seconds
[0m10:28:50.089710 [debug] [Thread-1 (]: Sending event: {'category': 'dbt', 'action': 'run_model', 'label': 'c8e366be-3956-4652-86aa-5e74d8984213', 'context': [<snowplow_tracker.self_describing_json.SelfDescribingJson object at 0x000001F5E4095970>]}
[0m10:28:50.089710 [debug] [Thread-2 (]: Sending event: {'category': 'dbt', 'action': 'run_model', 'label': 'c8e366be-3956-4652-86aa-5e74d8984213', 'context': [<snowplow_tracker.self_describing_json.SelfDescribingJson object at 0x000001F5E4049760>]}
[0m10:28:50.089710 [info ] [Thread-1 (]: 1 of 17 OK created sql table model bronze.bronze_appointments .................. [[32mSUCCESS 1[0m in 3.79s]
[0m10:28:50.089710 [info ] [Thread-2 (]: 2 of 17 OK created sql table model bronze.bronze_billing ....................... [[32mSUCCESS 1[0m in 3.79s]
[0m10:28:50.105912 [debug] [Thread-1 (]: Finished running node model.medical_project.bronze_appointments
[0m10:28:50.107890 [debug] [Thread-2 (]: Finished running node model.medical_project.bronze_billing
[0m10:28:50.108873 [debug] [Thread-1 (]: Began running node model.medical_project.bronze_patients
[0m10:28:50.109871 [debug] [Thread-2 (]: Began running node model.medical_project.silver_doctors
[0m10:28:50.110553 [info ] [Thread-1 (]: 5 of 17 START sql table model bronze.bronze_patients ........................... [RUN]
[0m10:28:50.111951 [info ] [Thread-2 (]: 6 of 17 START sql table model silver.silver_doctors ............................ [RUN]
[0m10:28:50.112981 [debug] [Thread-1 (]: Re-using an available connection from the pool (formerly model.medical_project.bronze_appointments, now model.medical_project.bronze_patients)
[0m10:28:50.114214 [debug] [Thread-2 (]: Re-using an available connection from the pool (formerly model.medical_project.bronze_billing, now model.medical_project.silver_doctors)
[0m10:28:50.115094 [debug] [Thread-1 (]: Began compiling node model.medical_project.bronze_patients
[0m10:28:50.115989 [debug] [Thread-2 (]: Began compiling node model.medical_project.silver_doctors
[0m10:28:50.122863 [debug] [Thread-1 (]: Writing injected SQL for node "model.medical_project.bronze_patients"
[0m10:28:50.131879 [debug] [Thread-2 (]: Writing injected SQL for node "model.medical_project.silver_doctors"
[0m10:28:50.133776 [debug] [Thread-1 (]: Began executing node model.medical_project.bronze_patients
[0m10:28:50.139698 [debug] [Thread-1 (]: Writing runtime sql for node "model.medical_project.bronze_patients"
[0m10:28:50.140708 [debug] [Thread-2 (]: Began executing node model.medical_project.silver_doctors
[0m10:28:50.142793 [debug] [Thread-2 (]: Writing runtime sql for node "model.medical_project.silver_doctors"
[0m10:28:50.142793 [debug] [Thread-1 (]: Using snowflake connection "model.medical_project.bronze_patients"
[0m10:28:50.142793 [debug] [Thread-1 (]: On model.medical_project.bronze_patients: create or replace transient table MEDICAL_DB.bronze.bronze_patients
    
    
    
    as (

SELECT
  patient_id,
  first_name,
  last_name,
  date_of_birth,
  gender,
  blood_type,
  phone,
  email,
  address,
  city,
  state,
  zip_code,
  insurance_type,
  emergency_contact,
  created_at,
  created_at AS updated_at,
  CURRENT_TIMESTAMP() AS dbt_loaded_at,
  'c8e366be-3956-4652-86aa-5e74d8984213' AS dbt_batch_id
FROM MEDICAL_DB.RAW.patients
WHERE patient_id IS NOT NULL
    )

/* {"app": "dbt", "dbt_version": "1.10.13", "profile_name": "medical_project", "target_name": "dev", "node_id": "model.medical_project.bronze_patients"} */;
[0m10:28:50.142793 [debug] [Thread-2 (]: Using snowflake connection "model.medical_project.silver_doctors"
[0m10:28:50.142793 [debug] [Thread-2 (]: On model.medical_project.silver_doctors: create or replace transient table MEDICAL_DB.silver.silver_doctors
    
    
    
    as (

WITH specialty_mapping AS (
  SELECT * FROM MEDICAL_DB.reference.medical_specialties
)
SELECT
  d.doctor_id,
  TRIM(d.doctor_name) AS doctor_name,
  TRIM(d.specialty) AS specialty,
  COALESCE(sm.specialty_category,'Other') AS specialty_category,
  d.department_id,
  d.phone,
  LOWER(TRIM(d.email)) AS email,
  d.license_number,
  d.years_experience,
  CASE 
    WHEN d.years_experience < 5 THEN 'Junior'
    WHEN d.years_experience BETWEEN 5 AND 15 THEN 'Mid-Level'
    WHEN d.years_experience BETWEEN 16 AND 25 THEN 'Senior'
    ELSE 'Expert' END AS experience_level,
  CASE 
    WHEN d.specialty IN ('Emergency Medicine','Surgery') THEN 'Critical Care'
    WHEN d.specialty IN ('Cardiology','Neurology','Oncology') THEN 'Specialty Care'
    WHEN d.specialty IN ('Internal Medicine','Pediatrics') THEN 'Primary Care'
    ELSE 'Other Care' END AS care_category,
  d.is_active,
  CASE WHEN d.is_active = 'Y' THEN TRUE ELSE FALSE END AS is_active_flag,
  d.hired_date,
  DATEDIFF('year', d.hired_date, CURRENT_DATE()) AS tenure_years,
  d.dbt_loaded_at,
  d.dbt_batch_id
FROM MEDICAL_DB.bronze.bronze_doctors d
LEFT JOIN specialty_mapping sm ON d.specialty = sm.specialty_name
WHERE d.doctor_id IS NOT NULL
    )

/* {"app": "dbt", "dbt_version": "1.10.13", "profile_name": "medical_project", "target_name": "dev", "node_id": "model.medical_project.silver_doctors"} */;
[0m10:28:50.814811 [debug] [Thread-1 (]: SQL status: SUCCESS 1 in 0.665 seconds
[0m10:28:50.814811 [debug] [Thread-3 (]: SQL status: SUCCESS 1 in 0.767 seconds
[0m10:28:50.814811 [debug] [Thread-1 (]: Sending event: {'category': 'dbt', 'action': 'run_model', 'label': 'c8e366be-3956-4652-86aa-5e74d8984213', 'context': [<snowplow_tracker.self_describing_json.SelfDescribingJson object at 0x000001F5E40992B0>]}
[0m10:28:50.830465 [debug] [Thread-3 (]: Sending event: {'category': 'dbt', 'action': 'run_model', 'label': 'c8e366be-3956-4652-86aa-5e74d8984213', 'context': [<snowplow_tracker.self_describing_json.SelfDescribingJson object at 0x000001F5E4095550>]}
[0m10:28:50.830465 [info ] [Thread-1 (]: 5 of 17 OK created sql table model bronze.bronze_patients ...................... [[32mSUCCESS 1[0m in 0.70s]
[0m10:28:50.830465 [debug] [Thread-1 (]: Finished running node model.medical_project.bronze_patients
[0m10:28:50.830465 [info ] [Thread-3 (]: 4 of 17 OK created sql table model bronze.bronze_medical_records ............... [[32mSUCCESS 1[0m in 0.82s]
[0m10:28:50.830465 [debug] [Thread-1 (]: Began running node model.medical_project.silver_appointments
[0m10:28:50.830465 [debug] [Thread-3 (]: Finished running node model.medical_project.bronze_medical_records
[0m10:28:50.830465 [info ] [Thread-1 (]: 7 of 17 START sql table model silver.silver_appointments ....................... [RUN]
[0m10:28:50.830465 [debug] [Thread-3 (]: Began running node model.medical_project.silver_billing
[0m10:28:50.830465 [debug] [Thread-1 (]: Re-using an available connection from the pool (formerly model.medical_project.bronze_patients, now model.medical_project.silver_appointments)
[0m10:28:50.830465 [debug] [Thread-1 (]: Began compiling node model.medical_project.silver_appointments
[0m10:28:50.830465 [info ] [Thread-3 (]: 8 of 17 START sql table model silver.silver_billing ............................ [RUN]
[0m10:28:50.849876 [debug] [Thread-1 (]: Writing injected SQL for node "model.medical_project.silver_appointments"
[0m10:28:50.850903 [debug] [Thread-3 (]: Re-using an available connection from the pool (formerly model.medical_project.bronze_medical_records, now model.medical_project.silver_billing)
[0m10:28:50.852880 [debug] [Thread-3 (]: Began compiling node model.medical_project.silver_billing
[0m10:28:50.861552 [debug] [Thread-3 (]: Writing injected SQL for node "model.medical_project.silver_billing"
[0m10:28:50.937672 [debug] [Thread-2 (]: SQL status: SUCCESS 1 in 0.790 seconds
[0m10:28:50.952988 [debug] [Thread-2 (]: Sending event: {'category': 'dbt', 'action': 'run_model', 'label': 'c8e366be-3956-4652-86aa-5e74d8984213', 'context': [<snowplow_tracker.self_describing_json.SelfDescribingJson object at 0x000001F5E3FCD130>]}
[0m10:28:50.952988 [info ] [Thread-2 (]: 6 of 17 OK created sql table model silver.silver_doctors ....................... [[32mSUCCESS 1[0m in 0.84s]
[0m10:28:50.952988 [debug] [Thread-2 (]: Finished running node model.medical_project.silver_doctors
[0m10:28:50.952988 [debug] [Thread-2 (]: Began running node model.medical_project.silver_patients
[0m10:28:50.952988 [info ] [Thread-2 (]: 9 of 17 START sql table model silver.silver_patients ........................... [RUN]
[0m10:28:50.952988 [debug] [Thread-2 (]: Re-using an available connection from the pool (formerly model.medical_project.silver_doctors, now model.medical_project.silver_patients)
[0m10:28:50.952988 [debug] [Thread-2 (]: Began compiling node model.medical_project.silver_patients
[0m10:28:50.972321 [debug] [Thread-2 (]: Writing injected SQL for node "model.medical_project.silver_patients"
[0m10:28:51.835018 [debug] [Thread-1 (]: Began executing node model.medical_project.silver_appointments
[0m10:28:51.835018 [debug] [Thread-1 (]: Writing runtime sql for node "model.medical_project.silver_appointments"
[0m10:28:51.835018 [debug] [Thread-2 (]: Began executing node model.medical_project.silver_patients
[0m10:28:51.850181 [debug] [Thread-3 (]: Began executing node model.medical_project.silver_billing
[0m10:28:51.850181 [debug] [Thread-2 (]: Writing runtime sql for node "model.medical_project.silver_patients"
[0m10:28:51.850181 [debug] [Thread-1 (]: Using snowflake connection "model.medical_project.silver_appointments"
[0m10:28:51.865814 [debug] [Thread-3 (]: Writing runtime sql for node "model.medical_project.silver_billing"
[0m10:28:51.865814 [debug] [Thread-1 (]: On model.medical_project.silver_appointments: create or replace transient table MEDICAL_DB.silver.silver_appointments
    
    
    
    as (

SELECT
  appointment_id,
  patient_id,
  doctor_id,
  appointment_date,
  DATE(appointment_date) AS appointment_date_only,
  TIME(appointment_date) AS appointment_time,
  EXTRACT(HOUR FROM appointment_date) AS appointment_hour,
  DAYNAME(appointment_date) AS day_of_week,
  CASE WHEN DAYNAME(appointment_date) IN ('Saturday','Sunday') THEN 'Weekend' ELSE 'Weekday' END AS day_type,
  CASE 
    WHEN EXTRACT(HOUR FROM appointment_date) BETWEEN 6 AND 11 THEN 'Morning'
    WHEN EXTRACT(HOUR FROM appointment_date) BETWEEN 12 AND 17 THEN 'Afternoon'
    WHEN EXTRACT(HOUR FROM appointment_date) BETWEEN 18 AND 21 THEN 'Evening'
    ELSE 'After Hours' END AS time_slot,
  appointment_type,
  status,
  CASE WHEN status = 'Completed' THEN 1 ELSE 0 END AS is_completed,
  CASE WHEN status = 'No-Show' THEN 1 ELSE 0 END AS is_no_show,
  CASE WHEN status = 'Cancelled' THEN 1 ELSE 0 END AS is_cancelled,
  duration_minutes,
  CASE 
    WHEN duration_minutes <= 15 THEN 'Short'
    WHEN duration_minutes <= 45 THEN 'Standard'
    ELSE 'Extended' END AS duration_category,
  notes,
  created_at,
  updated_at,
  dbt_loaded_at,
  dbt_batch_id
FROM MEDICAL_DB.bronze.bronze_appointments
WHERE appointment_id IS NOT NULL
    )

/* {"app": "dbt", "dbt_version": "1.10.13", "profile_name": "medical_project", "target_name": "dev", "node_id": "model.medical_project.silver_appointments"} */;
[0m10:28:51.865814 [debug] [Thread-2 (]: Using snowflake connection "model.medical_project.silver_patients"
[0m10:28:51.865814 [debug] [Thread-2 (]: On model.medical_project.silver_patients: create or replace transient table MEDICAL_DB.silver.silver_patients
    
    
    
    as (

SELECT
  patient_id,
  TRIM(UPPER(first_name)) AS first_name,
  TRIM(UPPER(last_name)) AS last_name,
  TRIM(UPPER(first_name)) || ' ' || TRIM(UPPER(last_name)) AS full_name,
  date_of_birth,
  
  DATEDIFF('year', date_of_birth, CURRENT_DATE())
 AS age,
  
  CASE
    WHEN 
  DATEDIFF('year', date_of_birth, CURRENT_DATE())
 < 18 THEN 'Minor'
    WHEN 
  DATEDIFF('year', date_of_birth, CURRENT_DATE())
 BETWEEN 18 AND 39 THEN 'Young Adult'
    WHEN 
  DATEDIFF('year', date_of_birth, CURRENT_DATE())
 BETWEEN 40 AND 59 THEN 'Middle Age'
    WHEN 
  DATEDIFF('year', date_of_birth, CURRENT_DATE())
 BETWEEN 60 AND 79 THEN 'Senior'
    ELSE 'Elderly'
  END
 AS age_group,
  CASE WHEN 
  DATEDIFF('year', date_of_birth, CURRENT_DATE())
 >= 65 THEN 'Senior' ELSE 'Non-Senior' END AS senior_status,
  UPPER(gender) AS gender,
  blood_type,
  CASE 
    WHEN blood_type IN ('O+','O-') THEN 'Universal Donor'
    WHEN blood_type IN ('AB+','AB-') THEN 'Universal Recipient'
    ELSE 'Standard' END AS blood_type_category,
  phone,
  LOWER(TRIM(email)) AS email,
  address,
  TRIM(UPPER(city)) AS city,
  UPPER(state) AS state,
  zip_code,
  insurance_type,
  CASE 
    WHEN insurance_type IN ('Medicare','Medicaid') THEN 'Government'
    WHEN insurance_type = 'Private' THEN 'Commercial'
    ELSE 'Other' END AS insurance_category,
  emergency_contact,
  created_at,
  updated_at,
  dbt_loaded_at,
  dbt_batch_id
FROM MEDICAL_DB.bronze.bronze_patients
WHERE patient_id IS NOT NULL
    )

/* {"app": "dbt", "dbt_version": "1.10.13", "profile_name": "medical_project", "target_name": "dev", "node_id": "model.medical_project.silver_patients"} */;
[0m10:28:51.865814 [debug] [Thread-3 (]: Using snowflake connection "model.medical_project.silver_billing"
[0m10:28:51.865814 [debug] [Thread-3 (]: On model.medical_project.silver_billing: create or replace transient table MEDICAL_DB.silver.silver_billing
    
    
    
    as (

SELECT
  billing_id,
  appointment_id,
  patient_id,
  total_amount,
  insurance_paid,
  patient_paid,
  ROUND((insurance_paid / NULLIF(total_amount, 0)) * 100, 2) AS insurance_coverage_percentage,
  CASE 
    WHEN total_amount >= 1000 THEN 'High Value'
    WHEN total_amount >= 500 THEN 'Medium Value'
    ELSE 'Low Value' END AS revenue_tier,
  CASE 
    WHEN (insurance_paid / NULLIF(total_amount, 0)) >= 0.9 THEN 'Excellent Coverage'
    WHEN (insurance_paid / NULLIF(total_amount, 0)) >= 0.7 THEN 'Good Coverage'
    WHEN (insurance_paid / NULLIF(total_amount, 0)) >= 0.5 THEN 'Fair Coverage'
    ELSE 'Poor Coverage' END AS coverage_quality,
  billing_date,
  DATEDIFF('day', billing_date, CURRENT_DATE()) AS days_since_billing,
  payment_status,
  CASE 
    WHEN payment_status = 'Paid' THEN 'Collected'
    WHEN payment_status = 'Pending' THEN 'Outstanding'
    WHEN payment_status = 'Denied' THEN 'Collection'
    ELSE 'Review' END AS collection_status,
  CASE WHEN payment_status != 'Paid' AND DATEDIFF('day', billing_date, CURRENT_DATE()) > 30 THEN 1 ELSE 0 END AS is_overdue,
  insurance_claim_number,
  created_at,
  updated_at,
  dbt_loaded_at,
  dbt_batch_id
FROM MEDICAL_DB.bronze.bronze_billing
WHERE billing_id IS NOT NULL
    )

/* {"app": "dbt", "dbt_version": "1.10.13", "profile_name": "medical_project", "target_name": "dev", "node_id": "model.medical_project.silver_billing"} */;
[0m10:28:52.399042 [debug] [Thread-3 (]: SQL status: SUCCESS 1 in 0.519 seconds
[0m10:28:52.399042 [debug] [Thread-3 (]: Sending event: {'category': 'dbt', 'action': 'run_model', 'label': 'c8e366be-3956-4652-86aa-5e74d8984213', 'context': [<snowplow_tracker.self_describing_json.SelfDescribingJson object at 0x000001F5E3F9EC90>]}
[0m10:28:52.399042 [info ] [Thread-3 (]: 8 of 17 OK created sql table model silver.silver_billing ....................... [[32mSUCCESS 1[0m in 1.55s]
[0m10:28:52.399042 [debug] [Thread-3 (]: Finished running node model.medical_project.silver_billing
[0m10:28:52.399042 [debug] [Thread-3 (]: Began running node model.medical_project.silver_medical_records
[0m10:28:52.399042 [info ] [Thread-3 (]: 10 of 17 START sql table model silver.silver_medical_records ................... [RUN]
[0m10:28:52.414495 [debug] [Thread-3 (]: Re-using an available connection from the pool (formerly model.medical_project.silver_billing, now model.medical_project.silver_medical_records)
[0m10:28:52.414495 [debug] [Thread-3 (]: Began compiling node model.medical_project.silver_medical_records
[0m10:28:52.414495 [debug] [Thread-3 (]: Writing injected SQL for node "model.medical_project.silver_medical_records"
[0m10:28:52.430132 [debug] [Thread-1 (]: SQL status: SUCCESS 1 in 0.556 seconds
[0m10:28:52.436670 [debug] [Thread-1 (]: Sending event: {'category': 'dbt', 'action': 'run_model', 'label': 'c8e366be-3956-4652-86aa-5e74d8984213', 'context': [<snowplow_tracker.self_describing_json.SelfDescribingJson object at 0x000001F5E3F6C500>]}
[0m10:28:52.438920 [info ] [Thread-1 (]: 7 of 17 OK created sql table model silver.silver_appointments .................. [[32mSUCCESS 1[0m in 1.61s]
[0m10:28:52.438920 [debug] [Thread-1 (]: Finished running node model.medical_project.silver_appointments
[0m10:28:52.438920 [debug] [Thread-1 (]: Began running node model.medical_project.dim_doctors
[0m10:28:52.438920 [info ] [Thread-1 (]: 11 of 17 START sql table model gold.dim_doctors ................................ [RUN]
[0m10:28:52.438920 [debug] [Thread-1 (]: Re-using an available connection from the pool (formerly model.medical_project.silver_appointments, now model.medical_project.dim_doctors)
[0m10:28:52.438920 [debug] [Thread-1 (]: Began compiling node model.medical_project.dim_doctors
[0m10:28:52.455517 [debug] [Thread-1 (]: Writing injected SQL for node "model.medical_project.dim_doctors"
[0m10:28:52.489263 [debug] [Thread-2 (]: SQL status: SUCCESS 1 in 0.612 seconds
[0m10:28:52.489263 [debug] [Thread-2 (]: Sending event: {'category': 'dbt', 'action': 'run_model', 'label': 'c8e366be-3956-4652-86aa-5e74d8984213', 'context': [<snowplow_tracker.self_describing_json.SelfDescribingJson object at 0x000001F5E3F600B0>]}
[0m10:28:52.489263 [info ] [Thread-2 (]: 9 of 17 OK created sql table model silver.silver_patients ...................... [[32mSUCCESS 1[0m in 1.54s]
[0m10:28:52.489263 [debug] [Thread-2 (]: Finished running node model.medical_project.silver_patients
[0m10:28:52.504550 [debug] [Thread-2 (]: Began running node model.medical_project.dim_patients
[0m10:28:52.505549 [info ] [Thread-2 (]: 12 of 17 START sql table model gold.dim_patients ............................... [RUN]
[0m10:28:52.505549 [debug] [Thread-2 (]: Re-using an available connection from the pool (formerly model.medical_project.silver_patients, now model.medical_project.dim_patients)
[0m10:28:52.505549 [debug] [Thread-2 (]: Began compiling node model.medical_project.dim_patients
[0m10:28:52.505549 [debug] [Thread-2 (]: Writing injected SQL for node "model.medical_project.dim_patients"
[0m10:28:52.557245 [debug] [Thread-3 (]: Began executing node model.medical_project.silver_medical_records
[0m10:28:52.558231 [debug] [Thread-1 (]: Began executing node model.medical_project.dim_doctors
[0m10:28:52.562614 [debug] [Thread-3 (]: Writing runtime sql for node "model.medical_project.silver_medical_records"
[0m10:28:52.562614 [debug] [Thread-2 (]: Began executing node model.medical_project.dim_patients
[0m10:28:52.562614 [debug] [Thread-1 (]: Writing runtime sql for node "model.medical_project.dim_doctors"
[0m10:28:52.573481 [debug] [Thread-2 (]: Writing runtime sql for node "model.medical_project.dim_patients"
[0m10:28:52.573481 [debug] [Thread-3 (]: Using snowflake connection "model.medical_project.silver_medical_records"
[0m10:28:52.573481 [debug] [Thread-3 (]: On model.medical_project.silver_medical_records: create or replace transient table MEDICAL_DB.silver.silver_medical_records
    
    
    
    as (

WITH diagnosis_mapping AS (
  SELECT * FROM MEDICAL_DB.reference.diagnosis_codes
)
SELECT
  mr.record_id,
  mr.appointment_id,
  mr.patient_id,
  TRIM(mr.diagnosis) AS diagnosis,
  COALESCE(dm.diagnosis_category,'Other') AS diagnosis_category,
  COALESCE(dm.icd_10_code,'Unknown') AS icd_10_code,
  TRIM(mr.treatment_plan) AS treatment_plan,
  CASE 
    WHEN mr.treatment_plan = 'Medication' THEN 'Pharmacological'
    WHEN mr.treatment_plan IN ('Surgery','Procedure') THEN 'Surgical'
    WHEN mr.treatment_plan IN ('Physical Therapy','Counseling') THEN 'Therapeutic'
    ELSE 'Conservative' END AS treatment_category,
  mr.prescription,
  mr.follow_up_required,
  CASE WHEN mr.follow_up_required = 'Y' THEN 1 ELSE 0 END AS needs_follow_up,
  mr.severity,
  CASE 
    WHEN mr.severity = 'Low' THEN 1
    WHEN mr.severity = 'Medium' THEN 2
    WHEN mr.severity = 'High' THEN 3
    ELSE 0 END AS severity_score,
  mr.created_at,
  mr.updated_at,
  mr.dbt_loaded_at,
  mr.dbt_batch_id
FROM MEDICAL_DB.bronze.bronze_medical_records mr
LEFT JOIN diagnosis_mapping dm ON mr.diagnosis = dm.diagnosis_name
WHERE mr.record_id IS NOT NULL
    )

/* {"app": "dbt", "dbt_version": "1.10.13", "profile_name": "medical_project", "target_name": "dev", "node_id": "model.medical_project.silver_medical_records"} */;
[0m10:28:52.573481 [debug] [Thread-1 (]: Using snowflake connection "model.medical_project.dim_doctors"
[0m10:28:52.573481 [debug] [Thread-2 (]: Using snowflake connection "model.medical_project.dim_patients"
[0m10:28:52.573481 [debug] [Thread-1 (]: On model.medical_project.dim_doctors: create or replace transient table MEDICAL_DB.gold.dim_doctors
    
    
    
    as (

SELECT
  doctor_id,
  doctor_name,
  specialty,
  specialty_category,
  experience_level,
  care_category,
  years_experience,
  tenure_years,
  is_active_flag,
  hired_date,
  CURRENT_TIMESTAMP() AS last_updated
FROM MEDICAL_DB.silver.silver_doctors
    )

/* {"app": "dbt", "dbt_version": "1.10.13", "profile_name": "medical_project", "target_name": "dev", "node_id": "model.medical_project.dim_doctors"} */;
[0m10:28:52.589104 [debug] [Thread-2 (]: On model.medical_project.dim_patients: create or replace transient table MEDICAL_DB.gold.dim_patients
    
    
    
    as (

SELECT
  patient_id,
  first_name,
  last_name,
  full_name,
  date_of_birth,
  age,
  age_group,
  senior_status,
  gender,
  blood_type,
  blood_type_category,
  city,
  state,
  insurance_type,
  insurance_category,
  emergency_contact,
  created_at AS patient_since,
  DATEDIFF('day', created_at, CURRENT_DATE()) AS days_as_patient,
  CURRENT_TIMESTAMP() AS last_updated
FROM MEDICAL_DB.silver.silver_patients
    )

/* {"app": "dbt", "dbt_version": "1.10.13", "profile_name": "medical_project", "target_name": "dev", "node_id": "model.medical_project.dim_patients"} */;
[0m10:28:53.072382 [debug] [Thread-1 (]: SQL status: SUCCESS 1 in 0.496 seconds
[0m10:28:53.087533 [debug] [Thread-1 (]: Sending event: {'category': 'dbt', 'action': 'run_model', 'label': 'c8e366be-3956-4652-86aa-5e74d8984213', 'context': [<snowplow_tracker.self_describing_json.SelfDescribingJson object at 0x000001F5E3FC8050>]}
[0m10:28:53.087533 [debug] [Thread-2 (]: SQL status: SUCCESS 1 in 0.502 seconds
[0m10:28:53.087533 [debug] [Thread-2 (]: Sending event: {'category': 'dbt', 'action': 'run_model', 'label': 'c8e366be-3956-4652-86aa-5e74d8984213', 'context': [<snowplow_tracker.self_describing_json.SelfDescribingJson object at 0x000001F5E3F84BF0>]}
[0m10:28:53.087533 [info ] [Thread-1 (]: 11 of 17 OK created sql table model gold.dim_doctors ........................... [[32mSUCCESS 1[0m in 0.65s]
[0m10:28:53.087533 [debug] [Thread-1 (]: Finished running node model.medical_project.dim_doctors
[0m10:28:53.087533 [info ] [Thread-2 (]: 12 of 17 OK created sql table model gold.dim_patients .......................... [[32mSUCCESS 1[0m in 0.58s]
[0m10:28:53.103154 [debug] [Thread-2 (]: Finished running node model.medical_project.dim_patients
[0m10:28:53.105775 [debug] [Thread-1 (]: Began running node model.medical_project.fact_appointments
[0m10:28:53.106028 [info ] [Thread-1 (]: 13 of 17 START sql table model gold.fact_appointments .......................... [RUN]
[0m10:28:53.106028 [debug] [Thread-1 (]: Re-using an available connection from the pool (formerly model.medical_project.dim_doctors, now model.medical_project.fact_appointments)
[0m10:28:53.106028 [debug] [Thread-1 (]: Began compiling node model.medical_project.fact_appointments
[0m10:28:53.106028 [debug] [Thread-1 (]: Writing injected SQL for node "model.medical_project.fact_appointments"
[0m10:28:53.106028 [debug] [Thread-1 (]: Began executing node model.medical_project.fact_appointments
[0m10:28:53.121664 [debug] [Thread-1 (]: Writing runtime sql for node "model.medical_project.fact_appointments"
[0m10:28:53.121664 [debug] [Thread-1 (]: Using snowflake connection "model.medical_project.fact_appointments"
[0m10:28:53.121664 [debug] [Thread-1 (]: On model.medical_project.fact_appointments: create or replace transient table MEDICAL_DB.gold.fact_appointments
    
    
    
    as (

SELECT 
  a.appointment_id,
  a.patient_id,
  a.doctor_id,
  a.appointment_date,
  a.appointment_date_only,
  a.day_of_week,
  a.day_type,
  a.time_slot,
  a.appointment_type,
  a.status,
  a.is_completed,
  a.is_no_show,
  a.is_cancelled,
  a.duration_minutes,
  a.duration_category,
  -- Patient context
  p.age_group AS patient_age_group,
  p.insurance_category AS patient_insurance_category,
  p.senior_status AS patient_senior_status,
  -- Doctor context
  d.specialty AS doctor_specialty,
  d.experience_level AS doctor_experience_level,
  d.care_category AS doctor_care_category,
  -- Business metrics (illustrative)
  CASE 
    WHEN a.appointment_type = 'Emergency' THEN 500
    WHEN a.appointment_type = 'Surgery' THEN 2000
    WHEN a.appointment_type = 'Consultation' THEN 200
    WHEN a.appointment_type = 'Follow-up' THEN 100
    WHEN a.appointment_type = 'Screening' THEN 150
    ELSE 175 END AS estimated_revenue,
  a.created_at,
  CURRENT_TIMESTAMP() AS last_updated
FROM MEDICAL_DB.silver.silver_appointments a
LEFT JOIN MEDICAL_DB.gold.dim_patients p ON a.patient_id = p.patient_id
LEFT JOIN MEDICAL_DB.gold.dim_doctors d ON a.doctor_id = d.doctor_id
    )

/* {"app": "dbt", "dbt_version": "1.10.13", "profile_name": "medical_project", "target_name": "dev", "node_id": "model.medical_project.fact_appointments"} */;
[0m10:28:53.270764 [debug] [Thread-3 (]: SQL status: SUCCESS 1 in 0.686 seconds
[0m10:28:53.270764 [debug] [Thread-3 (]: Sending event: {'category': 'dbt', 'action': 'run_model', 'label': 'c8e366be-3956-4652-86aa-5e74d8984213', 'context': [<snowplow_tracker.self_describing_json.SelfDescribingJson object at 0x000001F5E3F9EC90>]}
[0m10:28:53.270764 [info ] [Thread-3 (]: 10 of 17 OK created sql table model silver.silver_medical_records .............. [[32mSUCCESS 1[0m in 0.86s]
[0m10:28:53.270764 [debug] [Thread-3 (]: Finished running node model.medical_project.silver_medical_records
[0m10:28:53.920096 [debug] [Thread-1 (]: SQL status: SUCCESS 1 in 0.794 seconds
[0m10:28:53.920096 [debug] [Thread-1 (]: Sending event: {'category': 'dbt', 'action': 'run_model', 'label': 'c8e366be-3956-4652-86aa-5e74d8984213', 'context': [<snowplow_tracker.self_describing_json.SelfDescribingJson object at 0x000001F5E3F92C60>]}
[0m10:28:53.920096 [info ] [Thread-1 (]: 13 of 17 OK created sql table model gold.fact_appointments ..................... [[32mSUCCESS 1[0m in 0.81s]
[0m10:28:53.935245 [debug] [Thread-1 (]: Finished running node model.medical_project.fact_appointments
[0m10:28:53.935245 [debug] [Thread-2 (]: Began running node model.medical_project.fact_billing
[0m10:28:53.935245 [debug] [Thread-3 (]: Began running node model.medical_project.fact_medical_outcomes
[0m10:28:53.935245 [info ] [Thread-2 (]: 14 of 17 START sql table model gold.fact_billing ............................... [RUN]
[0m10:28:53.935245 [info ] [Thread-3 (]: 15 of 17 START sql table model gold.fact_medical_outcomes ...................... [RUN]
[0m10:28:53.945799 [debug] [Thread-2 (]: Re-using an available connection from the pool (formerly model.medical_project.dim_patients, now model.medical_project.fact_billing)
[0m10:28:53.947854 [debug] [Thread-3 (]: Re-using an available connection from the pool (formerly model.medical_project.silver_medical_records, now model.medical_project.fact_medical_outcomes)
[0m10:28:53.948864 [debug] [Thread-2 (]: Began compiling node model.medical_project.fact_billing
[0m10:28:53.950070 [debug] [Thread-3 (]: Began compiling node model.medical_project.fact_medical_outcomes
[0m10:28:53.958673 [debug] [Thread-2 (]: Writing injected SQL for node "model.medical_project.fact_billing"
[0m10:28:53.964535 [debug] [Thread-3 (]: Writing injected SQL for node "model.medical_project.fact_medical_outcomes"
[0m10:28:54.655737 [debug] [Thread-2 (]: Began executing node model.medical_project.fact_billing
[0m10:28:54.670682 [debug] [Thread-2 (]: Writing runtime sql for node "model.medical_project.fact_billing"
[0m10:28:54.670682 [debug] [Thread-3 (]: Began executing node model.medical_project.fact_medical_outcomes
[0m10:28:54.780060 [debug] [Thread-3 (]: Writing runtime sql for node "model.medical_project.fact_medical_outcomes"
[0m10:28:54.780060 [debug] [Thread-2 (]: Using snowflake connection "model.medical_project.fact_billing"
[0m10:28:54.780060 [debug] [Thread-2 (]: On model.medical_project.fact_billing: create or replace transient table MEDICAL_DB.gold.fact_billing
    
    
    
    as (

SELECT 
  b.billing_id,
  b.appointment_id,
  b.patient_id,
  b.total_amount,
  b.insurance_paid,
  b.patient_paid,
  b.insurance_coverage_percentage,
  b.revenue_tier,
  b.coverage_quality,
  b.payment_status,
  b.collection_status,
  b.is_overdue,
  b.days_since_billing,
  -- Appointment context
  a.appointment_date,
  a.appointment_type,
  a.time_slot,
  a.doctor_id,
  -- Patient context
  p.insurance_category AS patient_insurance_category,
  p.age_group AS patient_age_group,
  -- Doctor context
  d.specialty AS service_specialty,
  d.care_category AS service_care_category,
  b.created_at,
  CURRENT_TIMESTAMP() AS last_updated
FROM MEDICAL_DB.silver.silver_billing b
LEFT JOIN MEDICAL_DB.gold.fact_appointments a ON b.appointment_id = a.appointment_id
LEFT JOIN MEDICAL_DB.gold.dim_patients p ON b.patient_id = p.patient_id
LEFT JOIN MEDICAL_DB.gold.dim_doctors d ON a.doctor_id = d.doctor_id
    )

/* {"app": "dbt", "dbt_version": "1.10.13", "profile_name": "medical_project", "target_name": "dev", "node_id": "model.medical_project.fact_billing"} */;
[0m10:28:54.811305 [debug] [Thread-3 (]: Using snowflake connection "model.medical_project.fact_medical_outcomes"
[0m10:28:54.811305 [debug] [Thread-3 (]: On model.medical_project.fact_medical_outcomes: create or replace transient table MEDICAL_DB.gold.fact_medical_outcomes
    
    
    
    as (

SELECT 
  mr.record_id,
  mr.appointment_id,
  mr.patient_id,
  mr.diagnosis,
  mr.diagnosis_category,
  mr.treatment_plan,
  mr.treatment_category,
  mr.severity,
  mr.severity_score,
  mr.needs_follow_up,
  -- Appointment context
  a.appointment_date,
  a.appointment_type,
  a.doctor_id,
  -- Patient context
  p.age_group AS patient_age_group,
  p.senior_status AS patient_senior_status,
  -- Doctor context
  d.specialty AS treating_specialty,
  d.care_category AS treating_care_category,
  -- Risk assessment
  CASE 
    WHEN mr.severity = 'High' AND p.age >= 65 THEN 'Critical Risk'
    WHEN mr.severity = 'High' OR p.age >= 75 THEN 'High Risk'
    WHEN mr.severity = 'Medium' AND p.age >= 50 THEN 'Moderate Risk'
    ELSE 'Low Risk' END AS patient_risk_level,
  mr.created_at,
  CURRENT_TIMESTAMP() AS last_updated
FROM MEDICAL_DB.silver.silver_medical_records mr
LEFT JOIN MEDICAL_DB.gold.fact_appointments a ON mr.appointment_id = a.appointment_id
LEFT JOIN MEDICAL_DB.gold.dim_patients p ON mr.patient_id = p.patient_id
LEFT JOIN MEDICAL_DB.gold.dim_doctors d ON a.doctor_id = d.doctor_id
    )

/* {"app": "dbt", "dbt_version": "1.10.13", "profile_name": "medical_project", "target_name": "dev", "node_id": "model.medical_project.fact_medical_outcomes"} */;
[0m10:28:55.596963 [debug] [Thread-2 (]: SQL status: SUCCESS 1 in 0.813 seconds
[0m10:28:55.596963 [debug] [Thread-3 (]: SQL status: SUCCESS 1 in 0.782 seconds
[0m10:28:55.596963 [debug] [Thread-2 (]: Sending event: {'category': 'dbt', 'action': 'run_model', 'label': 'c8e366be-3956-4652-86aa-5e74d8984213', 'context': [<snowplow_tracker.self_describing_json.SelfDescribingJson object at 0x000001F5E3F2BFB0>]}
[0m10:28:55.612142 [debug] [Thread-3 (]: Sending event: {'category': 'dbt', 'action': 'run_model', 'label': 'c8e366be-3956-4652-86aa-5e74d8984213', 'context': [<snowplow_tracker.self_describing_json.SelfDescribingJson object at 0x000001F5E405AA50>]}
[0m10:28:55.612142 [info ] [Thread-2 (]: 14 of 17 OK created sql table model gold.fact_billing .......................... [[32mSUCCESS 1[0m in 1.65s]
[0m10:28:55.612142 [debug] [Thread-2 (]: Finished running node model.medical_project.fact_billing
[0m10:28:55.612142 [info ] [Thread-3 (]: 15 of 17 OK created sql table model gold.fact_medical_outcomes ................. [[32mSUCCESS 1[0m in 1.66s]
[0m10:28:55.612142 [debug] [Thread-1 (]: Began running node model.medical_project.kpi_dashboard
[0m10:28:55.612142 [debug] [Thread-2 (]: Began running node model.medical_project.patient_summary
[0m10:28:55.612142 [debug] [Thread-3 (]: Finished running node model.medical_project.fact_medical_outcomes
[0m10:28:55.612142 [info ] [Thread-1 (]: 16 of 17 START sql table model gold.kpi_dashboard .............................. [RUN]
[0m10:28:55.612142 [info ] [Thread-2 (]: 17 of 17 START sql table model gold.patient_summary ............................ [RUN]
[0m10:28:55.630768 [debug] [Thread-1 (]: Re-using an available connection from the pool (formerly model.medical_project.fact_appointments, now model.medical_project.kpi_dashboard)
[0m10:28:55.631624 [debug] [Thread-2 (]: Re-using an available connection from the pool (formerly model.medical_project.fact_billing, now model.medical_project.patient_summary)
[0m10:28:55.632631 [debug] [Thread-1 (]: Began compiling node model.medical_project.kpi_dashboard
[0m10:28:55.634078 [debug] [Thread-2 (]: Began compiling node model.medical_project.patient_summary
[0m10:28:55.638469 [debug] [Thread-1 (]: Writing injected SQL for node "model.medical_project.kpi_dashboard"
[0m10:28:55.638469 [debug] [Thread-2 (]: Writing injected SQL for node "model.medical_project.patient_summary"
[0m10:28:55.638469 [debug] [Thread-1 (]: Began executing node model.medical_project.kpi_dashboard
[0m10:28:55.654049 [debug] [Thread-2 (]: Began executing node model.medical_project.patient_summary
[0m10:28:55.655329 [debug] [Thread-1 (]: Writing runtime sql for node "model.medical_project.kpi_dashboard"
[0m10:28:55.655329 [debug] [Thread-2 (]: Writing runtime sql for node "model.medical_project.patient_summary"
[0m10:28:55.671984 [debug] [Thread-1 (]: Using snowflake connection "model.medical_project.kpi_dashboard"
[0m10:28:55.671984 [debug] [Thread-2 (]: Using snowflake connection "model.medical_project.patient_summary"
[0m10:28:55.671984 [debug] [Thread-1 (]: On model.medical_project.kpi_dashboard: create or replace transient table MEDICAL_DB.gold.kpi_dashboard
    
    
    
    as (

WITH appt AS (
  SELECT 
    COUNT(*) AS total_appointments,
    SUM(CASE WHEN is_completed = 1 THEN 1 ELSE 0 END) AS completed_appointments,
    SUM(CASE WHEN is_no_show = 1 THEN 1 ELSE 0 END) AS no_shows
  FROM MEDICAL_DB.gold.fact_appointments
),
rev AS (
  SELECT 
    SUM(total_amount) AS total_revenue,
    SUM(patient_paid) AS total_patient_paid,
    SUM(insurance_paid) AS total_insurance_paid
  FROM MEDICAL_DB.gold.fact_billing
)
SELECT 
  a.total_appointments,
  a.completed_appointments,
  a.no_shows,
  ROUND(a.no_shows * 100.0 / NULLIF(a.total_appointments, 0), 2) AS no_show_rate_pct,
  r.total_revenue,
  r.total_patient_paid,
  r.total_insurance_paid,
  CURRENT_DATE() AS kpi_as_of_date
FROM appt a CROSS JOIN rev r
    )

/* {"app": "dbt", "dbt_version": "1.10.13", "profile_name": "medical_project", "target_name": "dev", "node_id": "model.medical_project.kpi_dashboard"} */;
[0m10:28:55.671984 [debug] [Thread-2 (]: On model.medical_project.patient_summary: create or replace transient table MEDICAL_DB.gold.patient_summary
    
    
    
    as (

WITH agg AS (
  SELECT 
    p.patient_id,
    COUNT(DISTINCT a.appointment_id) AS total_appointments,
    COUNT(DISTINCT CASE WHEN a.is_completed = 1 THEN a.appointment_id END) AS completed_appointments,
    COUNT(DISTINCT CASE WHEN a.is_no_show = 1 THEN a.appointment_id END) AS no_show_count,
    COUNT(DISTINCT mr.record_id) AS total_diagnoses,
    COUNT(DISTINCT mr.diagnosis) AS unique_diagnoses,
    COUNT(DISTINCT CASE WHEN mr.severity = 'High' THEN mr.record_id END) AS high_severity_cases,
    COUNT(DISTINCT CASE WHEN mr.needs_follow_up = 1 THEN mr.record_id END) AS follow_ups_needed,
    COALESCE(SUM(b.total_amount), 0) AS lifetime_revenue,
    COALESCE(SUM(b.patient_paid), 0) AS total_patient_payments,
    COALESCE(SUM(b.insurance_paid), 0) AS total_insurance_payments,
    COALESCE(AVG(b.insurance_coverage_percentage), 0) AS avg_insurance_coverage,
    MAX(a.appointment_date) AS last_visit_date,
    MIN(a.appointment_date) AS first_visit_date
  FROM MEDICAL_DB.gold.dim_patients p
  LEFT JOIN MEDICAL_DB.gold.fact_appointments a ON p.patient_id = a.patient_id
  LEFT JOIN MEDICAL_DB.silver.silver_medical_records mr ON p.patient_id = mr.patient_id
  LEFT JOIN MEDICAL_DB.gold.fact_billing b ON p.patient_id = b.patient_id
  GROUP BY 1
)
SELECT 
  p.patient_id,
  p.full_name,
  p.age,
  p.age_group,
  p.insurance_category,
  a.total_appointments,
  a.completed_appointments,
  a.no_show_count,
  ROUND(a.no_show_count * 100.0 / NULLIF(a.total_appointments, 0), 2) AS no_show_rate,
  a.total_diagnoses,
  a.unique_diagnoses,
  a.high_severity_cases,
  a.follow_ups_needed,
  a.lifetime_revenue,
  a.total_patient_payments,
  a.total_insurance_payments,
  a.avg_insurance_coverage,
  a.last_visit_date,
  a.first_visit_date,
  DATEDIFF('day', a.first_visit_date, a.last_visit_date) AS patient_journey_days,
  CURRENT_TIMESTAMP() AS last_updated
FROM MEDICAL_DB.gold.dim_patients p
LEFT JOIN agg a ON p.patient_id = a.patient_id
    )

/* {"app": "dbt", "dbt_version": "1.10.13", "profile_name": "medical_project", "target_name": "dev", "node_id": "model.medical_project.patient_summary"} */;
[0m10:28:56.270938 [debug] [Thread-1 (]: SQL status: SUCCESS 1 in 0.605 seconds
[0m10:28:56.286113 [debug] [Thread-1 (]: Sending event: {'category': 'dbt', 'action': 'run_model', 'label': 'c8e366be-3956-4652-86aa-5e74d8984213', 'context': [<snowplow_tracker.self_describing_json.SelfDescribingJson object at 0x000001F5E3BE2600>]}
[0m10:28:56.286113 [info ] [Thread-1 (]: 16 of 17 OK created sql table model gold.kpi_dashboard ......................... [[32mSUCCESS 1[0m in 0.66s]
[0m10:28:56.286113 [debug] [Thread-1 (]: Finished running node model.medical_project.kpi_dashboard
[0m10:28:56.881443 [debug] [Thread-2 (]: SQL status: SUCCESS 1 in 1.207 seconds
[0m10:28:56.881443 [debug] [Thread-2 (]: Sending event: {'category': 'dbt', 'action': 'run_model', 'label': 'c8e366be-3956-4652-86aa-5e74d8984213', 'context': [<snowplow_tracker.self_describing_json.SelfDescribingJson object at 0x000001F5E2D9C380>]}
[0m10:28:56.881443 [info ] [Thread-2 (]: 17 of 17 OK created sql table model gold.patient_summary ....................... [[32mSUCCESS 1[0m in 1.25s]
[0m10:28:56.881443 [debug] [Thread-2 (]: Finished running node model.medical_project.patient_summary
[0m10:28:56.896417 [debug] [MainThread]: Connection 'master' was properly closed.
[0m10:28:56.896417 [debug] [MainThread]: Connection 'list_MEDICAL_DB' was left open.
[0m10:28:56.896417 [debug] [MainThread]: On list_MEDICAL_DB: Close
[0m10:28:57.104017 [debug] [MainThread]: Connection 'list_MEDICAL_DB' was left open.
[0m10:28:57.104017 [debug] [MainThread]: On list_MEDICAL_DB: Close
[0m10:28:57.307564 [debug] [MainThread]: Connection 'list_MEDICAL_DB' was left open.
[0m10:28:57.307564 [debug] [MainThread]: On list_MEDICAL_DB: Close
[0m10:28:57.494998 [debug] [MainThread]: Connection 'list_MEDICAL_DB_snapshots' was left open.
[0m10:28:57.494998 [debug] [MainThread]: On list_MEDICAL_DB_snapshots: Close
[0m10:28:57.698057 [debug] [MainThread]: Connection 'list_MEDICAL_DB_reference' was left open.
[0m10:28:57.698057 [debug] [MainThread]: On list_MEDICAL_DB_reference: Close
[0m10:28:57.885508 [debug] [MainThread]: Connection 'list_MEDICAL_DB_gold' was left open.
[0m10:28:57.885508 [debug] [MainThread]: On list_MEDICAL_DB_gold: Close
[0m10:28:58.089694 [debug] [MainThread]: Connection 'model.medical_project.kpi_dashboard' was left open.
[0m10:28:58.089694 [debug] [MainThread]: On model.medical_project.kpi_dashboard: Close
[0m10:28:58.292853 [debug] [MainThread]: Connection 'model.medical_project.patient_summary' was left open.
[0m10:28:58.292853 [debug] [MainThread]: On model.medical_project.patient_summary: Close
[0m10:28:58.480361 [debug] [MainThread]: Connection 'model.medical_project.fact_medical_outcomes' was left open.
[0m10:28:58.480361 [debug] [MainThread]: On model.medical_project.fact_medical_outcomes: Close
[0m10:28:59.029558 [info ] [MainThread]: 
[0m10:28:59.029558 [info ] [MainThread]: Finished running 17 table models in 0 hours 0 minutes and 31.14 seconds (31.14s).
[0m10:28:59.029558 [debug] [MainThread]: Command end result
[0m10:28:59.087621 [debug] [MainThread]: Wrote artifact WritableManifest to C:\Medical_Analytics\Medical_Analytics\target\manifest.json
[0m10:28:59.087621 [debug] [MainThread]: Wrote artifact SemanticManifest to C:\Medical_Analytics\Medical_Analytics\target\semantic_manifest.json
[0m10:28:59.104492 [debug] [MainThread]: Wrote artifact RunExecutionResult to C:\Medical_Analytics\Medical_Analytics\target\run_results.json
[0m10:28:59.104492 [info ] [MainThread]: 
[0m10:28:59.121305 [info ] [MainThread]: [32mCompleted successfully[0m
[0m10:28:59.122236 [info ] [MainThread]: 
[0m10:28:59.124277 [info ] [MainThread]: Done. PASS=17 WARN=0 ERROR=0 SKIP=0 NO-OP=0 TOTAL=17
[0m10:28:59.126664 [debug] [MainThread]: Command `dbt run` succeeded at 10:28:59.125280 after 43.41 seconds
[0m10:28:59.127276 [debug] [MainThread]: Sending event: {'category': 'dbt', 'action': 'invocation', 'label': 'end', 'context': [<snowplow_tracker.self_describing_json.SelfDescribingJson object at 0x000001F5E0AE7F50>, <snowplow_tracker.self_describing_json.SelfDescribingJson object at 0x000001F5E093DD90>, <snowplow_tracker.self_describing_json.SelfDescribingJson object at 0x000001F5E04FABD0>]}
[0m10:28:59.128284 [debug] [MainThread]: Flushing usage events
[0m10:29:01.805174 [debug] [MainThread]: An error was encountered while trying to flush usage events
[0m10:29:13.487201 [debug] [MainThread]: Sending event: {'category': 'dbt', 'action': 'invocation', 'label': 'start', 'context': [<snowplow_tracker.self_describing_json.SelfDescribingJson object at 0x0000017EDB33F470>, <snowplow_tracker.self_describing_json.SelfDescribingJson object at 0x0000017ED863A9F0>, <snowplow_tracker.self_describing_json.SelfDescribingJson object at 0x0000017EDB158080>]}


============================== 10:29:13.487201 | 1aaf5bc5-5769-4ad6-8161-f89a8dd513af ==============================
[0m10:29:13.487201 [info ] [MainThread]: Running with dbt=1.10.13
[0m10:29:13.487201 [debug] [MainThread]: running dbt with arguments {'write_json': 'True', 'use_colors': 'True', 'cache_selected_only': 'False', 'no_print': 'None', 'profiles_dir': 'C:\\Users\\rkart\\.dbt', 'warn_error': 'None', 'static_parser': 'True', 'partial_parse': 'True', 'log_path': 'C:\\Medical_Analytics\\Medical_Analytics\\logs', 'send_anonymous_usage_stats': 'True', 'indirect_selection': 'eager', 'warn_error_options': 'WarnErrorOptionsV2(error=[], warn=[], silence=[])', 'fail_fast': 'False', 'use_experimental_parser': 'False', 'version_check': 'True', 'quiet': 'False', 'introspect': 'True', 'empty': 'False', 'log_cache_events': 'False', 'debug': 'False', 'log_format': 'default', 'invocation_command': 'dbt snapshot', 'printer_width': '80', 'target_path': 'None'}
[0m10:29:14.319591 [debug] [MainThread]: Sending event: {'category': 'dbt', 'action': 'project_id', 'label': '1aaf5bc5-5769-4ad6-8161-f89a8dd513af', 'context': [<snowplow_tracker.self_describing_json.SelfDescribingJson object at 0x0000017EDDA42660>]}
[0m10:29:14.444585 [debug] [MainThread]: Sending event: {'category': 'dbt', 'action': 'adapter_info', 'label': '1aaf5bc5-5769-4ad6-8161-f89a8dd513af', 'context': [<snowplow_tracker.self_describing_json.SelfDescribingJson object at 0x0000017EDB74BBF0>]}
[0m10:29:14.444585 [info ] [MainThread]: Registered adapter: snowflake=1.10.2
[0m10:29:15.070999 [debug] [MainThread]: checksum: 9f0c81e2574b4ff463f3d16d080df83c6982fc0372c9feeacae0504ac9ea3ffe, vars: {}, profile: , target: , version: 1.10.13
[0m10:29:15.494405 [debug] [MainThread]: Partial parsing enabled: 0 files deleted, 0 files added, 0 files changed.
[0m10:29:15.494405 [debug] [MainThread]: Partial parsing enabled, no changes found, skipping parsing
[0m10:29:15.635023 [debug] [MainThread]: Sending event: {'category': 'dbt', 'action': 'load_project', 'label': '1aaf5bc5-5769-4ad6-8161-f89a8dd513af', 'context': [<snowplow_tracker.self_describing_json.SelfDescribingJson object at 0x0000017EDDBEFE30>]}
[0m10:29:15.903404 [debug] [MainThread]: Wrote artifact WritableManifest to C:\Medical_Analytics\Medical_Analytics\target\manifest.json
[0m10:29:15.919027 [debug] [MainThread]: Wrote artifact SemanticManifest to C:\Medical_Analytics\Medical_Analytics\target\semantic_manifest.json
[0m10:29:16.153411 [debug] [MainThread]: Sending event: {'category': 'dbt', 'action': 'resource_counts', 'label': '1aaf5bc5-5769-4ad6-8161-f89a8dd513af', 'context': [<snowplow_tracker.self_describing_json.SelfDescribingJson object at 0x0000017EDDE5E090>]}
[0m10:29:16.153411 [info ] [MainThread]: Found 17 models, 2 snapshots, 24 data tests, 3 seeds, 5 sources, 498 macros
[0m10:29:16.153411 [debug] [MainThread]: Sending event: {'category': 'dbt', 'action': 'runnable_timing', 'label': '1aaf5bc5-5769-4ad6-8161-f89a8dd513af', 'context': [<snowplow_tracker.self_describing_json.SelfDescribingJson object at 0x0000017EDDF89910>]}
[0m10:29:16.153411 [info ] [MainThread]: 
[0m10:29:16.153411 [info ] [MainThread]: Concurrency: 3 threads (target='dev')
[0m10:29:16.166320 [info ] [MainThread]: 
[0m10:29:16.168124 [debug] [MainThread]: Acquiring new snowflake connection 'master'
[0m10:29:16.175140 [debug] [ThreadPool]: Acquiring new snowflake connection 'list_MEDICAL_DB'
[0m10:29:16.333294 [debug] [ThreadPool]: Using snowflake connection "list_MEDICAL_DB"
[0m10:29:16.348913 [debug] [ThreadPool]: On list_MEDICAL_DB: show terse schemas in database MEDICAL_DB
    limit 10000
/* {"app": "dbt", "dbt_version": "1.10.13", "profile_name": "medical_project", "target_name": "dev", "connection_name": "list_MEDICAL_DB"} */
[0m10:29:16.348913 [debug] [ThreadPool]: Opening a new connection, currently in state init
[0m10:29:19.446691 [debug] [ThreadPool]: SQL status: SUCCESS 7 in 3.112 seconds
[0m10:29:19.462305 [debug] [ThreadPool]: Re-using an available connection from the pool (formerly list_MEDICAL_DB, now create_MEDICAL_DB_snapshots)
[0m10:29:19.462305 [debug] [ThreadPool]: Creating schema "database: "MEDICAL_DB"
schema: "snapshots"
"
[0m10:29:19.462305 [debug] [ThreadPool]: Using snowflake connection "create_MEDICAL_DB_snapshots"
[0m10:29:19.462305 [debug] [ThreadPool]: On create_MEDICAL_DB_snapshots: create schema if not exists MEDICAL_DB.snapshots
/* {"app": "dbt", "dbt_version": "1.10.13", "profile_name": "medical_project", "target_name": "dev", "connection_name": "create_MEDICAL_DB_snapshots"} */
[0m10:29:19.602940 [debug] [ThreadPool]: SQL status: SUCCESS 1 in 0.138 seconds
[0m10:29:19.618541 [debug] [ThreadPool]: Acquiring new snowflake connection 'list_MEDICAL_DB_bronze'
[0m10:29:19.634178 [debug] [ThreadPool]: Using snowflake connection "list_MEDICAL_DB_bronze"
[0m10:29:19.649784 [debug] [ThreadPool]: Acquiring new snowflake connection 'list_MEDICAL_DB_silver'
[0m10:29:19.634178 [debug] [ThreadPool]: On list_MEDICAL_DB_bronze: show objects in MEDICAL_DB.bronze
    limit 10000
    

/* {"app": "dbt", "dbt_version": "1.10.13", "profile_name": "medical_project", "target_name": "dev", "connection_name": "list_MEDICAL_DB_bronze"} */;
[0m10:29:19.649784 [debug] [ThreadPool]: Acquiring new snowflake connection 'list_MEDICAL_DB_snapshots'
[0m10:29:19.649784 [debug] [ThreadPool]: Using snowflake connection "list_MEDICAL_DB_silver"
[0m10:29:19.649784 [debug] [ThreadPool]: Opening a new connection, currently in state init
[0m10:29:19.665413 [debug] [ThreadPool]: Using snowflake connection "list_MEDICAL_DB_snapshots"
[0m10:29:19.665413 [debug] [ThreadPool]: On list_MEDICAL_DB_silver: show objects in MEDICAL_DB.silver
    limit 10000
    

/* {"app": "dbt", "dbt_version": "1.10.13", "profile_name": "medical_project", "target_name": "dev", "connection_name": "list_MEDICAL_DB_silver"} */;
[0m10:29:19.665413 [debug] [ThreadPool]: On list_MEDICAL_DB_snapshots: show objects in MEDICAL_DB.snapshots
    limit 10000
    

/* {"app": "dbt", "dbt_version": "1.10.13", "profile_name": "medical_project", "target_name": "dev", "connection_name": "list_MEDICAL_DB_snapshots"} */;
[0m10:29:19.665413 [debug] [ThreadPool]: Opening a new connection, currently in state init
[0m10:29:19.665413 [debug] [ThreadPool]: Opening a new connection, currently in state init
[0m10:29:22.346640 [debug] [ThreadPool]: SQL status: SUCCESS 5 in 2.676 seconds
[0m10:29:22.346640 [debug] [ThreadPool]: Re-using an available connection from the pool (formerly list_MEDICAL_DB_silver, now list_MEDICAL_DB_gold)
[0m10:29:22.346640 [debug] [ThreadPool]: SQL status: SUCCESS 0 in 2.683 seconds
[0m10:29:22.346640 [debug] [ThreadPool]: Using snowflake connection "list_MEDICAL_DB_gold"
[0m10:29:22.362276 [debug] [ThreadPool]: Re-using an available connection from the pool (formerly list_MEDICAL_DB_snapshots, now list_MEDICAL_DB_reference)
[0m10:29:22.362276 [debug] [ThreadPool]: On list_MEDICAL_DB_gold: show objects in MEDICAL_DB.gold
    limit 10000
    

/* {"app": "dbt", "dbt_version": "1.10.13", "profile_name": "medical_project", "target_name": "dev", "connection_name": "list_MEDICAL_DB_gold"} */;
[0m10:29:22.362276 [debug] [ThreadPool]: SQL status: SUCCESS 5 in 2.705 seconds
[0m10:29:22.362276 [debug] [ThreadPool]: Using snowflake connection "list_MEDICAL_DB_reference"
[0m10:29:22.377882 [debug] [ThreadPool]: On list_MEDICAL_DB_reference: show objects in MEDICAL_DB.reference
    limit 10000
    

/* {"app": "dbt", "dbt_version": "1.10.13", "profile_name": "medical_project", "target_name": "dev", "connection_name": "list_MEDICAL_DB_reference"} */;
[0m10:29:22.522948 [debug] [ThreadPool]: SQL status: SUCCESS 7 in 0.153 seconds
[0m10:29:22.522948 [debug] [ThreadPool]: SQL status: SUCCESS 3 in 0.149 seconds
[0m10:29:22.539939 [debug] [MainThread]: Sending event: {'category': 'dbt', 'action': 'runnable_timing', 'label': '1aaf5bc5-5769-4ad6-8161-f89a8dd513af', 'context': [<snowplow_tracker.self_describing_json.SelfDescribingJson object at 0x0000017EDDF5C320>]}
[0m10:29:22.546836 [debug] [Thread-1 (]: Began running node snapshot.medical_project.doctors_snapshot
[0m10:29:22.547854 [debug] [Thread-2 (]: Began running node snapshot.medical_project.patients_snapshot
[0m10:29:22.548856 [info ] [Thread-1 (]: 1 of 2 START snapshot snapshots.doctors_snapshot ............................... [RUN]
[0m10:29:22.550518 [info ] [Thread-2 (]: 2 of 2 START snapshot snapshots.patients_snapshot .............................. [RUN]
[0m10:29:22.550518 [debug] [Thread-1 (]: Acquiring new snowflake connection 'snapshot.medical_project.doctors_snapshot'
[0m10:29:22.550518 [debug] [Thread-2 (]: Acquiring new snowflake connection 'snapshot.medical_project.patients_snapshot'
[0m10:29:22.550518 [debug] [Thread-1 (]: Began compiling node snapshot.medical_project.doctors_snapshot
[0m10:29:22.550518 [debug] [Thread-2 (]: Began compiling node snapshot.medical_project.patients_snapshot
[0m10:29:22.572889 [debug] [Thread-1 (]: Began executing node snapshot.medical_project.doctors_snapshot
[0m10:29:22.576259 [debug] [Thread-2 (]: Began executing node snapshot.medical_project.patients_snapshot
[0m10:29:22.793125 [debug] [Thread-1 (]: Using snowflake connection "snapshot.medical_project.doctors_snapshot"
[0m10:29:22.808745 [debug] [Thread-2 (]: Using snowflake connection "snapshot.medical_project.patients_snapshot"
[0m10:29:22.808745 [debug] [Thread-1 (]: On snapshot.medical_project.doctors_snapshot: select * from (
        
    

    select *,
        md5(coalesce(cast(doctor_id as varchar ), '')
         || '|' || coalesce(cast(hired_date as varchar ), '')
        ) as dbt_scd_id,
        hired_date as dbt_updated_at,
        hired_date as dbt_valid_from,
        
  
  coalesce(nullif(hired_date, hired_date), null)
  as dbt_valid_to
from (
        

SELECT * FROM MEDICAL_DB.silver.silver_doctors
    ) sbq



    ) as __dbt_sbq
    where false
    limit 0
/* {"app": "dbt", "dbt_version": "1.10.13", "profile_name": "medical_project", "target_name": "dev", "node_id": "snapshot.medical_project.doctors_snapshot"} */
/* {"app": "dbt", "dbt_version": "1.10.13", "profile_name": "medical_project", "target_name": "dev", "node_id": "snapshot.medical_project.doctors_snapshot"} */
[0m10:29:22.808745 [debug] [Thread-2 (]: On snapshot.medical_project.patients_snapshot: select * from (
        
    

    select *,
        md5(coalesce(cast(patient_id as varchar ), '')
         || '|' || coalesce(cast(updated_at as varchar ), '')
        ) as dbt_scd_id,
        updated_at as dbt_updated_at,
        updated_at as dbt_valid_from,
        
  
  coalesce(nullif(updated_at, updated_at), null)
  as dbt_valid_to
from (
        

SELECT * FROM MEDICAL_DB.silver.silver_patients
    ) sbq



    ) as __dbt_sbq
    where false
    limit 0
/* {"app": "dbt", "dbt_version": "1.10.13", "profile_name": "medical_project", "target_name": "dev", "node_id": "snapshot.medical_project.patients_snapshot"} */
/* {"app": "dbt", "dbt_version": "1.10.13", "profile_name": "medical_project", "target_name": "dev", "node_id": "snapshot.medical_project.patients_snapshot"} */
[0m10:29:22.808745 [debug] [Thread-1 (]: Opening a new connection, currently in state init
[0m10:29:22.808745 [debug] [Thread-2 (]: Opening a new connection, currently in state init
[0m10:29:25.498475 [debug] [Thread-2 (]: SQL status: SUCCESS 0 in 2.688 seconds
[0m10:29:25.514127 [debug] [Thread-2 (]: Using snowflake connection "snapshot.medical_project.patients_snapshot"
[0m10:29:25.514127 [debug] [Thread-1 (]: SQL status: SUCCESS 0 in 2.708 seconds
[0m10:29:25.514127 [debug] [Thread-2 (]: On snapshot.medical_project.patients_snapshot: select * from (
        select to_timestamp_ntz(convert_timezone('UTC', current_timestamp())) as dbt_snapshot_time
    ) as __dbt_sbq
    where false
    limit 0
/* {"app": "dbt", "dbt_version": "1.10.13", "profile_name": "medical_project", "target_name": "dev", "node_id": "snapshot.medical_project.patients_snapshot"} */
/* {"app": "dbt", "dbt_version": "1.10.13", "profile_name": "medical_project", "target_name": "dev", "node_id": "snapshot.medical_project.patients_snapshot"} */
[0m10:29:25.514127 [debug] [Thread-1 (]: Using snowflake connection "snapshot.medical_project.doctors_snapshot"
[0m10:29:25.514127 [debug] [Thread-1 (]: On snapshot.medical_project.doctors_snapshot: select * from (
        select to_timestamp_ntz(convert_timezone('UTC', current_timestamp())) as dbt_snapshot_time
    ) as __dbt_sbq
    where false
    limit 0
/* {"app": "dbt", "dbt_version": "1.10.13", "profile_name": "medical_project", "target_name": "dev", "node_id": "snapshot.medical_project.doctors_snapshot"} */
/* {"app": "dbt", "dbt_version": "1.10.13", "profile_name": "medical_project", "target_name": "dev", "node_id": "snapshot.medical_project.doctors_snapshot"} */
[0m10:29:25.623950 [debug] [Thread-2 (]: SQL status: SUCCESS 0 in 0.109 seconds
[0m10:29:25.623950 [debug] [Thread-2 (]: Writing runtime sql for node "snapshot.medical_project.patients_snapshot"
[0m10:29:25.639096 [debug] [Thread-2 (]: Using snowflake connection "snapshot.medical_project.patients_snapshot"
[0m10:29:25.639096 [debug] [Thread-2 (]: On snapshot.medical_project.patients_snapshot: create or replace transient table MEDICAL_DB.snapshots.patients_snapshot
    
    
    
    as (
    

    select *,
        md5(coalesce(cast(patient_id as varchar ), '')
         || '|' || coalesce(cast(updated_at as varchar ), '')
        ) as dbt_scd_id,
        updated_at as dbt_updated_at,
        updated_at as dbt_valid_from,
        
  
  coalesce(nullif(updated_at, updated_at), null)
  as dbt_valid_to
from (
        

SELECT * FROM MEDICAL_DB.silver.silver_patients
    ) sbq



    )

/* {"app": "dbt", "dbt_version": "1.10.13", "profile_name": "medical_project", "target_name": "dev", "node_id": "snapshot.medical_project.patients_snapshot"} */;
[0m10:29:25.670825 [debug] [Thread-1 (]: SQL status: SUCCESS 0 in 0.154 seconds
[0m10:29:25.670825 [warn ] [Thread-1 (]: Data type of snapshot table timestamp columns (TIMESTAMP_NTZ) doesn't match derived column 'updated_at' (DATE). Please update snapshot config 'updated_at'.
[0m10:29:25.685970 [debug] [Thread-1 (]: Writing runtime sql for node "snapshot.medical_project.doctors_snapshot"
[0m10:29:25.685970 [debug] [Thread-1 (]: Using snowflake connection "snapshot.medical_project.doctors_snapshot"
[0m10:29:25.685970 [debug] [Thread-1 (]: On snapshot.medical_project.doctors_snapshot: create or replace transient table MEDICAL_DB.snapshots.doctors_snapshot
    
    
    
    as (
    

    select *,
        md5(coalesce(cast(doctor_id as varchar ), '')
         || '|' || coalesce(cast(hired_date as varchar ), '')
        ) as dbt_scd_id,
        hired_date as dbt_updated_at,
        hired_date as dbt_valid_from,
        
  
  coalesce(nullif(hired_date, hired_date), null)
  as dbt_valid_to
from (
        

SELECT * FROM MEDICAL_DB.silver.silver_doctors
    ) sbq



    )

/* {"app": "dbt", "dbt_version": "1.10.13", "profile_name": "medical_project", "target_name": "dev", "node_id": "snapshot.medical_project.doctors_snapshot"} */;
[0m10:29:26.159439 [debug] [Thread-1 (]: SQL status: SUCCESS 1 in 0.475 seconds
[0m10:29:26.205852 [debug] [Thread-1 (]: Sending event: {'category': 'dbt', 'action': 'run_model', 'label': '1aaf5bc5-5769-4ad6-8161-f89a8dd513af', 'context': [<snowplow_tracker.self_describing_json.SelfDescribingJson object at 0x0000017ED87E2840>]}
[0m10:29:26.205852 [info ] [Thread-1 (]: 1 of 2 OK snapshotted snapshots.doctors_snapshot ............................... [[32mSUCCESS 1[0m in 3.66s]
[0m10:29:26.205852 [debug] [Thread-1 (]: Finished running node snapshot.medical_project.doctors_snapshot
[0m10:29:26.234745 [debug] [Thread-2 (]: SQL status: SUCCESS 1 in 0.603 seconds
[0m10:29:26.234745 [debug] [Thread-2 (]: Sending event: {'category': 'dbt', 'action': 'run_model', 'label': '1aaf5bc5-5769-4ad6-8161-f89a8dd513af', 'context': [<snowplow_tracker.self_describing_json.SelfDescribingJson object at 0x0000017EDEE5C200>]}
[0m10:29:26.250372 [info ] [Thread-2 (]: 2 of 2 OK snapshotted snapshots.patients_snapshot .............................. [[32mSUCCESS 1[0m in 3.68s]
[0m10:29:26.252373 [debug] [Thread-2 (]: Finished running node snapshot.medical_project.patients_snapshot
[0m10:29:26.255375 [debug] [MainThread]: Connection 'master' was properly closed.
[0m10:29:26.256375 [debug] [MainThread]: Connection 'create_MEDICAL_DB_snapshots' was left open.
[0m10:29:26.257375 [debug] [MainThread]: On create_MEDICAL_DB_snapshots: Close
[0m10:29:26.443089 [debug] [MainThread]: Connection 'list_MEDICAL_DB_bronze' was left open.
[0m10:29:26.443089 [debug] [MainThread]: On list_MEDICAL_DB_bronze: Close
[0m10:29:26.646672 [debug] [MainThread]: Connection 'list_MEDICAL_DB_gold' was left open.
[0m10:29:26.646672 [debug] [MainThread]: On list_MEDICAL_DB_gold: Close
[0m10:29:26.847607 [debug] [MainThread]: Connection 'list_MEDICAL_DB_reference' was left open.
[0m10:29:26.847607 [debug] [MainThread]: On list_MEDICAL_DB_reference: Close
[0m10:29:27.035531 [debug] [MainThread]: Connection 'snapshot.medical_project.doctors_snapshot' was left open.
[0m10:29:27.035531 [debug] [MainThread]: On snapshot.medical_project.doctors_snapshot: Close
[0m10:29:27.238737 [debug] [MainThread]: Connection 'snapshot.medical_project.patients_snapshot' was left open.
[0m10:29:27.253901 [debug] [MainThread]: On snapshot.medical_project.patients_snapshot: Close
[0m10:29:27.427457 [info ] [MainThread]: 
[0m10:29:27.427457 [info ] [MainThread]: Finished running 2 snapshots in 0 hours 0 minutes and 11.26 seconds (11.26s).
[0m10:29:27.427457 [debug] [MainThread]: Command end result
[0m10:29:27.484152 [debug] [MainThread]: Wrote artifact WritableManifest to C:\Medical_Analytics\Medical_Analytics\target\manifest.json
[0m10:29:27.484152 [debug] [MainThread]: Wrote artifact SemanticManifest to C:\Medical_Analytics\Medical_Analytics\target\semantic_manifest.json
[0m10:29:27.500391 [debug] [MainThread]: Wrote artifact RunExecutionResult to C:\Medical_Analytics\Medical_Analytics\target\run_results.json
[0m10:29:27.500391 [info ] [MainThread]: 
[0m10:29:27.500391 [info ] [MainThread]: [32mCompleted successfully[0m
[0m10:29:27.500391 [info ] [MainThread]: 
[0m10:29:27.500391 [info ] [MainThread]: Done. PASS=2 WARN=0 ERROR=0 SKIP=0 NO-OP=0 TOTAL=2
[0m10:29:27.500391 [debug] [MainThread]: Command `dbt snapshot` succeeded at 10:29:27.500391 after 14.23 seconds
[0m10:29:27.516502 [debug] [MainThread]: Sending event: {'category': 'dbt', 'action': 'invocation', 'label': 'end', 'context': [<snowplow_tracker.self_describing_json.SelfDescribingJson object at 0x0000017EDB624320>, <snowplow_tracker.self_describing_json.SelfDescribingJson object at 0x0000017ED85DEC00>, <snowplow_tracker.self_describing_json.SelfDescribingJson object at 0x0000017EDA6DB3E0>]}
[0m10:29:27.518505 [debug] [MainThread]: Flushing usage events
[0m10:29:29.261170 [debug] [MainThread]: An error was encountered while trying to flush usage events
[0m10:38:07.990985 [debug] [MainThread]: Sending event: {'category': 'dbt', 'action': 'invocation', 'label': 'start', 'context': [<snowplow_tracker.self_describing_json.SelfDescribingJson object at 0x000001861317E420>, <snowplow_tracker.self_describing_json.SelfDescribingJson object at 0x00000186162BEE10>, <snowplow_tracker.self_describing_json.SelfDescribingJson object at 0x00000186162BEDB0>]}


============================== 10:38:07.990985 | 6f8acd78-335b-4b2f-affc-df45076778f6 ==============================
[0m10:38:07.990985 [info ] [MainThread]: Running with dbt=1.10.13
[0m10:38:08.006580 [debug] [MainThread]: running dbt with arguments {'log_format': 'default', 'profiles_dir': 'C:\\Users\\rkart\\.dbt', 'target_path': 'None', 'invocation_command': 'dbt run', 'cache_selected_only': 'False', 'warn_error': 'None', 'indirect_selection': 'eager', 'partial_parse': 'True', 'static_parser': 'True', 'send_anonymous_usage_stats': 'True', 'log_path': 'C:\\Medical_Analytics\\Medical_Analytics\\logs', 'warn_error_options': 'WarnErrorOptionsV2(error=[], warn=[], silence=[])', 'fail_fast': 'False', 'use_experimental_parser': 'False', 'version_check': 'True', 'introspect': 'True', 'quiet': 'False', 'empty': 'False', 'log_cache_events': 'False', 'debug': 'False', 'no_print': 'None', 'use_colors': 'True', 'printer_width': '80', 'write_json': 'True'}
[0m10:38:08.850309 [debug] [MainThread]: Sending event: {'category': 'dbt', 'action': 'project_id', 'label': '6f8acd78-335b-4b2f-affc-df45076778f6', 'context': [<snowplow_tracker.self_describing_json.SelfDescribingJson object at 0x00000186157A0CB0>]}
[0m10:38:08.928075 [debug] [MainThread]: Sending event: {'category': 'dbt', 'action': 'adapter_info', 'label': '6f8acd78-335b-4b2f-affc-df45076778f6', 'context': [<snowplow_tracker.self_describing_json.SelfDescribingJson object at 0x0000018611B176E0>]}
[0m10:38:08.943700 [info ] [MainThread]: Registered adapter: snowflake=1.10.2
[0m10:38:09.510861 [debug] [MainThread]: checksum: 9f0c81e2574b4ff463f3d16d080df83c6982fc0372c9feeacae0504ac9ea3ffe, vars: {}, profile: , target: , version: 1.10.13
[0m10:38:10.010895 [debug] [MainThread]: Partial parsing enabled: 0 files deleted, 0 files added, 0 files changed.
[0m10:38:10.012082 [debug] [MainThread]: Partial parsing enabled, no changes found, skipping parsing
[0m10:38:10.152678 [debug] [MainThread]: Sending event: {'category': 'dbt', 'action': 'load_project', 'label': '6f8acd78-335b-4b2f-affc-df45076778f6', 'context': [<snowplow_tracker.self_describing_json.SelfDescribingJson object at 0x00000186188CCBF0>]}
[0m10:38:10.387091 [debug] [MainThread]: Wrote artifact WritableManifest to C:\Medical_Analytics\Medical_Analytics\target\manifest.json
[0m10:38:10.402896 [debug] [MainThread]: Wrote artifact SemanticManifest to C:\Medical_Analytics\Medical_Analytics\target\semantic_manifest.json
[0m10:38:10.434355 [debug] [MainThread]: Sending event: {'category': 'dbt', 'action': 'resource_counts', 'label': '6f8acd78-335b-4b2f-affc-df45076778f6', 'context': [<snowplow_tracker.self_describing_json.SelfDescribingJson object at 0x0000018618B2AD80>]}
[0m10:38:10.434355 [info ] [MainThread]: Found 17 models, 2 snapshots, 24 data tests, 3 seeds, 5 sources, 498 macros
[0m10:38:10.434355 [debug] [MainThread]: Sending event: {'category': 'dbt', 'action': 'runnable_timing', 'label': '6f8acd78-335b-4b2f-affc-df45076778f6', 'context': [<snowplow_tracker.self_describing_json.SelfDescribingJson object at 0x0000018618769EE0>]}
[0m10:38:10.449577 [info ] [MainThread]: 
[0m10:38:10.449577 [info ] [MainThread]: Concurrency: 3 threads (target='dev')
[0m10:38:10.456767 [info ] [MainThread]: 
[0m10:38:10.459226 [debug] [MainThread]: Acquiring new snowflake connection 'master'
[0m10:38:10.465636 [debug] [ThreadPool]: Acquiring new snowflake connection 'list_MEDICAL_DB'
[0m10:38:10.493190 [debug] [ThreadPool]: Acquiring new snowflake connection 'list_MEDICAL_DB'
[0m10:38:10.510977 [debug] [ThreadPool]: Acquiring new snowflake connection 'list_MEDICAL_DB'
[0m10:38:10.638436 [debug] [ThreadPool]: Using snowflake connection "list_MEDICAL_DB"
[0m10:38:10.638436 [debug] [ThreadPool]: On list_MEDICAL_DB: show terse schemas in database MEDICAL_DB
    limit 10000
/* {"app": "dbt", "dbt_version": "1.10.13", "profile_name": "medical_project", "target_name": "dev", "connection_name": "list_MEDICAL_DB"} */
[0m10:38:10.654067 [debug] [ThreadPool]: Using snowflake connection "list_MEDICAL_DB"
[0m10:38:10.638436 [debug] [ThreadPool]: Using snowflake connection "list_MEDICAL_DB"
[0m10:38:10.654067 [debug] [ThreadPool]: Opening a new connection, currently in state init
[0m10:38:10.654067 [debug] [ThreadPool]: On list_MEDICAL_DB: show terse schemas in database MEDICAL_DB
    limit 10000
/* {"app": "dbt", "dbt_version": "1.10.13", "profile_name": "medical_project", "target_name": "dev", "connection_name": "list_MEDICAL_DB"} */
[0m10:38:10.654067 [debug] [ThreadPool]: On list_MEDICAL_DB: show terse schemas in database MEDICAL_DB
    limit 10000
/* {"app": "dbt", "dbt_version": "1.10.13", "profile_name": "medical_project", "target_name": "dev", "connection_name": "list_MEDICAL_DB"} */
[0m10:38:10.654067 [debug] [ThreadPool]: Opening a new connection, currently in state init
[0m10:38:10.654067 [debug] [ThreadPool]: Opening a new connection, currently in state init
[0m10:38:14.165747 [debug] [ThreadPool]: SQL status: SUCCESS 8 in 3.509 seconds
[0m10:38:14.196970 [debug] [ThreadPool]: SQL status: SUCCESS 8 in 3.551 seconds
[0m10:38:14.228211 [debug] [ThreadPool]: SQL status: SUCCESS 8 in 3.581 seconds
[0m10:38:14.228211 [debug] [ThreadPool]: Acquiring new snowflake connection 'list_MEDICAL_DB_reference'
[0m10:38:14.243836 [debug] [ThreadPool]: Acquiring new snowflake connection 'list_MEDICAL_DB_silver'
[0m10:38:14.260762 [debug] [ThreadPool]: Using snowflake connection "list_MEDICAL_DB_reference"
[0m10:38:14.260762 [debug] [ThreadPool]: Acquiring new snowflake connection 'list_MEDICAL_DB_snapshots'
[0m10:38:14.260762 [debug] [ThreadPool]: Using snowflake connection "list_MEDICAL_DB_silver"
[0m10:38:14.260762 [debug] [ThreadPool]: On list_MEDICAL_DB_reference: show objects in MEDICAL_DB.reference
    limit 10000
    

/* {"app": "dbt", "dbt_version": "1.10.13", "profile_name": "medical_project", "target_name": "dev", "connection_name": "list_MEDICAL_DB_reference"} */;
[0m10:38:14.260762 [debug] [ThreadPool]: Using snowflake connection "list_MEDICAL_DB_snapshots"
[0m10:38:14.276294 [debug] [ThreadPool]: On list_MEDICAL_DB_silver: show objects in MEDICAL_DB.silver
    limit 10000
    

/* {"app": "dbt", "dbt_version": "1.10.13", "profile_name": "medical_project", "target_name": "dev", "connection_name": "list_MEDICAL_DB_silver"} */;
[0m10:38:14.277320 [debug] [ThreadPool]: Opening a new connection, currently in state init
[0m10:38:14.277320 [debug] [ThreadPool]: On list_MEDICAL_DB_snapshots: show objects in MEDICAL_DB.snapshots
    limit 10000
    

/* {"app": "dbt", "dbt_version": "1.10.13", "profile_name": "medical_project", "target_name": "dev", "connection_name": "list_MEDICAL_DB_snapshots"} */;
[0m10:38:14.279310 [debug] [ThreadPool]: Opening a new connection, currently in state init
[0m10:38:14.281299 [debug] [ThreadPool]: Opening a new connection, currently in state init
[0m10:38:17.443931 [debug] [ThreadPool]: SQL status: SUCCESS 5 in 3.174 seconds
[0m10:38:17.443931 [debug] [ThreadPool]: Re-using an available connection from the pool (formerly list_MEDICAL_DB_silver, now list_MEDICAL_DB_gold)
[0m10:38:17.462098 [debug] [ThreadPool]: Using snowflake connection "list_MEDICAL_DB_gold"
[0m10:38:17.463099 [debug] [ThreadPool]: On list_MEDICAL_DB_gold: show objects in MEDICAL_DB.gold
    limit 10000
    

/* {"app": "dbt", "dbt_version": "1.10.13", "profile_name": "medical_project", "target_name": "dev", "connection_name": "list_MEDICAL_DB_gold"} */;
[0m10:38:17.585053 [debug] [ThreadPool]: SQL status: SUCCESS 3 in 3.309 seconds
[0m10:38:17.585053 [debug] [ThreadPool]: SQL status: SUCCESS 7 in 0.126 seconds
[0m10:38:17.585053 [debug] [ThreadPool]: SQL status: SUCCESS 2 in 3.313 seconds
[0m10:38:17.585053 [debug] [ThreadPool]: Re-using an available connection from the pool (formerly list_MEDICAL_DB_reference, now list_MEDICAL_DB_bronze)
[0m10:38:17.600696 [debug] [ThreadPool]: Using snowflake connection "list_MEDICAL_DB_bronze"
[0m10:38:17.600696 [debug] [ThreadPool]: On list_MEDICAL_DB_bronze: show objects in MEDICAL_DB.bronze
    limit 10000
    

/* {"app": "dbt", "dbt_version": "1.10.13", "profile_name": "medical_project", "target_name": "dev", "connection_name": "list_MEDICAL_DB_bronze"} */;
[0m10:38:17.758411 [debug] [ThreadPool]: SQL status: SUCCESS 5 in 0.146 seconds
[0m10:38:17.758411 [debug] [MainThread]: Sending event: {'category': 'dbt', 'action': 'runnable_timing', 'label': '6f8acd78-335b-4b2f-affc-df45076778f6', 'context': [<snowplow_tracker.self_describing_json.SelfDescribingJson object at 0x000001861867D2B0>]}
[0m10:38:17.774058 [debug] [Thread-1 (]: Began running node model.medical_project.bronze_appointments
[0m10:38:17.774058 [debug] [Thread-2 (]: Began running node model.medical_project.bronze_billing
[0m10:38:17.774058 [debug] [Thread-3 (]: Began running node model.medical_project.bronze_doctors
[0m10:38:17.774058 [info ] [Thread-1 (]: 1 of 17 START sql table model bronze.bronze_appointments ....................... [RUN]
[0m10:38:17.774058 [info ] [Thread-2 (]: 2 of 17 START sql table model bronze.bronze_billing ............................ [RUN]
[0m10:38:17.774058 [info ] [Thread-3 (]: 3 of 17 START sql table model bronze.bronze_doctors ............................ [RUN]
[0m10:38:17.774058 [debug] [Thread-1 (]: Acquiring new snowflake connection 'model.medical_project.bronze_appointments'
[0m10:38:17.774058 [debug] [Thread-2 (]: Acquiring new snowflake connection 'model.medical_project.bronze_billing'
[0m10:38:17.789669 [debug] [Thread-3 (]: Acquiring new snowflake connection 'model.medical_project.bronze_doctors'
[0m10:38:17.791040 [debug] [Thread-1 (]: Began compiling node model.medical_project.bronze_appointments
[0m10:38:17.792414 [debug] [Thread-2 (]: Began compiling node model.medical_project.bronze_billing
[0m10:38:17.794035 [debug] [Thread-3 (]: Began compiling node model.medical_project.bronze_doctors
[0m10:38:17.809815 [debug] [Thread-1 (]: Writing injected SQL for node "model.medical_project.bronze_appointments"
[0m10:38:17.809815 [debug] [Thread-2 (]: Writing injected SQL for node "model.medical_project.bronze_billing"
[0m10:38:17.809815 [debug] [Thread-3 (]: Writing injected SQL for node "model.medical_project.bronze_doctors"
[0m10:38:17.825776 [debug] [Thread-1 (]: Began executing node model.medical_project.bronze_appointments
[0m10:38:17.859224 [debug] [Thread-2 (]: Began executing node model.medical_project.bronze_billing
[0m10:38:17.874219 [debug] [Thread-3 (]: Began executing node model.medical_project.bronze_doctors
[0m10:38:17.884933 [debug] [Thread-1 (]: Writing runtime sql for node "model.medical_project.bronze_appointments"
[0m10:38:17.890934 [debug] [Thread-2 (]: Writing runtime sql for node "model.medical_project.bronze_billing"
[0m10:38:17.892981 [debug] [Thread-3 (]: Writing runtime sql for node "model.medical_project.bronze_doctors"
[0m10:38:17.892981 [debug] [Thread-1 (]: Using snowflake connection "model.medical_project.bronze_appointments"
[0m10:38:17.892981 [debug] [Thread-1 (]: On model.medical_project.bronze_appointments: create or replace transient table MEDICAL_DB.bronze.bronze_appointments
    
    
    
    as (

SELECT
  appointment_id,
  patient_id,
  doctor_id,
  appointment_date,
  appointment_type,
  status,
  duration_minutes,
  notes,
  created_at,
  created_at AS updated_at,
  CURRENT_TIMESTAMP() AS dbt_loaded_at,
  '6f8acd78-335b-4b2f-affc-df45076778f6' AS dbt_batch_id
FROM MEDICAL_DB.RAW.appointments
WHERE appointment_id IS NOT NULL
    )

/* {"app": "dbt", "dbt_version": "1.10.13", "profile_name": "medical_project", "target_name": "dev", "node_id": "model.medical_project.bronze_appointments"} */;
[0m10:38:17.892981 [debug] [Thread-2 (]: Using snowflake connection "model.medical_project.bronze_billing"
[0m10:38:17.892981 [debug] [Thread-1 (]: Opening a new connection, currently in state init
[0m10:38:17.892981 [debug] [Thread-3 (]: Using snowflake connection "model.medical_project.bronze_doctors"
[0m10:38:17.892981 [debug] [Thread-2 (]: On model.medical_project.bronze_billing: create or replace transient table MEDICAL_DB.bronze.bronze_billing
    
    
    
    as (

SELECT
  billing_id,
  appointment_id,
  patient_id,
  total_amount,
  insurance_paid,
  patient_paid,
  billing_date,
  payment_status,
  insurance_claim_number,
  created_at,
  created_at AS updated_at,
  CURRENT_TIMESTAMP() AS dbt_loaded_at,
  '6f8acd78-335b-4b2f-affc-df45076778f6' AS dbt_batch_id
FROM MEDICAL_DB.RAW.billing
WHERE billing_id IS NOT NULL
    )

/* {"app": "dbt", "dbt_version": "1.10.13", "profile_name": "medical_project", "target_name": "dev", "node_id": "model.medical_project.bronze_billing"} */;
[0m10:38:17.892981 [debug] [Thread-3 (]: On model.medical_project.bronze_doctors: create or replace transient table MEDICAL_DB.bronze.bronze_doctors
    
    
    
    as (

SELECT
  doctor_id,
  doctor_name,
  specialty,
  department_id,
  phone,
  email,
  license_number,
  years_experience,
  is_active,
  hired_date,
  CURRENT_TIMESTAMP() AS dbt_loaded_at,
  '6f8acd78-335b-4b2f-affc-df45076778f6' AS dbt_batch_id
FROM MEDICAL_DB.RAW.doctors
WHERE doctor_id IS NOT NULL
    )

/* {"app": "dbt", "dbt_version": "1.10.13", "profile_name": "medical_project", "target_name": "dev", "node_id": "model.medical_project.bronze_doctors"} */;
[0m10:38:17.908624 [debug] [Thread-2 (]: Opening a new connection, currently in state init
[0m10:38:17.908624 [debug] [Thread-3 (]: Opening a new connection, currently in state init
[0m10:38:21.049945 [debug] [Thread-1 (]: SQL status: SUCCESS 1 in 3.155 seconds
[0m10:38:21.096377 [debug] [Thread-2 (]: SQL status: SUCCESS 1 in 3.194 seconds
[0m10:38:21.096377 [debug] [Thread-1 (]: Sending event: {'category': 'dbt', 'action': 'run_model', 'label': '6f8acd78-335b-4b2f-affc-df45076778f6', 'context': [<snowplow_tracker.self_describing_json.SelfDescribingJson object at 0x00000186156DD820>]}
[0m10:38:21.096377 [debug] [Thread-2 (]: Sending event: {'category': 'dbt', 'action': 'run_model', 'label': '6f8acd78-335b-4b2f-affc-df45076778f6', 'context': [<snowplow_tracker.self_describing_json.SelfDescribingJson object at 0x00000186190A1310>]}
[0m10:38:21.096377 [info ] [Thread-1 (]: 1 of 17 OK created sql table model bronze.bronze_appointments .................. [[32mSUCCESS 1[0m in 3.32s]
[0m10:38:21.112156 [debug] [Thread-1 (]: Finished running node model.medical_project.bronze_appointments
[0m10:38:21.096377 [info ] [Thread-2 (]: 2 of 17 OK created sql table model bronze.bronze_billing ....................... [[32mSUCCESS 1[0m in 3.32s]
[0m10:38:21.112156 [debug] [Thread-1 (]: Began running node model.medical_project.bronze_medical_records
[0m10:38:21.112156 [debug] [Thread-2 (]: Finished running node model.medical_project.bronze_billing
[0m10:38:21.112156 [debug] [Thread-2 (]: Began running node model.medical_project.bronze_patients
[0m10:38:21.112156 [info ] [Thread-1 (]: 4 of 17 START sql table model bronze.bronze_medical_records .................... [RUN]
[0m10:38:21.119200 [info ] [Thread-2 (]: 5 of 17 START sql table model bronze.bronze_patients ........................... [RUN]
[0m10:38:21.121024 [debug] [Thread-1 (]: Re-using an available connection from the pool (formerly model.medical_project.bronze_appointments, now model.medical_project.bronze_medical_records)
[0m10:38:21.122004 [debug] [Thread-2 (]: Re-using an available connection from the pool (formerly model.medical_project.bronze_billing, now model.medical_project.bronze_patients)
[0m10:38:21.123945 [debug] [Thread-1 (]: Began compiling node model.medical_project.bronze_medical_records
[0m10:38:21.125121 [debug] [Thread-2 (]: Began compiling node model.medical_project.bronze_patients
[0m10:38:21.128111 [debug] [Thread-1 (]: Writing injected SQL for node "model.medical_project.bronze_medical_records"
[0m10:38:21.128111 [debug] [Thread-2 (]: Writing injected SQL for node "model.medical_project.bronze_patients"
[0m10:38:21.141900 [debug] [Thread-1 (]: Began executing node model.medical_project.bronze_medical_records
[0m10:38:21.143132 [debug] [Thread-1 (]: Writing runtime sql for node "model.medical_project.bronze_medical_records"
[0m10:38:21.143132 [debug] [Thread-2 (]: Began executing node model.medical_project.bronze_patients
[0m10:38:21.143132 [debug] [Thread-2 (]: Writing runtime sql for node "model.medical_project.bronze_patients"
[0m10:38:21.143132 [debug] [Thread-1 (]: Using snowflake connection "model.medical_project.bronze_medical_records"
[0m10:38:21.143132 [debug] [Thread-1 (]: On model.medical_project.bronze_medical_records: create or replace transient table MEDICAL_DB.bronze.bronze_medical_records
    
    
    
    as (

SELECT
  record_id,
  appointment_id,
  patient_id,
  diagnosis,
  treatment_plan,
  prescription,
  follow_up_required,
  severity,
  created_at,
  created_at AS updated_at,
  CURRENT_TIMESTAMP() AS dbt_loaded_at,
  '6f8acd78-335b-4b2f-affc-df45076778f6' AS dbt_batch_id
FROM MEDICAL_DB.RAW.medical_records
WHERE record_id IS NOT NULL
    )

/* {"app": "dbt", "dbt_version": "1.10.13", "profile_name": "medical_project", "target_name": "dev", "node_id": "model.medical_project.bronze_medical_records"} */;
[0m10:38:21.159208 [debug] [Thread-2 (]: Using snowflake connection "model.medical_project.bronze_patients"
[0m10:38:21.159208 [debug] [Thread-2 (]: On model.medical_project.bronze_patients: create or replace transient table MEDICAL_DB.bronze.bronze_patients
    
    
    
    as (

SELECT
  patient_id,
  first_name,
  last_name,
  date_of_birth,
  gender,
  blood_type,
  phone,
  email,
  address,
  city,
  state,
  zip_code,
  insurance_type,
  emergency_contact,
  created_at,
  created_at AS updated_at,
  CURRENT_TIMESTAMP() AS dbt_loaded_at,
  '6f8acd78-335b-4b2f-affc-df45076778f6' AS dbt_batch_id
FROM MEDICAL_DB.RAW.patients
WHERE patient_id IS NOT NULL
    )

/* {"app": "dbt", "dbt_version": "1.10.13", "profile_name": "medical_project", "target_name": "dev", "node_id": "model.medical_project.bronze_patients"} */;
[0m10:38:21.396376 [debug] [Thread-3 (]: SQL status: SUCCESS 1 in 3.492 seconds
[0m10:38:21.396376 [debug] [Thread-3 (]: Sending event: {'category': 'dbt', 'action': 'run_model', 'label': '6f8acd78-335b-4b2f-affc-df45076778f6', 'context': [<snowplow_tracker.self_describing_json.SelfDescribingJson object at 0x00000186190A0380>]}
[0m10:38:21.396376 [info ] [Thread-3 (]: 3 of 17 OK created sql table model bronze.bronze_doctors ....................... [[32mSUCCESS 1[0m in 3.62s]
[0m10:38:21.411496 [debug] [Thread-3 (]: Finished running node model.medical_project.bronze_doctors
[0m10:38:21.411496 [debug] [Thread-3 (]: Began running node model.medical_project.silver_appointments
[0m10:38:21.411496 [info ] [Thread-3 (]: 6 of 17 START sql table model silver.silver_appointments ....................... [RUN]
[0m10:38:21.411496 [debug] [Thread-3 (]: Re-using an available connection from the pool (formerly model.medical_project.bronze_doctors, now model.medical_project.silver_appointments)
[0m10:38:21.417207 [debug] [Thread-3 (]: Began compiling node model.medical_project.silver_appointments
[0m10:38:21.423212 [debug] [Thread-3 (]: Writing injected SQL for node "model.medical_project.silver_appointments"
[0m10:38:21.425308 [debug] [Thread-3 (]: Began executing node model.medical_project.silver_appointments
[0m10:38:21.426670 [debug] [Thread-3 (]: Writing runtime sql for node "model.medical_project.silver_appointments"
[0m10:38:21.426670 [debug] [Thread-3 (]: Using snowflake connection "model.medical_project.silver_appointments"
[0m10:38:21.426670 [debug] [Thread-3 (]: On model.medical_project.silver_appointments: create or replace transient table MEDICAL_DB.silver.silver_appointments
    
    
    
    as (

SELECT
  appointment_id,
  patient_id,
  doctor_id,
  appointment_date,
  DATE(appointment_date) AS appointment_date_only,
  TIME(appointment_date) AS appointment_time,
  EXTRACT(HOUR FROM appointment_date) AS appointment_hour,
  DAYNAME(appointment_date) AS day_of_week,
  CASE WHEN DAYNAME(appointment_date) IN ('Saturday','Sunday') THEN 'Weekend' ELSE 'Weekday' END AS day_type,
  CASE 
    WHEN EXTRACT(HOUR FROM appointment_date) BETWEEN 6 AND 11 THEN 'Morning'
    WHEN EXTRACT(HOUR FROM appointment_date) BETWEEN 12 AND 17 THEN 'Afternoon'
    WHEN EXTRACT(HOUR FROM appointment_date) BETWEEN 18 AND 21 THEN 'Evening'
    ELSE 'After Hours' END AS time_slot,
  appointment_type,
  status,
  CASE WHEN status = 'Completed' THEN 1 ELSE 0 END AS is_completed,
  CASE WHEN status = 'No-Show' THEN 1 ELSE 0 END AS is_no_show,
  CASE WHEN status = 'Cancelled' THEN 1 ELSE 0 END AS is_cancelled,
  duration_minutes,
  CASE 
    WHEN duration_minutes <= 15 THEN 'Short'
    WHEN duration_minutes <= 45 THEN 'Standard'
    ELSE 'Extended' END AS duration_category,
  notes,
  created_at,
  updated_at,
  dbt_loaded_at,
  dbt_batch_id
FROM MEDICAL_DB.bronze.bronze_appointments
WHERE appointment_id IS NOT NULL
    )

/* {"app": "dbt", "dbt_version": "1.10.13", "profile_name": "medical_project", "target_name": "dev", "node_id": "model.medical_project.silver_appointments"} */;
[0m10:38:21.620294 [debug] [Thread-2 (]: SQL status: SUCCESS 1 in 0.470 seconds
[0m10:38:21.635353 [debug] [Thread-2 (]: Sending event: {'category': 'dbt', 'action': 'run_model', 'label': '6f8acd78-335b-4b2f-affc-df45076778f6', 'context': [<snowplow_tracker.self_describing_json.SelfDescribingJson object at 0x00000186197FD400>]}
[0m10:38:21.635353 [info ] [Thread-2 (]: 5 of 17 OK created sql table model bronze.bronze_patients ...................... [[32mSUCCESS 1[0m in 0.51s]
[0m10:38:21.635353 [debug] [Thread-2 (]: Finished running node model.medical_project.bronze_patients
[0m10:38:21.635353 [debug] [Thread-2 (]: Began running node model.medical_project.silver_billing
[0m10:38:21.635353 [info ] [Thread-2 (]: 7 of 17 START sql table model silver.silver_billing ............................ [RUN]
[0m10:38:21.635353 [debug] [Thread-2 (]: Re-using an available connection from the pool (formerly model.medical_project.bronze_patients, now model.medical_project.silver_billing)
[0m10:38:21.635353 [debug] [Thread-2 (]: Began compiling node model.medical_project.silver_billing
[0m10:38:21.652755 [debug] [Thread-2 (]: Writing injected SQL for node "model.medical_project.silver_billing"
[0m10:38:21.655480 [debug] [Thread-2 (]: Began executing node model.medical_project.silver_billing
[0m10:38:21.659437 [debug] [Thread-2 (]: Writing runtime sql for node "model.medical_project.silver_billing"
[0m10:38:21.659437 [debug] [Thread-2 (]: Using snowflake connection "model.medical_project.silver_billing"
[0m10:38:21.659437 [debug] [Thread-2 (]: On model.medical_project.silver_billing: create or replace transient table MEDICAL_DB.silver.silver_billing
    
    
    
    as (

SELECT
  billing_id,
  appointment_id,
  patient_id,
  total_amount,
  insurance_paid,
  patient_paid,
  ROUND((insurance_paid / NULLIF(total_amount, 0)) * 100, 2) AS insurance_coverage_percentage,
  CASE 
    WHEN total_amount >= 1000 THEN 'High Value'
    WHEN total_amount >= 500 THEN 'Medium Value'
    ELSE 'Low Value' END AS revenue_tier,
  CASE 
    WHEN (insurance_paid / NULLIF(total_amount, 0)) >= 0.9 THEN 'Excellent Coverage'
    WHEN (insurance_paid / NULLIF(total_amount, 0)) >= 0.7 THEN 'Good Coverage'
    WHEN (insurance_paid / NULLIF(total_amount, 0)) >= 0.5 THEN 'Fair Coverage'
    ELSE 'Poor Coverage' END AS coverage_quality,
  billing_date,
  DATEDIFF('day', billing_date, CURRENT_DATE()) AS days_since_billing,
  payment_status,
  CASE 
    WHEN payment_status = 'Paid' THEN 'Collected'
    WHEN payment_status = 'Pending' THEN 'Outstanding'
    WHEN payment_status = 'Denied' THEN 'Collection'
    ELSE 'Review' END AS collection_status,
  CASE WHEN payment_status != 'Paid' AND DATEDIFF('day', billing_date, CURRENT_DATE()) > 30 THEN 1 ELSE 0 END AS is_overdue,
  insurance_claim_number,
  created_at,
  updated_at,
  dbt_loaded_at,
  dbt_batch_id
FROM MEDICAL_DB.bronze.bronze_billing
WHERE billing_id IS NOT NULL
    )

/* {"app": "dbt", "dbt_version": "1.10.13", "profile_name": "medical_project", "target_name": "dev", "node_id": "model.medical_project.silver_billing"} */;
[0m10:38:21.693256 [debug] [Thread-1 (]: SQL status: SUCCESS 1 in 0.546 seconds
[0m10:38:21.693256 [debug] [Thread-1 (]: Sending event: {'category': 'dbt', 'action': 'run_model', 'label': '6f8acd78-335b-4b2f-affc-df45076778f6', 'context': [<snowplow_tracker.self_describing_json.SelfDescribingJson object at 0x00000186190802C0>]}
[0m10:38:21.708662 [info ] [Thread-1 (]: 4 of 17 OK created sql table model bronze.bronze_medical_records ............... [[32mSUCCESS 1[0m in 0.57s]
[0m10:38:21.709526 [debug] [Thread-1 (]: Finished running node model.medical_project.bronze_medical_records
[0m10:38:21.709526 [debug] [Thread-1 (]: Began running node model.medical_project.silver_doctors
[0m10:38:21.709526 [info ] [Thread-1 (]: 8 of 17 START sql table model silver.silver_doctors ............................ [RUN]
[0m10:38:21.709526 [debug] [Thread-1 (]: Re-using an available connection from the pool (formerly model.medical_project.bronze_medical_records, now model.medical_project.silver_doctors)
[0m10:38:21.709526 [debug] [Thread-1 (]: Began compiling node model.medical_project.silver_doctors
[0m10:38:21.709526 [debug] [Thread-1 (]: Writing injected SQL for node "model.medical_project.silver_doctors"
[0m10:38:21.709526 [debug] [Thread-1 (]: Began executing node model.medical_project.silver_doctors
[0m10:38:21.730247 [debug] [Thread-1 (]: Writing runtime sql for node "model.medical_project.silver_doctors"
[0m10:38:21.733632 [debug] [Thread-1 (]: Using snowflake connection "model.medical_project.silver_doctors"
[0m10:38:21.733632 [debug] [Thread-1 (]: On model.medical_project.silver_doctors: create or replace transient table MEDICAL_DB.silver.silver_doctors
    
    
    
    as (

WITH specialty_mapping AS (
  SELECT * FROM MEDICAL_DB.reference.medical_specialties
)
SELECT
  d.doctor_id,
  TRIM(d.doctor_name) AS doctor_name,
  TRIM(d.specialty) AS specialty,
  COALESCE(sm.specialty_category,'Other') AS specialty_category,
  d.department_id,
  d.phone,
  LOWER(TRIM(d.email)) AS email,
  d.license_number,
  d.years_experience,
  CASE 
    WHEN d.years_experience < 5 THEN 'Junior'
    WHEN d.years_experience BETWEEN 5 AND 15 THEN 'Mid-Level'
    WHEN d.years_experience BETWEEN 16 AND 25 THEN 'Senior'
    ELSE 'Expert' END AS experience_level,
  CASE 
    WHEN d.specialty IN ('Emergency Medicine','Surgery') THEN 'Critical Care'
    WHEN d.specialty IN ('Cardiology','Neurology','Oncology') THEN 'Specialty Care'
    WHEN d.specialty IN ('Internal Medicine','Pediatrics') THEN 'Primary Care'
    ELSE 'Other Care' END AS care_category,
  d.is_active,
  CASE WHEN d.is_active = 'Y' THEN TRUE ELSE FALSE END AS is_active_flag,
  d.hired_date,
  DATEDIFF('year', d.hired_date, CURRENT_DATE()) AS tenure_years,
  d.dbt_loaded_at,
  d.dbt_batch_id
FROM MEDICAL_DB.bronze.bronze_doctors d
LEFT JOIN specialty_mapping sm ON d.specialty = sm.specialty_name
WHERE d.doctor_id IS NOT NULL
    )

/* {"app": "dbt", "dbt_version": "1.10.13", "profile_name": "medical_project", "target_name": "dev", "node_id": "model.medical_project.silver_doctors"} */;
[0m10:38:21.965983 [debug] [Thread-3 (]: SQL status: SUCCESS 1 in 0.535 seconds
[0m10:38:21.965983 [debug] [Thread-3 (]: Sending event: {'category': 'dbt', 'action': 'run_model', 'label': '6f8acd78-335b-4b2f-affc-df45076778f6', 'context': [<snowplow_tracker.self_describing_json.SelfDescribingJson object at 0x00000186197DEEA0>]}
[0m10:38:21.965983 [info ] [Thread-3 (]: 6 of 17 OK created sql table model silver.silver_appointments .................. [[32mSUCCESS 1[0m in 0.55s]
[0m10:38:21.981067 [debug] [Thread-3 (]: Finished running node model.medical_project.silver_appointments
[0m10:38:21.981067 [debug] [Thread-3 (]: Began running node model.medical_project.silver_patients
[0m10:38:21.981067 [info ] [Thread-3 (]: 9 of 17 START sql table model silver.silver_patients ........................... [RUN]
[0m10:38:21.981067 [debug] [Thread-3 (]: Re-using an available connection from the pool (formerly model.medical_project.silver_appointments, now model.medical_project.silver_patients)
[0m10:38:21.989821 [debug] [Thread-3 (]: Began compiling node model.medical_project.silver_patients
[0m10:38:21.997878 [debug] [Thread-3 (]: Writing injected SQL for node "model.medical_project.silver_patients"
[0m10:38:21.997878 [debug] [Thread-3 (]: Began executing node model.medical_project.silver_patients
[0m10:38:22.008703 [debug] [Thread-3 (]: Writing runtime sql for node "model.medical_project.silver_patients"
[0m10:38:22.008703 [debug] [Thread-3 (]: Using snowflake connection "model.medical_project.silver_patients"
[0m10:38:22.008703 [debug] [Thread-3 (]: On model.medical_project.silver_patients: create or replace transient table MEDICAL_DB.silver.silver_patients
    
    
    
    as (

SELECT
  patient_id,
  TRIM(UPPER(first_name)) AS first_name,
  TRIM(UPPER(last_name)) AS last_name,
  TRIM(UPPER(first_name)) || ' ' || TRIM(UPPER(last_name)) AS full_name,
  date_of_birth,
  
  DATEDIFF('year', date_of_birth, CURRENT_DATE())
 AS age,
  
  CASE
    WHEN 
  DATEDIFF('year', date_of_birth, CURRENT_DATE())
 < 18 THEN 'Minor'
    WHEN 
  DATEDIFF('year', date_of_birth, CURRENT_DATE())
 BETWEEN 18 AND 39 THEN 'Young Adult'
    WHEN 
  DATEDIFF('year', date_of_birth, CURRENT_DATE())
 BETWEEN 40 AND 59 THEN 'Middle Age'
    WHEN 
  DATEDIFF('year', date_of_birth, CURRENT_DATE())
 BETWEEN 60 AND 79 THEN 'Senior'
    ELSE 'Elderly'
  END
 AS age_group,
  CASE WHEN 
  DATEDIFF('year', date_of_birth, CURRENT_DATE())
 >= 65 THEN 'Senior' ELSE 'Non-Senior' END AS senior_status,
  UPPER(gender) AS gender,
  blood_type,
  CASE 
    WHEN blood_type IN ('O+','O-') THEN 'Universal Donor'
    WHEN blood_type IN ('AB+','AB-') THEN 'Universal Recipient'
    ELSE 'Standard' END AS blood_type_category,
  phone,
  LOWER(TRIM(email)) AS email,
  address,
  TRIM(UPPER(city)) AS city,
  UPPER(state) AS state,
  zip_code,
  insurance_type,
  CASE 
    WHEN insurance_type IN ('Medicare','Medicaid') THEN 'Government'
    WHEN insurance_type = 'Private' THEN 'Commercial'
    ELSE 'Other' END AS insurance_category,
  emergency_contact,
  created_at,
  updated_at,
  dbt_loaded_at,
  dbt_batch_id
FROM MEDICAL_DB.bronze.bronze_patients
WHERE patient_id IS NOT NULL
    )

/* {"app": "dbt", "dbt_version": "1.10.13", "profile_name": "medical_project", "target_name": "dev", "node_id": "model.medical_project.silver_patients"} */;
[0m10:38:22.272500 [debug] [Thread-2 (]: SQL status: SUCCESS 1 in 0.611 seconds
[0m10:38:22.272500 [debug] [Thread-2 (]: Sending event: {'category': 'dbt', 'action': 'run_model', 'label': '6f8acd78-335b-4b2f-affc-df45076778f6', 'context': [<snowplow_tracker.self_describing_json.SelfDescribingJson object at 0x0000018619080170>]}
[0m10:38:22.272500 [info ] [Thread-2 (]: 7 of 17 OK created sql table model silver.silver_billing ....................... [[32mSUCCESS 1[0m in 0.64s]
[0m10:38:22.272500 [debug] [Thread-2 (]: Finished running node model.medical_project.silver_billing
[0m10:38:22.272500 [debug] [Thread-2 (]: Began running node model.medical_project.silver_medical_records
[0m10:38:22.288123 [info ] [Thread-2 (]: 10 of 17 START sql table model silver.silver_medical_records ................... [RUN]
[0m10:38:22.288123 [debug] [Thread-2 (]: Re-using an available connection from the pool (formerly model.medical_project.silver_billing, now model.medical_project.silver_medical_records)
[0m10:38:22.288123 [debug] [Thread-2 (]: Began compiling node model.medical_project.silver_medical_records
[0m10:38:22.288123 [debug] [Thread-2 (]: Writing injected SQL for node "model.medical_project.silver_medical_records"
[0m10:38:22.288123 [debug] [Thread-2 (]: Began executing node model.medical_project.silver_medical_records
[0m10:38:22.303733 [debug] [Thread-2 (]: Writing runtime sql for node "model.medical_project.silver_medical_records"
[0m10:38:22.308184 [debug] [Thread-2 (]: Using snowflake connection "model.medical_project.silver_medical_records"
[0m10:38:22.309288 [debug] [Thread-2 (]: On model.medical_project.silver_medical_records: create or replace transient table MEDICAL_DB.silver.silver_medical_records
    
    
    
    as (

WITH diagnosis_mapping AS (
  SELECT * FROM MEDICAL_DB.reference.diagnosis_codes
)
SELECT
  mr.record_id,
  mr.appointment_id,
  mr.patient_id,
  TRIM(mr.diagnosis) AS diagnosis,
  COALESCE(dm.diagnosis_category,'Other') AS diagnosis_category,
  COALESCE(dm.icd_10_code,'Unknown') AS icd_10_code,
  TRIM(mr.treatment_plan) AS treatment_plan,
  CASE 
    WHEN mr.treatment_plan = 'Medication' THEN 'Pharmacological'
    WHEN mr.treatment_plan IN ('Surgery','Procedure') THEN 'Surgical'
    WHEN mr.treatment_plan IN ('Physical Therapy','Counseling') THEN 'Therapeutic'
    ELSE 'Conservative' END AS treatment_category,
  mr.prescription,
  mr.follow_up_required,
  CASE WHEN mr.follow_up_required = 'Y' THEN 1 ELSE 0 END AS needs_follow_up,
  mr.severity,
  CASE 
    WHEN mr.severity = 'Low' THEN 1
    WHEN mr.severity = 'Medium' THEN 2
    WHEN mr.severity = 'High' THEN 3
    ELSE 0 END AS severity_score,
  mr.created_at,
  mr.updated_at,
  mr.dbt_loaded_at,
  mr.dbt_batch_id
FROM MEDICAL_DB.bronze.bronze_medical_records mr
LEFT JOIN diagnosis_mapping dm ON mr.diagnosis = dm.diagnosis_name
WHERE mr.record_id IS NOT NULL
    )

/* {"app": "dbt", "dbt_version": "1.10.13", "profile_name": "medical_project", "target_name": "dev", "node_id": "model.medical_project.silver_medical_records"} */;
[0m10:38:22.313450 [debug] [Thread-1 (]: SQL status: SUCCESS 1 in 0.581 seconds
[0m10:38:22.313450 [debug] [Thread-1 (]: Sending event: {'category': 'dbt', 'action': 'run_model', 'label': '6f8acd78-335b-4b2f-affc-df45076778f6', 'context': [<snowplow_tracker.self_describing_json.SelfDescribingJson object at 0x00000186197BA7B0>]}
[0m10:38:22.313450 [info ] [Thread-1 (]: 8 of 17 OK created sql table model silver.silver_doctors ....................... [[32mSUCCESS 1[0m in 0.60s]
[0m10:38:22.324794 [debug] [Thread-1 (]: Finished running node model.medical_project.silver_doctors
[0m10:38:22.325238 [debug] [Thread-1 (]: Began running node model.medical_project.dim_doctors
[0m10:38:22.325238 [info ] [Thread-1 (]: 11 of 17 START sql table model gold.dim_doctors ................................ [RUN]
[0m10:38:22.325238 [debug] [Thread-1 (]: Re-using an available connection from the pool (formerly model.medical_project.silver_doctors, now model.medical_project.dim_doctors)
[0m10:38:22.325238 [debug] [Thread-1 (]: Began compiling node model.medical_project.dim_doctors
[0m10:38:22.325238 [debug] [Thread-1 (]: Writing injected SQL for node "model.medical_project.dim_doctors"
[0m10:38:22.325238 [debug] [Thread-1 (]: Began executing node model.medical_project.dim_doctors
[0m10:38:22.343082 [debug] [Thread-1 (]: Writing runtime sql for node "model.medical_project.dim_doctors"
[0m10:38:22.343082 [debug] [Thread-1 (]: Using snowflake connection "model.medical_project.dim_doctors"
[0m10:38:22.343082 [debug] [Thread-1 (]: On model.medical_project.dim_doctors: create or replace transient table MEDICAL_DB.gold.dim_doctors
    
    
    
    as (

SELECT
  doctor_id,
  doctor_name,
  specialty,
  specialty_category,
  experience_level,
  care_category,
  years_experience,
  tenure_years,
  is_active_flag,
  hired_date,
  CURRENT_TIMESTAMP() AS last_updated
FROM MEDICAL_DB.silver.silver_doctors
    )

/* {"app": "dbt", "dbt_version": "1.10.13", "profile_name": "medical_project", "target_name": "dev", "node_id": "model.medical_project.dim_doctors"} */;
[0m10:38:22.604051 [debug] [Thread-3 (]: SQL status: SUCCESS 1 in 0.595 seconds
[0m10:38:22.604051 [debug] [Thread-3 (]: Sending event: {'category': 'dbt', 'action': 'run_model', 'label': '6f8acd78-335b-4b2f-affc-df45076778f6', 'context': [<snowplow_tracker.self_describing_json.SelfDescribingJson object at 0x000001861993BF20>]}
[0m10:38:22.604051 [info ] [Thread-3 (]: 9 of 17 OK created sql table model silver.silver_patients ...................... [[32mSUCCESS 1[0m in 0.62s]
[0m10:38:22.619418 [debug] [Thread-3 (]: Finished running node model.medical_project.silver_patients
[0m10:38:22.619418 [debug] [Thread-3 (]: Began running node model.medical_project.dim_patients
[0m10:38:22.619418 [info ] [Thread-3 (]: 12 of 17 START sql table model gold.dim_patients ............................... [RUN]
[0m10:38:22.619418 [debug] [Thread-3 (]: Re-using an available connection from the pool (formerly model.medical_project.silver_patients, now model.medical_project.dim_patients)
[0m10:38:22.627180 [debug] [Thread-3 (]: Began compiling node model.medical_project.dim_patients
[0m10:38:22.634255 [debug] [Thread-3 (]: Writing injected SQL for node "model.medical_project.dim_patients"
[0m10:38:22.634255 [debug] [Thread-3 (]: Began executing node model.medical_project.dim_patients
[0m10:38:22.642975 [debug] [Thread-3 (]: Writing runtime sql for node "model.medical_project.dim_patients"
[0m10:38:22.645953 [debug] [Thread-3 (]: Using snowflake connection "model.medical_project.dim_patients"
[0m10:38:22.646954 [debug] [Thread-3 (]: On model.medical_project.dim_patients: create or replace transient table MEDICAL_DB.gold.dim_patients
    
    
    
    as (

SELECT
  patient_id,
  first_name,
  last_name,
  full_name,
  date_of_birth,
  age,
  age_group,
  senior_status,
  gender,
  blood_type,
  blood_type_category,
  city,
  state,
  insurance_type,
  insurance_category,
  emergency_contact,
  created_at AS patient_since,
  DATEDIFF('day', created_at, CURRENT_DATE()) AS days_as_patient,
  CURRENT_TIMESTAMP() AS last_updated
FROM MEDICAL_DB.silver.silver_patients
    )

/* {"app": "dbt", "dbt_version": "1.10.13", "profile_name": "medical_project", "target_name": "dev", "node_id": "model.medical_project.dim_patients"} */;
[0m10:38:22.857949 [debug] [Thread-1 (]: SQL status: SUCCESS 1 in 0.513 seconds
[0m10:38:22.857949 [debug] [Thread-1 (]: Sending event: {'category': 'dbt', 'action': 'run_model', 'label': '6f8acd78-335b-4b2f-affc-df45076778f6', 'context': [<snowplow_tracker.self_describing_json.SelfDescribingJson object at 0x000001861994FD40>]}
[0m10:38:22.857949 [info ] [Thread-1 (]: 11 of 17 OK created sql table model gold.dim_doctors ........................... [[32mSUCCESS 1[0m in 0.53s]
[0m10:38:22.874820 [debug] [Thread-1 (]: Finished running node model.medical_project.dim_doctors
[0m10:38:22.898777 [debug] [Thread-2 (]: SQL status: SUCCESS 1 in 0.596 seconds
[0m10:38:22.908407 [debug] [Thread-2 (]: Sending event: {'category': 'dbt', 'action': 'run_model', 'label': '6f8acd78-335b-4b2f-affc-df45076778f6', 'context': [<snowplow_tracker.self_describing_json.SelfDescribingJson object at 0x0000018619982FC0>]}
[0m10:38:22.908407 [info ] [Thread-2 (]: 10 of 17 OK created sql table model silver.silver_medical_records .............. [[32mSUCCESS 1[0m in 0.62s]
[0m10:38:22.908407 [debug] [Thread-2 (]: Finished running node model.medical_project.silver_medical_records
[0m10:38:23.197450 [debug] [Thread-3 (]: SQL status: SUCCESS 1 in 0.553 seconds
[0m10:38:23.197450 [debug] [Thread-3 (]: Sending event: {'category': 'dbt', 'action': 'run_model', 'label': '6f8acd78-335b-4b2f-affc-df45076778f6', 'context': [<snowplow_tracker.self_describing_json.SelfDescribingJson object at 0x000001861939DBE0>]}
[0m10:38:23.197450 [info ] [Thread-3 (]: 12 of 17 OK created sql table model gold.dim_patients .......................... [[32mSUCCESS 1[0m in 0.58s]
[0m10:38:23.197450 [debug] [Thread-3 (]: Finished running node model.medical_project.dim_patients
[0m10:38:23.212619 [debug] [Thread-1 (]: Began running node model.medical_project.fact_appointments
[0m10:38:23.212619 [info ] [Thread-1 (]: 13 of 17 START sql table model gold.fact_appointments .......................... [RUN]
[0m10:38:23.212619 [debug] [Thread-1 (]: Re-using an available connection from the pool (formerly model.medical_project.dim_doctors, now model.medical_project.fact_appointments)
[0m10:38:23.217537 [debug] [Thread-1 (]: Began compiling node model.medical_project.fact_appointments
[0m10:38:23.224814 [debug] [Thread-1 (]: Writing injected SQL for node "model.medical_project.fact_appointments"
[0m10:38:23.225279 [debug] [Thread-1 (]: Began executing node model.medical_project.fact_appointments
[0m10:38:23.225279 [debug] [Thread-1 (]: Writing runtime sql for node "model.medical_project.fact_appointments"
[0m10:38:23.225279 [debug] [Thread-1 (]: Using snowflake connection "model.medical_project.fact_appointments"
[0m10:38:23.225279 [debug] [Thread-1 (]: On model.medical_project.fact_appointments: create or replace transient table MEDICAL_DB.gold.fact_appointments
    
    
    
    as (

SELECT 
  a.appointment_id,
  a.patient_id,
  a.doctor_id,
  a.appointment_date,
  a.appointment_date_only,
  a.day_of_week,
  a.day_type,
  a.time_slot,
  a.appointment_type,
  a.status,
  a.is_completed,
  a.is_no_show,
  a.is_cancelled,
  a.duration_minutes,
  a.duration_category,
  -- Patient context
  p.age_group AS patient_age_group,
  p.insurance_category AS patient_insurance_category,
  p.senior_status AS patient_senior_status,
  -- Doctor context
  d.specialty AS doctor_specialty,
  d.experience_level AS doctor_experience_level,
  d.care_category AS doctor_care_category,
  -- Business metrics (illustrative)
  CASE 
    WHEN a.appointment_type = 'Emergency' THEN 500
    WHEN a.appointment_type = 'Surgery' THEN 2000
    WHEN a.appointment_type = 'Consultation' THEN 200
    WHEN a.appointment_type = 'Follow-up' THEN 100
    WHEN a.appointment_type = 'Screening' THEN 150
    ELSE 175 END AS estimated_revenue,
  a.created_at,
  CURRENT_TIMESTAMP() AS last_updated
FROM MEDICAL_DB.silver.silver_appointments a
LEFT JOIN MEDICAL_DB.gold.dim_patients p ON a.patient_id = p.patient_id
LEFT JOIN MEDICAL_DB.gold.dim_doctors d ON a.doctor_id = d.doctor_id
    )

/* {"app": "dbt", "dbt_version": "1.10.13", "profile_name": "medical_project", "target_name": "dev", "node_id": "model.medical_project.fact_appointments"} */;
[0m10:38:23.982145 [debug] [Thread-1 (]: SQL status: SUCCESS 1 in 0.749 seconds
[0m10:38:23.982145 [debug] [Thread-1 (]: Sending event: {'category': 'dbt', 'action': 'run_model', 'label': '6f8acd78-335b-4b2f-affc-df45076778f6', 'context': [<snowplow_tracker.self_describing_json.SelfDescribingJson object at 0x000001861995E9F0>]}
[0m10:38:23.982145 [info ] [Thread-1 (]: 13 of 17 OK created sql table model gold.fact_appointments ..................... [[32mSUCCESS 1[0m in 0.77s]
[0m10:38:23.982145 [debug] [Thread-1 (]: Finished running node model.medical_project.fact_appointments
[0m10:38:23.997311 [debug] [Thread-3 (]: Began running node model.medical_project.fact_billing
[0m10:38:23.997311 [debug] [Thread-2 (]: Began running node model.medical_project.fact_medical_outcomes
[0m10:38:23.997311 [info ] [Thread-3 (]: 14 of 17 START sql table model gold.fact_billing ............................... [RUN]
[0m10:38:23.997311 [info ] [Thread-2 (]: 15 of 17 START sql table model gold.fact_medical_outcomes ...................... [RUN]
[0m10:38:24.004705 [debug] [Thread-3 (]: Re-using an available connection from the pool (formerly model.medical_project.dim_patients, now model.medical_project.fact_billing)
[0m10:38:24.005712 [debug] [Thread-2 (]: Re-using an available connection from the pool (formerly model.medical_project.silver_medical_records, now model.medical_project.fact_medical_outcomes)
[0m10:38:24.007466 [debug] [Thread-3 (]: Began compiling node model.medical_project.fact_billing
[0m10:38:24.008075 [debug] [Thread-2 (]: Began compiling node model.medical_project.fact_medical_outcomes
[0m10:38:24.012088 [debug] [Thread-3 (]: Writing injected SQL for node "model.medical_project.fact_billing"
[0m10:38:24.012088 [debug] [Thread-2 (]: Writing injected SQL for node "model.medical_project.fact_medical_outcomes"
[0m10:38:24.025761 [debug] [Thread-3 (]: Began executing node model.medical_project.fact_billing
[0m10:38:24.025761 [debug] [Thread-3 (]: Writing runtime sql for node "model.medical_project.fact_billing"
[0m10:38:24.025761 [debug] [Thread-2 (]: Began executing node model.medical_project.fact_medical_outcomes
[0m10:38:24.025761 [debug] [Thread-3 (]: Using snowflake connection "model.medical_project.fact_billing"
[0m10:38:24.041604 [debug] [Thread-2 (]: Writing runtime sql for node "model.medical_project.fact_medical_outcomes"
[0m10:38:24.042824 [debug] [Thread-3 (]: On model.medical_project.fact_billing: create or replace transient table MEDICAL_DB.gold.fact_billing
    
    
    
    as (

SELECT 
  b.billing_id,
  b.appointment_id,
  b.patient_id,
  b.total_amount,
  b.insurance_paid,
  b.patient_paid,
  b.insurance_coverage_percentage,
  b.revenue_tier,
  b.coverage_quality,
  b.payment_status,
  b.collection_status,
  b.is_overdue,
  b.days_since_billing,
  -- Appointment context
  a.appointment_date,
  a.appointment_type,
  a.time_slot,
  a.doctor_id,
  -- Patient context
  p.insurance_category AS patient_insurance_category,
  p.age_group AS patient_age_group,
  -- Doctor context
  d.specialty AS service_specialty,
  d.care_category AS service_care_category,
  b.created_at,
  CURRENT_TIMESTAMP() AS last_updated
FROM MEDICAL_DB.silver.silver_billing b
LEFT JOIN MEDICAL_DB.gold.fact_appointments a ON b.appointment_id = a.appointment_id
LEFT JOIN MEDICAL_DB.gold.dim_patients p ON b.patient_id = p.patient_id
LEFT JOIN MEDICAL_DB.gold.dim_doctors d ON a.doctor_id = d.doctor_id
    )

/* {"app": "dbt", "dbt_version": "1.10.13", "profile_name": "medical_project", "target_name": "dev", "node_id": "model.medical_project.fact_billing"} */;
[0m10:38:24.042824 [debug] [Thread-2 (]: Using snowflake connection "model.medical_project.fact_medical_outcomes"
[0m10:38:24.042824 [debug] [Thread-2 (]: On model.medical_project.fact_medical_outcomes: create or replace transient table MEDICAL_DB.gold.fact_medical_outcomes
    
    
    
    as (

SELECT 
  mr.record_id,
  mr.appointment_id,
  mr.patient_id,
  mr.diagnosis,
  mr.diagnosis_category,
  mr.treatment_plan,
  mr.treatment_category,
  mr.severity,
  mr.severity_score,
  mr.needs_follow_up,
  -- Appointment context
  a.appointment_date,
  a.appointment_type,
  a.doctor_id,
  -- Patient context
  p.age_group AS patient_age_group,
  p.senior_status AS patient_senior_status,
  -- Doctor context
  d.specialty AS treating_specialty,
  d.care_category AS treating_care_category,
  -- Risk assessment
  CASE 
    WHEN mr.severity = 'High' AND p.age >= 65 THEN 'Critical Risk'
    WHEN mr.severity = 'High' OR p.age >= 75 THEN 'High Risk'
    WHEN mr.severity = 'Medium' AND p.age >= 50 THEN 'Moderate Risk'
    ELSE 'Low Risk' END AS patient_risk_level,
  mr.created_at,
  CURRENT_TIMESTAMP() AS last_updated
FROM MEDICAL_DB.silver.silver_medical_records mr
LEFT JOIN MEDICAL_DB.gold.fact_appointments a ON mr.appointment_id = a.appointment_id
LEFT JOIN MEDICAL_DB.gold.dim_patients p ON mr.patient_id = p.patient_id
LEFT JOIN MEDICAL_DB.gold.dim_doctors d ON a.doctor_id = d.doctor_id
    )

/* {"app": "dbt", "dbt_version": "1.10.13", "profile_name": "medical_project", "target_name": "dev", "node_id": "model.medical_project.fact_medical_outcomes"} */;
[0m10:38:25.625542 [debug] [Thread-2 (]: SQL status: SUCCESS 1 in 1.586 seconds
[0m10:38:25.641971 [debug] [Thread-2 (]: Sending event: {'category': 'dbt', 'action': 'run_model', 'label': '6f8acd78-335b-4b2f-affc-df45076778f6', 'context': [<snowplow_tracker.self_describing_json.SelfDescribingJson object at 0x00000186197ED610>]}
[0m10:38:25.641971 [info ] [Thread-2 (]: 15 of 17 OK created sql table model gold.fact_medical_outcomes ................. [[32mSUCCESS 1[0m in 1.64s]
[0m10:38:25.641971 [debug] [Thread-2 (]: Finished running node model.medical_project.fact_medical_outcomes
[0m10:38:25.641971 [debug] [Thread-3 (]: SQL status: SUCCESS 1 in 1.602 seconds
[0m10:38:25.641971 [debug] [Thread-3 (]: Sending event: {'category': 'dbt', 'action': 'run_model', 'label': '6f8acd78-335b-4b2f-affc-df45076778f6', 'context': [<snowplow_tracker.self_describing_json.SelfDescribingJson object at 0x00000186198F7650>]}
[0m10:38:25.641971 [info ] [Thread-3 (]: 14 of 17 OK created sql table model gold.fact_billing .......................... [[32mSUCCESS 1[0m in 1.64s]
[0m10:38:25.641971 [debug] [Thread-3 (]: Finished running node model.medical_project.fact_billing
[0m10:38:25.641971 [debug] [Thread-1 (]: Began running node model.medical_project.kpi_dashboard
[0m10:38:25.657770 [debug] [Thread-2 (]: Began running node model.medical_project.patient_summary
[0m10:38:25.659774 [info ] [Thread-1 (]: 16 of 17 START sql table model gold.kpi_dashboard .............................. [RUN]
[0m10:38:25.660780 [info ] [Thread-2 (]: 17 of 17 START sql table model gold.patient_summary ............................ [RUN]
[0m10:38:25.662784 [debug] [Thread-1 (]: Re-using an available connection from the pool (formerly model.medical_project.fact_appointments, now model.medical_project.kpi_dashboard)
[0m10:38:25.664778 [debug] [Thread-2 (]: Re-using an available connection from the pool (formerly model.medical_project.fact_medical_outcomes, now model.medical_project.patient_summary)
[0m10:38:25.665776 [debug] [Thread-1 (]: Began compiling node model.medical_project.kpi_dashboard
[0m10:38:25.666773 [debug] [Thread-2 (]: Began compiling node model.medical_project.patient_summary
[0m10:38:25.675381 [debug] [Thread-1 (]: Writing injected SQL for node "model.medical_project.kpi_dashboard"
[0m10:38:25.682458 [debug] [Thread-2 (]: Writing injected SQL for node "model.medical_project.patient_summary"
[0m10:38:25.682458 [debug] [Thread-1 (]: Began executing node model.medical_project.kpi_dashboard
[0m10:38:25.691024 [debug] [Thread-2 (]: Began executing node model.medical_project.patient_summary
[0m10:38:25.789130 [debug] [Thread-1 (]: Writing runtime sql for node "model.medical_project.kpi_dashboard"
[0m10:38:25.805228 [debug] [Thread-2 (]: Writing runtime sql for node "model.medical_project.patient_summary"
[0m10:38:25.805228 [debug] [Thread-1 (]: Using snowflake connection "model.medical_project.kpi_dashboard"
[0m10:38:25.805228 [debug] [Thread-1 (]: On model.medical_project.kpi_dashboard: create or replace transient table MEDICAL_DB.gold.kpi_dashboard
    
    
    
    as (

WITH appt AS (
  SELECT 
    COUNT(*) AS total_appointments,
    SUM(CASE WHEN is_completed = 1 THEN 1 ELSE 0 END) AS completed_appointments,
    SUM(CASE WHEN is_no_show = 1 THEN 1 ELSE 0 END) AS no_shows
  FROM MEDICAL_DB.gold.fact_appointments
),
rev AS (
  SELECT 
    SUM(total_amount) AS total_revenue,
    SUM(patient_paid) AS total_patient_paid,
    SUM(insurance_paid) AS total_insurance_paid
  FROM MEDICAL_DB.gold.fact_billing
)
SELECT 
  a.total_appointments,
  a.completed_appointments,
  a.no_shows,
  ROUND(a.no_shows * 100.0 / NULLIF(a.total_appointments, 0), 2) AS no_show_rate_pct,
  r.total_revenue,
  r.total_patient_paid,
  r.total_insurance_paid,
  CURRENT_DATE() AS kpi_as_of_date
FROM appt a CROSS JOIN rev r
    )

/* {"app": "dbt", "dbt_version": "1.10.13", "profile_name": "medical_project", "target_name": "dev", "node_id": "model.medical_project.kpi_dashboard"} */;
[0m10:38:25.805228 [debug] [Thread-2 (]: Using snowflake connection "model.medical_project.patient_summary"
[0m10:38:25.820353 [debug] [Thread-2 (]: On model.medical_project.patient_summary: create or replace transient table MEDICAL_DB.gold.patient_summary
    
    
    
    as (

WITH agg AS (
  SELECT 
    p.patient_id,
    COUNT(DISTINCT a.appointment_id) AS total_appointments,
    COUNT(DISTINCT CASE WHEN a.is_completed = 1 THEN a.appointment_id END) AS completed_appointments,
    COUNT(DISTINCT CASE WHEN a.is_no_show = 1 THEN a.appointment_id END) AS no_show_count,
    COUNT(DISTINCT mr.record_id) AS total_diagnoses,
    COUNT(DISTINCT mr.diagnosis) AS unique_diagnoses,
    COUNT(DISTINCT CASE WHEN mr.severity = 'High' THEN mr.record_id END) AS high_severity_cases,
    COUNT(DISTINCT CASE WHEN mr.needs_follow_up = 1 THEN mr.record_id END) AS follow_ups_needed,
    COALESCE(SUM(b.total_amount), 0) AS lifetime_revenue,
    COALESCE(SUM(b.patient_paid), 0) AS total_patient_payments,
    COALESCE(SUM(b.insurance_paid), 0) AS total_insurance_payments,
    COALESCE(AVG(b.insurance_coverage_percentage), 0) AS avg_insurance_coverage,
    MAX(a.appointment_date) AS last_visit_date,
    MIN(a.appointment_date) AS first_visit_date
  FROM MEDICAL_DB.gold.dim_patients p
  LEFT JOIN MEDICAL_DB.gold.fact_appointments a ON p.patient_id = a.patient_id
  LEFT JOIN MEDICAL_DB.silver.silver_medical_records mr ON p.patient_id = mr.patient_id
  LEFT JOIN MEDICAL_DB.gold.fact_billing b ON p.patient_id = b.patient_id
  GROUP BY 1
)
SELECT 
  p.patient_id,
  p.full_name,
  p.age,
  p.age_group,
  p.insurance_category,
  a.total_appointments,
  a.completed_appointments,
  a.no_show_count,
  ROUND(a.no_show_count * 100.0 / NULLIF(a.total_appointments, 0), 2) AS no_show_rate,
  a.total_diagnoses,
  a.unique_diagnoses,
  a.high_severity_cases,
  a.follow_ups_needed,
  a.lifetime_revenue,
  a.total_patient_payments,
  a.total_insurance_payments,
  a.avg_insurance_coverage,
  a.last_visit_date,
  a.first_visit_date,
  DATEDIFF('day', a.first_visit_date, a.last_visit_date) AS patient_journey_days,
  CURRENT_TIMESTAMP() AS last_updated
FROM MEDICAL_DB.gold.dim_patients p
LEFT JOIN agg a ON p.patient_id = a.patient_id
    )

/* {"app": "dbt", "dbt_version": "1.10.13", "profile_name": "medical_project", "target_name": "dev", "node_id": "model.medical_project.patient_summary"} */;
[0m10:38:26.538127 [debug] [Thread-1 (]: SQL status: SUCCESS 1 in 0.734 seconds
[0m10:38:26.553312 [debug] [Thread-1 (]: Sending event: {'category': 'dbt', 'action': 'run_model', 'label': '6f8acd78-335b-4b2f-affc-df45076778f6', 'context': [<snowplow_tracker.self_describing_json.SelfDescribingJson object at 0x00000186198FACF0>]}
[0m10:38:26.553312 [info ] [Thread-1 (]: 16 of 17 OK created sql table model gold.kpi_dashboard ......................... [[32mSUCCESS 1[0m in 0.88s]
[0m10:38:26.553312 [debug] [Thread-1 (]: Finished running node model.medical_project.kpi_dashboard
[0m10:38:26.750953 [debug] [Thread-2 (]: SQL status: SUCCESS 1 in 0.937 seconds
[0m10:38:26.750953 [debug] [Thread-2 (]: Sending event: {'category': 'dbt', 'action': 'run_model', 'label': '6f8acd78-335b-4b2f-affc-df45076778f6', 'context': [<snowplow_tracker.self_describing_json.SelfDescribingJson object at 0x00000186197BDBB0>]}
[0m10:38:26.766461 [info ] [Thread-2 (]: 17 of 17 OK created sql table model gold.patient_summary ....................... [[32mSUCCESS 1[0m in 1.09s]
[0m10:38:26.766461 [debug] [Thread-2 (]: Finished running node model.medical_project.patient_summary
[0m10:38:26.766461 [debug] [MainThread]: Connection 'master' was properly closed.
[0m10:38:26.766461 [debug] [MainThread]: Connection 'list_MEDICAL_DB' was left open.
[0m10:38:26.766461 [debug] [MainThread]: On list_MEDICAL_DB: Close
[0m10:38:26.967816 [debug] [MainThread]: Connection 'list_MEDICAL_DB' was left open.
[0m10:38:26.967816 [debug] [MainThread]: On list_MEDICAL_DB: Close
[0m10:38:27.164964 [debug] [MainThread]: Connection 'list_MEDICAL_DB' was left open.
[0m10:38:27.164964 [debug] [MainThread]: On list_MEDICAL_DB: Close
[0m10:38:27.368554 [debug] [MainThread]: Connection 'list_MEDICAL_DB_bronze' was left open.
[0m10:38:27.368554 [debug] [MainThread]: On list_MEDICAL_DB_bronze: Close
[0m10:38:27.557538 [debug] [MainThread]: Connection 'list_MEDICAL_DB_gold' was left open.
[0m10:38:27.557538 [debug] [MainThread]: On list_MEDICAL_DB_gold: Close
[0m10:38:27.728935 [debug] [MainThread]: Connection 'list_MEDICAL_DB_snapshots' was left open.
[0m10:38:27.728935 [debug] [MainThread]: On list_MEDICAL_DB_snapshots: Close
[0m10:38:27.931581 [debug] [MainThread]: Connection 'model.medical_project.kpi_dashboard' was left open.
[0m10:38:27.932585 [debug] [MainThread]: On model.medical_project.kpi_dashboard: Close
[0m10:38:28.120912 [debug] [MainThread]: Connection 'model.medical_project.patient_summary' was left open.
[0m10:38:28.120912 [debug] [MainThread]: On model.medical_project.patient_summary: Close
[0m10:38:28.320725 [debug] [MainThread]: Connection 'model.medical_project.fact_billing' was left open.
[0m10:38:28.320725 [debug] [MainThread]: On model.medical_project.fact_billing: Close
[0m10:38:28.523671 [info ] [MainThread]: 
[0m10:38:28.523671 [info ] [MainThread]: Finished running 17 table models in 0 hours 0 minutes and 18.07 seconds (18.07s).
[0m10:38:28.539252 [debug] [MainThread]: Command end result
[0m10:38:28.597817 [debug] [MainThread]: Wrote artifact WritableManifest to C:\Medical_Analytics\Medical_Analytics\target\manifest.json
[0m10:38:28.602810 [debug] [MainThread]: Wrote artifact SemanticManifest to C:\Medical_Analytics\Medical_Analytics\target\semantic_manifest.json
[0m10:38:28.612874 [debug] [MainThread]: Wrote artifact RunExecutionResult to C:\Medical_Analytics\Medical_Analytics\target\run_results.json
[0m10:38:28.613865 [info ] [MainThread]: 
[0m10:38:28.615854 [info ] [MainThread]: [32mCompleted successfully[0m
[0m10:38:28.616858 [info ] [MainThread]: 
[0m10:38:28.617850 [info ] [MainThread]: Done. PASS=17 WARN=0 ERROR=0 SKIP=0 NO-OP=0 TOTAL=17
[0m10:38:28.619855 [debug] [MainThread]: Command `dbt run` succeeded at 10:38:28.618863 after 20.93 seconds
[0m10:38:28.619855 [debug] [MainThread]: Sending event: {'category': 'dbt', 'action': 'invocation', 'label': 'end', 'context': [<snowplow_tracker.self_describing_json.SelfDescribingJson object at 0x00000186157A0CE0>, <snowplow_tracker.self_describing_json.SelfDescribingJson object at 0x000001861863F770>, <snowplow_tracker.self_describing_json.SelfDescribingJson object at 0x000001861863F2F0>]}
[0m10:38:28.620866 [debug] [MainThread]: Flushing usage events
[0m10:38:30.818124 [debug] [MainThread]: An error was encountered while trying to flush usage events
[0m10:39:35.545301 [debug] [MainThread]: Sending event: {'category': 'dbt', 'action': 'invocation', 'label': 'start', 'context': [<snowplow_tracker.self_describing_json.SelfDescribingJson object at 0x000001B0E6209F40>, <snowplow_tracker.self_describing_json.SelfDescribingJson object at 0x000001B0E6D29220>, <snowplow_tracker.self_describing_json.SelfDescribingJson object at 0x000001B0E71EF860>]}


============================== 10:39:35.560902 | eaeae00e-f0b2-4521-a332-30d4a58a1c87 ==============================
[0m10:39:35.560902 [info ] [MainThread]: Running with dbt=1.10.13
[0m10:39:35.560902 [debug] [MainThread]: running dbt with arguments {'log_format': 'default', 'target_path': 'None', 'no_print': 'None', 'printer_width': '80', 'invocation_command': 'dbt snapshot', 'warn_error': 'None', 'log_path': 'C:\\Medical_Analytics\\Medical_Analytics\\logs', 'fail_fast': 'False', 'indirect_selection': 'eager', 'send_anonymous_usage_stats': 'True', 'static_parser': 'True', 'warn_error_options': 'WarnErrorOptionsV2(error=[], warn=[], silence=[])', 'partial_parse': 'True', 'use_experimental_parser': 'False', 'version_check': 'True', 'introspect': 'True', 'quiet': 'False', 'empty': 'False', 'log_cache_events': 'False', 'debug': 'False', 'profiles_dir': 'C:\\Users\\rkart\\.dbt', 'use_colors': 'True', 'cache_selected_only': 'False', 'write_json': 'True'}
[0m10:39:36.283729 [debug] [MainThread]: Sending event: {'category': 'dbt', 'action': 'project_id', 'label': 'eaeae00e-f0b2-4521-a332-30d4a58a1c87', 'context': [<snowplow_tracker.self_describing_json.SelfDescribingJson object at 0x000001B0E94351F0>]}
[0m10:39:36.366539 [debug] [MainThread]: Sending event: {'category': 'dbt', 'action': 'adapter_info', 'label': 'eaeae00e-f0b2-4521-a332-30d4a58a1c87', 'context': [<snowplow_tracker.self_describing_json.SelfDescribingJson object at 0x000001B0E6CE9BE0>]}
[0m10:39:36.366539 [info ] [MainThread]: Registered adapter: snowflake=1.10.2
[0m10:39:36.965866 [debug] [MainThread]: checksum: 9f0c81e2574b4ff463f3d16d080df83c6982fc0372c9feeacae0504ac9ea3ffe, vars: {}, profile: , target: , version: 1.10.13
[0m10:39:37.515209 [debug] [MainThread]: Partial parsing enabled: 0 files deleted, 0 files added, 0 files changed.
[0m10:39:37.515209 [debug] [MainThread]: Partial parsing enabled, no changes found, skipping parsing
[0m10:39:37.648490 [debug] [MainThread]: Sending event: {'category': 'dbt', 'action': 'load_project', 'label': 'eaeae00e-f0b2-4521-a332-30d4a58a1c87', 'context': [<snowplow_tracker.self_describing_json.SelfDescribingJson object at 0x000001B0E9561FD0>]}
[0m10:39:37.898096 [debug] [MainThread]: Wrote artifact WritableManifest to C:\Medical_Analytics\Medical_Analytics\target\manifest.json
[0m10:39:37.898096 [debug] [MainThread]: Wrote artifact SemanticManifest to C:\Medical_Analytics\Medical_Analytics\target\semantic_manifest.json
[0m10:39:37.960611 [debug] [MainThread]: Sending event: {'category': 'dbt', 'action': 'resource_counts', 'label': 'eaeae00e-f0b2-4521-a332-30d4a58a1c87', 'context': [<snowplow_tracker.self_describing_json.SelfDescribingJson object at 0x000001B0E97BFB30>]}
[0m10:39:37.960611 [info ] [MainThread]: Found 17 models, 2 snapshots, 24 data tests, 3 seeds, 5 sources, 498 macros
[0m10:39:37.960611 [debug] [MainThread]: Sending event: {'category': 'dbt', 'action': 'runnable_timing', 'label': 'eaeae00e-f0b2-4521-a332-30d4a58a1c87', 'context': [<snowplow_tracker.self_describing_json.SelfDescribingJson object at 0x000001B0E995C4D0>]}
[0m10:39:37.976255 [info ] [MainThread]: 
[0m10:39:37.976255 [info ] [MainThread]: Concurrency: 3 threads (target='dev')
[0m10:39:37.984560 [info ] [MainThread]: 
[0m10:39:37.986579 [debug] [MainThread]: Acquiring new snowflake connection 'master'
[0m10:39:37.992740 [debug] [ThreadPool]: Acquiring new snowflake connection 'list_MEDICAL_DB'
[0m10:39:38.147791 [debug] [ThreadPool]: Using snowflake connection "list_MEDICAL_DB"
[0m10:39:38.147791 [debug] [ThreadPool]: On list_MEDICAL_DB: show terse schemas in database MEDICAL_DB
    limit 10000
/* {"app": "dbt", "dbt_version": "1.10.13", "profile_name": "medical_project", "target_name": "dev", "connection_name": "list_MEDICAL_DB"} */
[0m10:39:38.147791 [debug] [ThreadPool]: Opening a new connection, currently in state init
[0m10:39:41.377713 [debug] [ThreadPool]: SQL status: SUCCESS 8 in 3.225 seconds
[0m10:39:41.377713 [debug] [ThreadPool]: Acquiring new snowflake connection 'list_MEDICAL_DB_silver'
[0m10:39:41.377713 [debug] [ThreadPool]: Acquiring new snowflake connection 'list_MEDICAL_DB_snapshots'
[0m10:39:41.408979 [debug] [ThreadPool]: Acquiring new snowflake connection 'list_MEDICAL_DB_gold'
[0m10:39:41.408979 [debug] [ThreadPool]: Using snowflake connection "list_MEDICAL_DB_silver"
[0m10:39:41.408979 [debug] [ThreadPool]: Using snowflake connection "list_MEDICAL_DB_snapshots"
[0m10:39:41.424604 [debug] [ThreadPool]: Using snowflake connection "list_MEDICAL_DB_gold"
[0m10:39:41.424604 [debug] [ThreadPool]: On list_MEDICAL_DB_silver: show objects in MEDICAL_DB.silver
    limit 10000
    

/* {"app": "dbt", "dbt_version": "1.10.13", "profile_name": "medical_project", "target_name": "dev", "connection_name": "list_MEDICAL_DB_silver"} */;
[0m10:39:41.424604 [debug] [ThreadPool]: On list_MEDICAL_DB_snapshots: show objects in MEDICAL_DB.snapshots
    limit 10000
    

/* {"app": "dbt", "dbt_version": "1.10.13", "profile_name": "medical_project", "target_name": "dev", "connection_name": "list_MEDICAL_DB_snapshots"} */;
[0m10:39:41.424604 [debug] [ThreadPool]: On list_MEDICAL_DB_gold: show objects in MEDICAL_DB.gold
    limit 10000
    

/* {"app": "dbt", "dbt_version": "1.10.13", "profile_name": "medical_project", "target_name": "dev", "connection_name": "list_MEDICAL_DB_gold"} */;
[0m10:39:41.424604 [debug] [ThreadPool]: Opening a new connection, currently in state init
[0m10:39:41.424604 [debug] [ThreadPool]: Opening a new connection, currently in state init
[0m10:39:41.424604 [debug] [ThreadPool]: Opening a new connection, currently in state init
[0m10:39:44.105223 [debug] [ThreadPool]: SQL status: SUCCESS 5 in 2.675 seconds
[0m10:39:44.105223 [debug] [ThreadPool]: Re-using an available connection from the pool (formerly list_MEDICAL_DB_silver, now list_MEDICAL_DB_reference)
[0m10:39:44.120832 [debug] [ThreadPool]: Using snowflake connection "list_MEDICAL_DB_reference"
[0m10:39:44.120832 [debug] [ThreadPool]: On list_MEDICAL_DB_reference: show objects in MEDICAL_DB.reference
    limit 10000
    

/* {"app": "dbt", "dbt_version": "1.10.13", "profile_name": "medical_project", "target_name": "dev", "connection_name": "list_MEDICAL_DB_reference"} */;
[0m10:39:44.255593 [debug] [ThreadPool]: SQL status: SUCCESS 2 in 2.820 seconds
[0m10:39:44.258596 [debug] [ThreadPool]: Re-using an available connection from the pool (formerly list_MEDICAL_DB_snapshots, now list_MEDICAL_DB_bronze)
[0m10:39:44.261598 [debug] [ThreadPool]: SQL status: SUCCESS 7 in 2.825 seconds
[0m10:39:44.264570 [debug] [ThreadPool]: Using snowflake connection "list_MEDICAL_DB_bronze"
[0m10:39:44.264570 [debug] [ThreadPool]: SQL status: SUCCESS 3 in 0.140 seconds
[0m10:39:44.264570 [debug] [ThreadPool]: On list_MEDICAL_DB_bronze: show objects in MEDICAL_DB.bronze
    limit 10000
    

/* {"app": "dbt", "dbt_version": "1.10.13", "profile_name": "medical_project", "target_name": "dev", "connection_name": "list_MEDICAL_DB_bronze"} */;
[0m10:39:44.405200 [debug] [ThreadPool]: SQL status: SUCCESS 5 in 0.126 seconds
[0m10:39:44.405200 [debug] [MainThread]: Sending event: {'category': 'dbt', 'action': 'runnable_timing', 'label': 'eaeae00e-f0b2-4521-a332-30d4a58a1c87', 'context': [<snowplow_tracker.self_describing_json.SelfDescribingJson object at 0x000001B0E93EB4D0>]}
[0m10:39:44.405200 [debug] [Thread-1 (]: Began running node snapshot.medical_project.doctors_snapshot
[0m10:39:44.420823 [debug] [Thread-2 (]: Began running node snapshot.medical_project.patients_snapshot
[0m10:39:44.420823 [info ] [Thread-1 (]: 1 of 2 START snapshot snapshots.doctors_snapshot ............................... [RUN]
[0m10:39:44.420823 [info ] [Thread-2 (]: 2 of 2 START snapshot snapshots.patients_snapshot .............................. [RUN]
[0m10:39:44.420823 [debug] [Thread-1 (]: Acquiring new snowflake connection 'snapshot.medical_project.doctors_snapshot'
[0m10:39:44.420823 [debug] [Thread-2 (]: Acquiring new snowflake connection 'snapshot.medical_project.patients_snapshot'
[0m10:39:44.420823 [debug] [Thread-1 (]: Began compiling node snapshot.medical_project.doctors_snapshot
[0m10:39:44.420823 [debug] [Thread-2 (]: Began compiling node snapshot.medical_project.patients_snapshot
[0m10:39:44.442906 [debug] [Thread-1 (]: Began executing node snapshot.medical_project.doctors_snapshot
[0m10:39:44.446527 [debug] [Thread-2 (]: Began executing node snapshot.medical_project.patients_snapshot
[0m10:39:44.548069 [debug] [Thread-2 (]: Using snowflake connection "snapshot.medical_project.patients_snapshot"
[0m10:39:44.563641 [debug] [Thread-1 (]: Using snowflake connection "snapshot.medical_project.doctors_snapshot"
[0m10:39:44.564666 [debug] [Thread-2 (]: On snapshot.medical_project.patients_snapshot: describe table "MEDICAL_DB"."SNAPSHOTS"."PATIENTS_SNAPSHOT"
/* {"app": "dbt", "dbt_version": "1.10.13", "profile_name": "medical_project", "target_name": "dev", "node_id": "snapshot.medical_project.patients_snapshot"} */
[0m10:39:44.566640 [debug] [Thread-1 (]: On snapshot.medical_project.doctors_snapshot: describe table "MEDICAL_DB"."SNAPSHOTS"."DOCTORS_SNAPSHOT"
/* {"app": "dbt", "dbt_version": "1.10.13", "profile_name": "medical_project", "target_name": "dev", "node_id": "snapshot.medical_project.doctors_snapshot"} */
[0m10:39:44.567640 [debug] [Thread-2 (]: Opening a new connection, currently in state init
[0m10:39:44.568971 [debug] [Thread-1 (]: Opening a new connection, currently in state init
[0m10:39:47.258307 [debug] [Thread-1 (]: SQL status: SUCCESS 21 in 2.702 seconds
[0m10:39:47.351619 [debug] [Thread-2 (]: SQL status: SUCCESS 28 in 2.786 seconds
[0m10:39:47.367244 [debug] [Thread-1 (]: Using snowflake connection "snapshot.medical_project.doctors_snapshot"
[0m10:39:47.383154 [debug] [Thread-2 (]: Using snowflake connection "snapshot.medical_project.patients_snapshot"
[0m10:39:47.398695 [debug] [Thread-1 (]: On snapshot.medical_project.doctors_snapshot: create or replace temporary table "MEDICAL_DB"."SNAPSHOTS"."DOCTORS_SNAPSHOT__dbt_tmp"
as (
    
    
    with snapshot_query as (

        

SELECT * FROM MEDICAL_DB.silver.silver_doctors

    ),

    snapshotted_data as (

        select *, 
    
        doctor_id as dbt_unique_key
    

        from "MEDICAL_DB"."SNAPSHOTS"."DOCTORS_SNAPSHOT"
        where
            
                dbt_valid_to is null
            

    ),

    insertions_source_data as (

        select *, 
    
        doctor_id as dbt_unique_key
    
,
            hired_date as dbt_updated_at,
            hired_date as dbt_valid_from,
            
  
  coalesce(nullif(hired_date, hired_date), null)
  as dbt_valid_to
,
            md5(coalesce(cast(doctor_id as varchar ), '')
         || '|' || coalesce(cast(hired_date as varchar ), '')
        ) as dbt_scd_id

        from snapshot_query
    ),

    updates_source_data as (

        select *, 
    
        doctor_id as dbt_unique_key
    
,
            hired_date as dbt_updated_at,
            hired_date as dbt_valid_from,
            hired_date as dbt_valid_to

        from snapshot_query
    ),

    insertions as (

        select
            'insert' as dbt_change_type,
            source_data.*

        from insertions_source_data as source_data
        left outer join snapshotted_data
            on 
    
        snapshotted_data.dbt_unique_key = source_data.dbt_unique_key
    

            where 
    
        snapshotted_data.dbt_unique_key is null
    

            or (
    
        snapshotted_data.dbt_unique_key is not null
    
 and (
               (snapshotted_data.dbt_valid_from < source_data.hired_date)
            )

        )

    ),

    updates as (

        select
            'update' as dbt_change_type,
            source_data.*,
            snapshotted_data.dbt_scd_id

        from updates_source_data as source_data
        join snapshotted_data
            on 
    
        snapshotted_data.dbt_unique_key = source_data.dbt_unique_key
    

        where (
            (snapshotted_data.dbt_valid_from < source_data.hired_date)
        )
    )

    select * from insertions
    union all
    select * from updates

    )

/* {"app": "dbt", "dbt_version": "1.10.13", "profile_name": "medical_project", "target_name": "dev", "node_id": "snapshot.medical_project.doctors_snapshot"} */;
[0m10:39:47.398695 [debug] [Thread-2 (]: On snapshot.medical_project.patients_snapshot: create or replace temporary table "MEDICAL_DB"."SNAPSHOTS"."PATIENTS_SNAPSHOT__dbt_tmp"
as (
    
    
    with snapshot_query as (

        

SELECT * FROM MEDICAL_DB.silver.silver_patients

    ),

    snapshotted_data as (

        select *, 
    
        patient_id as dbt_unique_key
    

        from "MEDICAL_DB"."SNAPSHOTS"."PATIENTS_SNAPSHOT"
        where
            
                dbt_valid_to is null
            

    ),

    insertions_source_data as (

        select *, 
    
        patient_id as dbt_unique_key
    
,
            updated_at as dbt_updated_at,
            updated_at as dbt_valid_from,
            
  
  coalesce(nullif(updated_at, updated_at), null)
  as dbt_valid_to
,
            md5(coalesce(cast(patient_id as varchar ), '')
         || '|' || coalesce(cast(updated_at as varchar ), '')
        ) as dbt_scd_id

        from snapshot_query
    ),

    updates_source_data as (

        select *, 
    
        patient_id as dbt_unique_key
    
,
            updated_at as dbt_updated_at,
            updated_at as dbt_valid_from,
            updated_at as dbt_valid_to

        from snapshot_query
    ),

    insertions as (

        select
            'insert' as dbt_change_type,
            source_data.*

        from insertions_source_data as source_data
        left outer join snapshotted_data
            on 
    
        snapshotted_data.dbt_unique_key = source_data.dbt_unique_key
    

            where 
    
        snapshotted_data.dbt_unique_key is null
    

            or (
    
        snapshotted_data.dbt_unique_key is not null
    
 and (
               (snapshotted_data.dbt_valid_from < source_data.updated_at)
            )

        )

    ),

    updates as (

        select
            'update' as dbt_change_type,
            source_data.*,
            snapshotted_data.dbt_scd_id

        from updates_source_data as source_data
        join snapshotted_data
            on 
    
        snapshotted_data.dbt_unique_key = source_data.dbt_unique_key
    

        where (
            (snapshotted_data.dbt_valid_from < source_data.updated_at)
        )
    )

    select * from insertions
    union all
    select * from updates

    )

/* {"app": "dbt", "dbt_version": "1.10.13", "profile_name": "medical_project", "target_name": "dev", "node_id": "snapshot.medical_project.patients_snapshot"} */;
[0m10:39:48.392174 [debug] [Thread-2 (]: SQL status: SUCCESS 1 in 0.989 seconds
[0m10:39:48.393224 [debug] [Thread-1 (]: SQL status: SUCCESS 1 in 0.991 seconds
[0m10:39:48.398706 [debug] [Thread-2 (]: Using snowflake connection "snapshot.medical_project.patients_snapshot"
[0m10:39:48.403705 [debug] [Thread-1 (]: Using snowflake connection "snapshot.medical_project.doctors_snapshot"
[0m10:39:48.404697 [debug] [Thread-2 (]: On snapshot.medical_project.patients_snapshot: describe table "MEDICAL_DB"."SNAPSHOTS"."PATIENTS_SNAPSHOT__dbt_tmp"
/* {"app": "dbt", "dbt_version": "1.10.13", "profile_name": "medical_project", "target_name": "dev", "node_id": "snapshot.medical_project.patients_snapshot"} */
[0m10:39:48.405712 [debug] [Thread-1 (]: On snapshot.medical_project.doctors_snapshot: describe table "MEDICAL_DB"."SNAPSHOTS"."DOCTORS_SNAPSHOT__dbt_tmp"
/* {"app": "dbt", "dbt_version": "1.10.13", "profile_name": "medical_project", "target_name": "dev", "node_id": "snapshot.medical_project.doctors_snapshot"} */
[0m10:39:48.532935 [debug] [Thread-2 (]: SQL status: SUCCESS 30 in 0.127 seconds
[0m10:39:48.542603 [debug] [Thread-2 (]: Using snowflake connection "snapshot.medical_project.patients_snapshot"
[0m10:39:48.543815 [debug] [Thread-2 (]: On snapshot.medical_project.patients_snapshot: describe table "MEDICAL_DB"."SNAPSHOTS"."PATIENTS_SNAPSHOT"
/* {"app": "dbt", "dbt_version": "1.10.13", "profile_name": "medical_project", "target_name": "dev", "node_id": "snapshot.medical_project.patients_snapshot"} */
[0m10:39:48.564606 [debug] [Thread-1 (]: SQL status: SUCCESS 23 in 0.171 seconds
[0m10:39:48.581490 [debug] [Thread-1 (]: Using snowflake connection "snapshot.medical_project.doctors_snapshot"
[0m10:39:48.581490 [debug] [Thread-1 (]: On snapshot.medical_project.doctors_snapshot: describe table "MEDICAL_DB"."SNAPSHOTS"."DOCTORS_SNAPSHOT"
/* {"app": "dbt", "dbt_version": "1.10.13", "profile_name": "medical_project", "target_name": "dev", "node_id": "snapshot.medical_project.doctors_snapshot"} */
[0m10:39:48.681354 [debug] [Thread-2 (]: SQL status: SUCCESS 28 in 0.137 seconds
[0m10:39:48.681354 [debug] [Thread-2 (]: Using snowflake connection "snapshot.medical_project.patients_snapshot"
[0m10:39:48.681354 [debug] [Thread-2 (]: On snapshot.medical_project.patients_snapshot: describe table "MEDICAL_DB"."SNAPSHOTS"."PATIENTS_SNAPSHOT__dbt_tmp"
/* {"app": "dbt", "dbt_version": "1.10.13", "profile_name": "medical_project", "target_name": "dev", "node_id": "snapshot.medical_project.patients_snapshot"} */
[0m10:39:48.712223 [debug] [Thread-1 (]: SQL status: SUCCESS 21 in 0.123 seconds
[0m10:39:48.713611 [debug] [Thread-1 (]: Using snowflake connection "snapshot.medical_project.doctors_snapshot"
[0m10:39:48.713611 [debug] [Thread-1 (]: On snapshot.medical_project.doctors_snapshot: describe table "MEDICAL_DB"."SNAPSHOTS"."DOCTORS_SNAPSHOT__dbt_tmp"
/* {"app": "dbt", "dbt_version": "1.10.13", "profile_name": "medical_project", "target_name": "dev", "node_id": "snapshot.medical_project.doctors_snapshot"} */
[0m10:39:48.798222 [debug] [Thread-2 (]: SQL status: SUCCESS 30 in 0.115 seconds
[0m10:39:48.813417 [debug] [Thread-2 (]: Using snowflake connection "snapshot.medical_project.patients_snapshot"
[0m10:39:48.813417 [debug] [Thread-2 (]: On snapshot.medical_project.patients_snapshot: describe table "MEDICAL_DB"."SNAPSHOTS"."PATIENTS_SNAPSHOT"
/* {"app": "dbt", "dbt_version": "1.10.13", "profile_name": "medical_project", "target_name": "dev", "node_id": "snapshot.medical_project.patients_snapshot"} */
[0m10:39:48.813417 [debug] [Thread-1 (]: SQL status: SUCCESS 23 in 0.100 seconds
[0m10:39:48.813417 [debug] [Thread-1 (]: Using snowflake connection "snapshot.medical_project.doctors_snapshot"
[0m10:39:48.830470 [debug] [Thread-1 (]: On snapshot.medical_project.doctors_snapshot: describe table "MEDICAL_DB"."SNAPSHOTS"."DOCTORS_SNAPSHOT"
/* {"app": "dbt", "dbt_version": "1.10.13", "profile_name": "medical_project", "target_name": "dev", "node_id": "snapshot.medical_project.doctors_snapshot"} */
[0m10:39:48.930559 [debug] [Thread-2 (]: SQL status: SUCCESS 28 in 0.114 seconds
[0m10:39:48.946904 [debug] [Thread-2 (]: Using snowflake connection "snapshot.medical_project.patients_snapshot"
[0m10:39:48.946904 [debug] [Thread-1 (]: SQL status: SUCCESS 21 in 0.121 seconds
[0m10:39:48.946904 [debug] [Thread-2 (]: On snapshot.medical_project.patients_snapshot: describe table "MEDICAL_DB"."SNAPSHOTS"."PATIENTS_SNAPSHOT__dbt_tmp"
/* {"app": "dbt", "dbt_version": "1.10.13", "profile_name": "medical_project", "target_name": "dev", "node_id": "snapshot.medical_project.patients_snapshot"} */
[0m10:39:48.946904 [debug] [Thread-1 (]: Using snowflake connection "snapshot.medical_project.doctors_snapshot"
[0m10:39:48.963806 [debug] [Thread-1 (]: On snapshot.medical_project.doctors_snapshot: describe table "MEDICAL_DB"."SNAPSHOTS"."DOCTORS_SNAPSHOT__dbt_tmp"
/* {"app": "dbt", "dbt_version": "1.10.13", "profile_name": "medical_project", "target_name": "dev", "node_id": "snapshot.medical_project.doctors_snapshot"} */
[0m10:39:49.063788 [debug] [Thread-2 (]: SQL status: SUCCESS 30 in 0.111 seconds
[0m10:39:49.113646 [debug] [Thread-2 (]: Using snowflake connection "snapshot.medical_project.patients_snapshot"
[0m10:39:49.113646 [debug] [Thread-1 (]: SQL status: SUCCESS 23 in 0.152 seconds
[0m10:39:49.113646 [debug] [Thread-2 (]: On snapshot.medical_project.patients_snapshot: select * from (
        
    
    with snapshot_query as (

        

SELECT * FROM MEDICAL_DB.silver.silver_patients

    ),

    snapshotted_data as (

        select *, 
    
        patient_id as dbt_unique_key
    

        from "MEDICAL_DB"."SNAPSHOTS"."PATIENTS_SNAPSHOT"
        where
            
                dbt_valid_to is null
            

    ),

    insertions_source_data as (

        select *, 
    
        patient_id as dbt_unique_key
    
,
            updated_at as dbt_updated_at,
            updated_at as dbt_valid_from,
            
  
  coalesce(nullif(updated_at, updated_at), null)
  as dbt_valid_to
,
            md5(coalesce(cast(patient_id as varchar ), '')
         || '|' || coalesce(cast(updated_at as varchar ), '')
        ) as dbt_scd_id

        from snapshot_query
    ),

    updates_source_data as (

        select *, 
    
        patient_id as dbt_unique_key
    
,
            updated_at as dbt_updated_at,
            updated_at as dbt_valid_from,
            updated_at as dbt_valid_to

        from snapshot_query
    ),

    insertions as (

        select
            'insert' as dbt_change_type,
            source_data.*

        from insertions_source_data as source_data
        left outer join snapshotted_data
            on 
    
        snapshotted_data.dbt_unique_key = source_data.dbt_unique_key
    

            where 
    
        snapshotted_data.dbt_unique_key is null
    

            or (
    
        snapshotted_data.dbt_unique_key is not null
    
 and (
               (snapshotted_data.dbt_valid_from < source_data.updated_at)
            )

        )

    ),

    updates as (

        select
            'update' as dbt_change_type,
            source_data.*,
            snapshotted_data.dbt_scd_id

        from updates_source_data as source_data
        join snapshotted_data
            on 
    
        snapshotted_data.dbt_unique_key = source_data.dbt_unique_key
    

        where (
            (snapshotted_data.dbt_valid_from < source_data.updated_at)
        )
    )

    select * from insertions
    union all
    select * from updates

    ) as __dbt_sbq
    where false
    limit 0
/* {"app": "dbt", "dbt_version": "1.10.13", "profile_name": "medical_project", "target_name": "dev", "node_id": "snapshot.medical_project.patients_snapshot"} */
/* {"app": "dbt", "dbt_version": "1.10.13", "profile_name": "medical_project", "target_name": "dev", "node_id": "snapshot.medical_project.patients_snapshot"} */
[0m10:39:49.113646 [debug] [Thread-1 (]: Using snowflake connection "snapshot.medical_project.doctors_snapshot"
[0m10:39:49.129552 [debug] [Thread-1 (]: On snapshot.medical_project.doctors_snapshot: select * from (
        
    
    with snapshot_query as (

        

SELECT * FROM MEDICAL_DB.silver.silver_doctors

    ),

    snapshotted_data as (

        select *, 
    
        doctor_id as dbt_unique_key
    

        from "MEDICAL_DB"."SNAPSHOTS"."DOCTORS_SNAPSHOT"
        where
            
                dbt_valid_to is null
            

    ),

    insertions_source_data as (

        select *, 
    
        doctor_id as dbt_unique_key
    
,
            hired_date as dbt_updated_at,
            hired_date as dbt_valid_from,
            
  
  coalesce(nullif(hired_date, hired_date), null)
  as dbt_valid_to
,
            md5(coalesce(cast(doctor_id as varchar ), '')
         || '|' || coalesce(cast(hired_date as varchar ), '')
        ) as dbt_scd_id

        from snapshot_query
    ),

    updates_source_data as (

        select *, 
    
        doctor_id as dbt_unique_key
    
,
            hired_date as dbt_updated_at,
            hired_date as dbt_valid_from,
            hired_date as dbt_valid_to

        from snapshot_query
    ),

    insertions as (

        select
            'insert' as dbt_change_type,
            source_data.*

        from insertions_source_data as source_data
        left outer join snapshotted_data
            on 
    
        snapshotted_data.dbt_unique_key = source_data.dbt_unique_key
    

            where 
    
        snapshotted_data.dbt_unique_key is null
    

            or (
    
        snapshotted_data.dbt_unique_key is not null
    
 and (
               (snapshotted_data.dbt_valid_from < source_data.hired_date)
            )

        )

    ),

    updates as (

        select
            'update' as dbt_change_type,
            source_data.*,
            snapshotted_data.dbt_scd_id

        from updates_source_data as source_data
        join snapshotted_data
            on 
    
        snapshotted_data.dbt_unique_key = source_data.dbt_unique_key
    

        where (
            (snapshotted_data.dbt_valid_from < source_data.hired_date)
        )
    )

    select * from insertions
    union all
    select * from updates

    ) as __dbt_sbq
    where false
    limit 0
/* {"app": "dbt", "dbt_version": "1.10.13", "profile_name": "medical_project", "target_name": "dev", "node_id": "snapshot.medical_project.doctors_snapshot"} */
/* {"app": "dbt", "dbt_version": "1.10.13", "profile_name": "medical_project", "target_name": "dev", "node_id": "snapshot.medical_project.doctors_snapshot"} */
[0m10:39:49.379048 [debug] [Thread-1 (]: SQL status: SUCCESS 0 in 0.251 seconds
[0m10:39:49.379048 [debug] [Thread-1 (]: Using snowflake connection "snapshot.medical_project.doctors_snapshot"
[0m10:39:49.379048 [debug] [Thread-1 (]: On snapshot.medical_project.doctors_snapshot: select * from (
        select to_timestamp_ntz(convert_timezone('UTC', current_timestamp())) as dbt_snapshot_time
    ) as __dbt_sbq
    where false
    limit 0
/* {"app": "dbt", "dbt_version": "1.10.13", "profile_name": "medical_project", "target_name": "dev", "node_id": "snapshot.medical_project.doctors_snapshot"} */
/* {"app": "dbt", "dbt_version": "1.10.13", "profile_name": "medical_project", "target_name": "dev", "node_id": "snapshot.medical_project.doctors_snapshot"} */
[0m10:39:49.425965 [debug] [Thread-2 (]: SQL status: SUCCESS 0 in 0.305 seconds
[0m10:39:49.425965 [debug] [Thread-2 (]: Using snowflake connection "snapshot.medical_project.patients_snapshot"
[0m10:39:49.425965 [debug] [Thread-2 (]: On snapshot.medical_project.patients_snapshot: select * from (
        select to_timestamp_ntz(convert_timezone('UTC', current_timestamp())) as dbt_snapshot_time
    ) as __dbt_sbq
    where false
    limit 0
/* {"app": "dbt", "dbt_version": "1.10.13", "profile_name": "medical_project", "target_name": "dev", "node_id": "snapshot.medical_project.patients_snapshot"} */
/* {"app": "dbt", "dbt_version": "1.10.13", "profile_name": "medical_project", "target_name": "dev", "node_id": "snapshot.medical_project.patients_snapshot"} */
[0m10:39:49.519996 [debug] [Thread-1 (]: SQL status: SUCCESS 0 in 0.139 seconds
[0m10:39:49.519996 [warn ] [Thread-1 (]: Data type of snapshot table timestamp columns (TIMESTAMP_NTZ) doesn't match derived column 'updated_at' (DATE). Please update snapshot config 'updated_at'.
[0m10:39:49.535296 [debug] [Thread-1 (]: Writing runtime sql for node "snapshot.medical_project.doctors_snapshot"
[0m10:39:49.535296 [debug] [Thread-1 (]: Using snowflake connection "snapshot.medical_project.doctors_snapshot"
[0m10:39:49.535296 [debug] [Thread-1 (]: On snapshot.medical_project.doctors_snapshot: BEGIN
/* {"app": "dbt", "dbt_version": "1.10.13", "profile_name": "medical_project", "target_name": "dev", "node_id": "snapshot.medical_project.doctors_snapshot"} */
[0m10:39:49.535296 [debug] [Thread-2 (]: SQL status: SUCCESS 0 in 0.111 seconds
[0m10:39:49.550938 [debug] [Thread-2 (]: Writing runtime sql for node "snapshot.medical_project.patients_snapshot"
[0m10:39:49.550938 [debug] [Thread-2 (]: Using snowflake connection "snapshot.medical_project.patients_snapshot"
[0m10:39:49.550938 [debug] [Thread-2 (]: On snapshot.medical_project.patients_snapshot: BEGIN
/* {"app": "dbt", "dbt_version": "1.10.13", "profile_name": "medical_project", "target_name": "dev", "node_id": "snapshot.medical_project.patients_snapshot"} */
[0m10:39:49.675936 [debug] [Thread-2 (]: SQL status: SUCCESS 1 in 0.130 seconds
[0m10:39:49.675936 [debug] [Thread-1 (]: SQL status: SUCCESS 1 in 0.148 seconds
[0m10:39:49.675936 [debug] [Thread-2 (]: Using snowflake connection "snapshot.medical_project.patients_snapshot"
[0m10:39:49.691568 [debug] [Thread-1 (]: Using snowflake connection "snapshot.medical_project.doctors_snapshot"
[0m10:39:49.691568 [debug] [Thread-2 (]: On snapshot.medical_project.patients_snapshot: merge into "MEDICAL_DB"."SNAPSHOTS"."PATIENTS_SNAPSHOT" as DBT_INTERNAL_DEST
    using "MEDICAL_DB"."SNAPSHOTS"."PATIENTS_SNAPSHOT__dbt_tmp" as DBT_INTERNAL_SOURCE
    on DBT_INTERNAL_SOURCE.dbt_scd_id = DBT_INTERNAL_DEST.dbt_scd_id

    when matched
     
       and DBT_INTERNAL_DEST.dbt_valid_to is null
     
     and DBT_INTERNAL_SOURCE.dbt_change_type in ('update', 'delete')
        then update
        set dbt_valid_to = DBT_INTERNAL_SOURCE.dbt_valid_to

    when not matched
     and DBT_INTERNAL_SOURCE.dbt_change_type = 'insert'
        then insert ("PATIENT_ID", "FIRST_NAME", "LAST_NAME", "FULL_NAME", "DATE_OF_BIRTH", "AGE", "AGE_GROUP", "SENIOR_STATUS", "GENDER", "BLOOD_TYPE", "BLOOD_TYPE_CATEGORY", "PHONE", "EMAIL", "ADDRESS", "CITY", "STATE", "ZIP_CODE", "INSURANCE_TYPE", "INSURANCE_CATEGORY", "EMERGENCY_CONTACT", "CREATED_AT", "UPDATED_AT", "DBT_LOADED_AT", "DBT_BATCH_ID", "DBT_UPDATED_AT", "DBT_VALID_FROM", "DBT_VALID_TO", "DBT_SCD_ID")
        values ("PATIENT_ID", "FIRST_NAME", "LAST_NAME", "FULL_NAME", "DATE_OF_BIRTH", "AGE", "AGE_GROUP", "SENIOR_STATUS", "GENDER", "BLOOD_TYPE", "BLOOD_TYPE_CATEGORY", "PHONE", "EMAIL", "ADDRESS", "CITY", "STATE", "ZIP_CODE", "INSURANCE_TYPE", "INSURANCE_CATEGORY", "EMERGENCY_CONTACT", "CREATED_AT", "UPDATED_AT", "DBT_LOADED_AT", "DBT_BATCH_ID", "DBT_UPDATED_AT", "DBT_VALID_FROM", "DBT_VALID_TO", "DBT_SCD_ID")


/* {"app": "dbt", "dbt_version": "1.10.13", "profile_name": "medical_project", "target_name": "dev", "node_id": "snapshot.medical_project.patients_snapshot"} */;
[0m10:39:49.691568 [debug] [Thread-1 (]: On snapshot.medical_project.doctors_snapshot: merge into "MEDICAL_DB"."SNAPSHOTS"."DOCTORS_SNAPSHOT" as DBT_INTERNAL_DEST
    using "MEDICAL_DB"."SNAPSHOTS"."DOCTORS_SNAPSHOT__dbt_tmp" as DBT_INTERNAL_SOURCE
    on DBT_INTERNAL_SOURCE.dbt_scd_id = DBT_INTERNAL_DEST.dbt_scd_id

    when matched
     
       and DBT_INTERNAL_DEST.dbt_valid_to is null
     
     and DBT_INTERNAL_SOURCE.dbt_change_type in ('update', 'delete')
        then update
        set dbt_valid_to = DBT_INTERNAL_SOURCE.dbt_valid_to

    when not matched
     and DBT_INTERNAL_SOURCE.dbt_change_type = 'insert'
        then insert ("DOCTOR_ID", "DOCTOR_NAME", "SPECIALTY", "SPECIALTY_CATEGORY", "DEPARTMENT_ID", "PHONE", "EMAIL", "LICENSE_NUMBER", "YEARS_EXPERIENCE", "EXPERIENCE_LEVEL", "CARE_CATEGORY", "IS_ACTIVE", "IS_ACTIVE_FLAG", "HIRED_DATE", "TENURE_YEARS", "DBT_LOADED_AT", "DBT_BATCH_ID", "DBT_UPDATED_AT", "DBT_VALID_FROM", "DBT_VALID_TO", "DBT_SCD_ID")
        values ("DOCTOR_ID", "DOCTOR_NAME", "SPECIALTY", "SPECIALTY_CATEGORY", "DEPARTMENT_ID", "PHONE", "EMAIL", "LICENSE_NUMBER", "YEARS_EXPERIENCE", "EXPERIENCE_LEVEL", "CARE_CATEGORY", "IS_ACTIVE", "IS_ACTIVE_FLAG", "HIRED_DATE", "TENURE_YEARS", "DBT_LOADED_AT", "DBT_BATCH_ID", "DBT_UPDATED_AT", "DBT_VALID_FROM", "DBT_VALID_TO", "DBT_SCD_ID")


/* {"app": "dbt", "dbt_version": "1.10.13", "profile_name": "medical_project", "target_name": "dev", "node_id": "snapshot.medical_project.doctors_snapshot"} */;
[0m10:39:50.167024 [debug] [Thread-2 (]: SQL status: SUCCESS 0 in 0.470 seconds
[0m10:39:50.168023 [debug] [Thread-2 (]: Using snowflake connection "snapshot.medical_project.patients_snapshot"
[0m10:39:50.168023 [debug] [Thread-2 (]: On snapshot.medical_project.patients_snapshot: COMMIT
/* {"app": "dbt", "dbt_version": "1.10.13", "profile_name": "medical_project", "target_name": "dev", "node_id": "snapshot.medical_project.patients_snapshot"} */
[0m10:39:50.246043 [debug] [Thread-1 (]: SQL status: SUCCESS 2 in 0.554 seconds
[0m10:39:50.246043 [debug] [Thread-1 (]: Using snowflake connection "snapshot.medical_project.doctors_snapshot"
[0m10:39:50.246043 [debug] [Thread-1 (]: On snapshot.medical_project.doctors_snapshot: COMMIT
/* {"app": "dbt", "dbt_version": "1.10.13", "profile_name": "medical_project", "target_name": "dev", "node_id": "snapshot.medical_project.doctors_snapshot"} */
[0m10:39:50.371149 [debug] [Thread-2 (]: SQL status: SUCCESS 1 in 0.202 seconds
[0m10:39:50.410982 [debug] [Thread-2 (]: Sending event: {'category': 'dbt', 'action': 'run_model', 'label': 'eaeae00e-f0b2-4521-a332-30d4a58a1c87', 'context': [<snowplow_tracker.self_describing_json.SelfDescribingJson object at 0x000001B0E974C350>]}
[0m10:39:50.412983 [info ] [Thread-2 (]: 2 of 2 OK snapshotted snapshots.patients_snapshot .............................. [[32mSUCCESS 0[0m in 5.99s]
[0m10:39:50.415662 [debug] [Thread-2 (]: Finished running node snapshot.medical_project.patients_snapshot
[0m10:39:50.523934 [debug] [Thread-1 (]: SQL status: SUCCESS 1 in 0.268 seconds
[0m10:39:50.529578 [debug] [Thread-1 (]: Sending event: {'category': 'dbt', 'action': 'run_model', 'label': 'eaeae00e-f0b2-4521-a332-30d4a58a1c87', 'context': [<snowplow_tracker.self_describing_json.SelfDescribingJson object at 0x000001B0EA843CE0>]}
[0m10:39:50.533288 [info ] [Thread-1 (]: 1 of 2 OK snapshotted snapshots.doctors_snapshot ............................... [[32mSUCCESS 2[0m in 6.11s]
[0m10:39:50.535292 [debug] [Thread-1 (]: Finished running node snapshot.medical_project.doctors_snapshot
[0m10:39:50.537271 [debug] [MainThread]: Connection 'master' was properly closed.
[0m10:39:50.538273 [debug] [MainThread]: Connection 'list_MEDICAL_DB' was left open.
[0m10:39:50.539273 [debug] [MainThread]: On list_MEDICAL_DB: Close
[0m10:39:50.722000 [debug] [MainThread]: Connection 'list_MEDICAL_DB_reference' was left open.
[0m10:39:50.723002 [debug] [MainThread]: On list_MEDICAL_DB_reference: Close
[0m10:39:50.901951 [debug] [MainThread]: Connection 'list_MEDICAL_DB_bronze' was left open.
[0m10:39:50.902696 [debug] [MainThread]: On list_MEDICAL_DB_bronze: Close
[0m10:39:51.070770 [debug] [MainThread]: Connection 'list_MEDICAL_DB_gold' was left open.
[0m10:39:51.071993 [debug] [MainThread]: On list_MEDICAL_DB_gold: Close
[0m10:39:51.254089 [debug] [MainThread]: Connection 'snapshot.medical_project.doctors_snapshot' was left open.
[0m10:39:51.255854 [debug] [MainThread]: On snapshot.medical_project.doctors_snapshot: Close
[0m10:39:51.414065 [debug] [MainThread]: Connection 'snapshot.medical_project.patients_snapshot' was left open.
[0m10:39:51.414065 [debug] [MainThread]: On snapshot.medical_project.patients_snapshot: Close
[0m10:39:51.593335 [info ] [MainThread]: 
[0m10:39:51.593335 [info ] [MainThread]: Finished running 2 snapshots in 0 hours 0 minutes and 13.61 seconds (13.61s).
[0m10:39:51.608440 [debug] [MainThread]: Command end result
[0m10:39:51.655327 [debug] [MainThread]: Wrote artifact WritableManifest to C:\Medical_Analytics\Medical_Analytics\target\manifest.json
[0m10:39:51.671303 [debug] [MainThread]: Wrote artifact SemanticManifest to C:\Medical_Analytics\Medical_Analytics\target\semantic_manifest.json
[0m10:39:51.671303 [debug] [MainThread]: Wrote artifact RunExecutionResult to C:\Medical_Analytics\Medical_Analytics\target\run_results.json
[0m10:39:51.671303 [info ] [MainThread]: 
[0m10:39:51.671303 [info ] [MainThread]: [32mCompleted successfully[0m
[0m10:39:51.671303 [info ] [MainThread]: 
[0m10:39:51.686548 [info ] [MainThread]: Done. PASS=2 WARN=0 ERROR=0 SKIP=0 NO-OP=0 TOTAL=2
[0m10:39:51.686548 [debug] [MainThread]: Command `dbt snapshot` succeeded at 10:39:51.686548 after 16.32 seconds
[0m10:39:51.686548 [debug] [MainThread]: Sending event: {'category': 'dbt', 'action': 'invocation', 'label': 'end', 'context': [<snowplow_tracker.self_describing_json.SelfDescribingJson object at 0x000001B0E6EE2DE0>, <snowplow_tracker.self_describing_json.SelfDescribingJson object at 0x000001B0E6CEAE70>, <snowplow_tracker.self_describing_json.SelfDescribingJson object at 0x000001B0E6CE8680>]}
[0m10:39:51.686548 [debug] [MainThread]: Flushing usage events
[0m10:39:53.512787 [debug] [MainThread]: An error was encountered while trying to flush usage events
